[2025-11-20 12:27:46Z INFO HostContext] No proxy settings were found based on environmental variables (http_proxy/https_proxy/HTTP_PROXY/HTTPS_PROXY)
[2025-11-20 12:27:46Z INFO HostContext] Well known directory 'Bin': 'C:\Projects\unity-build-pipeline\actions-runner\bin'
[2025-11-20 12:27:46Z INFO HostContext] Well known directory 'Root': 'C:\Projects\unity-build-pipeline\actions-runner'
[2025-11-20 12:27:46Z INFO HostContext] Well known config file 'Credentials': 'C:\Projects\unity-build-pipeline\actions-runner\.credentials'
[2025-11-20 12:27:46Z INFO HostContext] Well known directory 'Bin': 'C:\Projects\unity-build-pipeline\actions-runner\bin'
[2025-11-20 12:27:46Z INFO HostContext] Well known directory 'Root': 'C:\Projects\unity-build-pipeline\actions-runner'
[2025-11-20 12:27:46Z INFO HostContext] Well known config file 'Runner': 'C:\Projects\unity-build-pipeline\actions-runner\.runner'
[2025-11-20 12:27:46Z INFO Worker] Version: 2.329.0
[2025-11-20 12:27:46Z INFO Worker] Commit: c76c59996c8fa32e989164a5a695efb12608ae5a
[2025-11-20 12:27:46Z INFO Worker] Culture: en-PK
[2025-11-20 12:27:46Z INFO Worker] UI Culture: en-US
[2025-11-20 12:27:46Z INFO Worker] Waiting to receive the job message from the channel.
[2025-11-20 12:27:46Z INFO ProcessChannel] Receiving message of length 22263, with hash 'db1b8eb2364dc90ae4e752a99c0f07d5a2a4c2752f5844c657b4eb2d7f128eba'
[2025-11-20 12:27:46Z INFO Worker] Message received.
[2025-11-20 12:27:47Z INFO Worker] Job message:
 {
  "fileTable": [
    ".github/workflows/unity-build.yml"
  ],
  "mask": [
    {
      "type": "regex",
      "value": "***"
    ***,
    {
      "type": "regex",
      "value": "***"
    ***,
    {
      "type": "regex",
      "value": "***"
    ***,
    {
      "type": "regex",
      "value": "***"
    ***,
    {
      "type": "regex",
      "value": "***"
    ***,
    {
      "type": "regex",
      "value": "***"
    ***,
    {
      "type": "regex",
      "value": "***"
    ***,
    {
      "type": "regex",
      "value": "***"
    ***,
    {
      "type": "regex",
      "value": "***"
    ***,
    {
      "type": "regex",
      "value": "***"
    ***,
    {
      "type": "regex",
      "value": "***"
    ***,
    {
      "type": "regex",
      "value": "***"
    ***,
    {
      "type": "regex",
      "value": "***"
    ***,
    {
      "type": "regex",
      "value": "***"
    ***,
    {
      "type": "regex",
      "value": "***"
    ***,
    {
      "type": "regex",
      "value": "***"
    ***,
    {
      "type": "regex",
      "value": "***"
    ***,
    {
      "type": "regex",
      "value": "***"
    ***
  ],
  "steps": [
    {
      "type": "action",
      "reference": {
        "type": "repository",
        "name": "actions/checkout",
        "ref": "v4",
        "repositoryType": "GitHub"
      ***,
      "displayNameToken": {
        "type": 0,
        "file": 1,
        "line": 11,
        "col": 15,
        "lit": "Checkout repo with private submodule authentication"
      ***,
      "contextName": "__actions_checkout",
      "inputs": {
        "type": 2,
        "file": 1,
        "line": 14,
        "col": 11,
        "map": [
          {
            "key": {
              "type": 0,
              "file": 1,
              "line": 14,
              "col": 11,
              "lit": "token"
            ***,
            "value": {
              "type": 3,
              "file": 1,
              "line": 14,
              "col": 18,
              "expr": "secrets.PRIVATE_REPO_ACCESS_TOKEN"
            ***
          ***,
          {
            "key": {
              "type": 0,
              "file": 1,
              "line": 15,
              "col": 11,
              "lit": "submodules"
            ***,
            "value": {
              "type": 0,
              "file": 1,
              "line": 15,
              "col": 23,
              "lit": "true"
            ***
          ***,
          {
            "key": {
              "type": 0,
              "file": 1,
              "line": 16,
              "col": 11,
              "lit": "persist-credentials"
            ***,
            "value": {
              "type": 0,
              "file": 1,
              "line": 16,
              "col": 32,
              "lit": "true"
            ***
          ***
        ]
      ***,
      "condition": "success()",
      "id": "35ce219f-90f8-4ccf-aeb4-37878bf65cbb",
      "name": "__actions_checkout"
    ***,
    {
      "type": "action",
      "reference": {
        "type": "script"
      ***,
      "displayNameToken": {
        "type": 0,
        "file": 1,
        "line": 18,
        "col": 15,
        "lit": "Run Unity Build"
      ***,
      "contextName": "__run",
      "inputs": {
        "type": 2,
        "map": [
          {
            "key": "script",
            "value": {
              "type": 0,
              "file": 1,
              "line": 20,
              "col": 14,
              "lit": "call C:\\Users\\Aaron\\Desktop\\Builds\\TestBuildAndroid.bat"
            ***
          ***,
          {
            "key": "shell",
            "value": {
              "type": 0,
              "file": 1,
              "line": 19,
              "col": 16,
              "lit": "cmd"
            ***
          ***
        ]
      ***,
      "condition": "success()",
      "id": "43bb408b-c03f-49f1-85d3-dc99ae6bdba9",
      "name": "__run"
    ***,
    {
      "type": "action",
      "reference": {
        "type": "script"
      ***,
      "displayNameToken": {
        "type": 0,
        "file": 1,
        "line": 22,
        "col": 15,
        "lit": "Upload build to Google Drive"
      ***,
      "contextName": "__run_2",
      "environment": {
        "type": 2,
        "file": 1,
        "line": 25,
        "col": 11,
        "map": [
          {
            "key": {
              "type": 0,
              "file": 1,
              "line": 25,
              "col": 11,
              "lit": "RCLONE_CONFIG_GDRIVE_TOKEN"
            ***,
            "value": {
              "type": 3,
              "file": 1,
              "line": 25,
              "col": 39,
              "expr": "secrets.RCLONE_GDRIVE_TOKEN"
            ***
          ***
        ]
      ***,
      "inputs": {
        "type": 2,
        "map": [
          {
            "key": "script",
            "value": {
              "type": 0,
              "file": 1,
              "line": 26,
              "col": 14,
              "lit": "C:\\rclone\\rclone.exe copy \"C:\\Users\\Aaron\\Desktop\\Builds\\Builds\" gdrive:/ --drive-root-folder-id 1bI--U7S70jspBkr7cgY8IBMkFAZqzkoM --progress"
            ***
          ***,
          {
            "key": "shell",
            "value": {
              "type": 0,
              "file": 1,
              "line": 23,
              "col": 16,
              "lit": "cmd"
            ***
          ***
        ]
      ***,
      "condition": "success()",
      "id": "76444c05-3082-4971-af8d-410b8d2f89c3",
      "name": "__run_2"
    ***,
    {
      "type": "action",
      "reference": {
        "type": "repository",
        "name": "rtCamp/action-slack-notify",
        "ref": "v2",
        "repositoryType": "GitHub"
      ***,
      "displayNameToken": {
        "type": 0,
        "file": 1,
        "line": 28,
        "col": 15,
        "lit": "Slack Notification Success"
      ***,
      "contextName": "__rtCamp_action-slack-notify",
      "environment": {
        "type": 2,
        "file": 1,
        "line": 32,
        "col": 11,
        "map": [
          {
            "key": {
              "type": 0,
              "file": 1,
              "line": 32,
              "col": 11,
              "lit": "SLACK_WEBHOOK"
            ***,
            "value": {
              "type": 3,
              "file": 1,
              "line": 32,
              "col": 26,
              "expr": "secrets.SLACK_WEBHOOK_URL"
            ***
          ***,
          {
            "key": {
              "type": 0,
              "file": 1,
              "line": 33,
              "col": 11,
              "lit": "MSG_PRETEXT"
            ***,
            "value": {
              "type": 0,
              "file": 1,
              "line": 33,
              "col": 24,
              "lit": "✅ BUILD & UPLOAD SUCCESS"
            ***
          ***,
          {
            "key": {
              "type": 0,
              "file": 1,
              "line": 34,
              "col": 11,
              "lit": "MSG_COLOR"
            ***,
            "value": {
              "type": 0,
              "file": 1,
              "line": 34,
              "col": 22,
              "lit": "good"
            ***
          ***,
          {
            "key": {
              "type": 0,
              "file": 1,
              "line": 35,
              "col": 11,
              "lit": "SLACK_MESSAGE"
            ***,
            "value": {
              "type": 3,
              "file": 1,
              "line": 35,
              "col": 26,
              "expr": "format('*Workflow:* `{0***`\n*Result:* *Success*\n*Branch:* `{1***`\n<{2***/{3***/actions/runs/{4***|:mag: View Full Log on GitHub>\n', github.workflow, github.ref_name, github.server_url, github.repository, github.run_id)"
            ***
          ***
        ]
      ***,
      "condition": "success()",
      "id": "c3bbae0a-fec0-4cab-a955-3341fcf3efbd",
      "name": "__rtCamp_action-slack-notify"
    ***,
    {
      "type": "action",
      "reference": {
        "type": "repository",
        "name": "rtCamp/action-slack-notify",
        "ref": "v2",
        "repositoryType": "GitHub"
      ***,
      "displayNameToken": {
        "type": 0,
        "file": 1,
        "line": 41,
        "col": 15,
        "lit": "Slack Notification Failure"
      ***,
      "contextName": "__rtCamp_action-slack-notify_2",
      "environment": {
        "type": 2,
        "file": 1,
        "line": 45,
        "col": 11,
        "map": [
          {
            "key": {
              "type": 0,
              "file": 1,
              "line": 45,
              "col": 11,
              "lit": "SLACK_WEBHOOK"
            ***,
            "value": {
              "type": 3,
              "file": 1,
              "line": 45,
              "col": 26,
              "expr": "secrets.SLACK_WEBHOOK_URL"
            ***
          ***,
          {
            "key": {
              "type": 0,
              "file": 1,
              "line": 46,
              "col": 11,
              "lit": "MSG_PRETEXT"
            ***,
            "value": {
              "type": 0,
              "file": 1,
              "line": 46,
              "col": 24,
              "lit": "❌ BUILD OR UPLOAD FAILED"
            ***
          ***,
          {
            "key": {
              "type": 0,
              "file": 1,
              "line": 47,
              "col": 11,
              "lit": "MSG_COLOR"
            ***,
            "value": {
              "type": 0,
              "file": 1,
              "line": 47,
              "col": 22,
              "lit": "danger"
            ***
          ***,
          {
            "key": {
              "type": 0,
              "file": 1,
              "line": 48,
              "col": 11,
              "lit": "SLACK_MESSAGE"
            ***,
            "value": {
              "type": 3,
              "file": 1,
              "line": 48,
              "col": 26,
              "expr": "format('*Workflow:* `{0***`\n*Result:* *Failed*\n*Branch:* `{1***`\n<{2***/{3***/actions/runs/{4***|:mag: View Full Log on GitHub>\n', github.workflow, github.ref_name, github.server_url, github.repository, github.run_id)"
            ***
          ***
        ]
      ***,
      "condition": "failure()",
      "id": "f8a7d9d5-7d60-4f97-b155-80f34c7006ce",
      "name": "__rtCamp_action-slack-notify_2"
    ***
  ],
  "variables": {
    "ACTIONS_RUNNER_DEBUG": {
      "value": "true",
      "isSecret": true
    ***,
    "ACTIONS_STEP_DEBUG": {
      "value": "true",
      "isSecret": true
    ***,
    "Actions.EnableHttpRedirects": {
      "value": "true"
    ***,
    "DistributedTask.AddWarningToNode12Action": {
      "value": "true"
    ***,
    "DistributedTask.AddWarningToNode16Action": {
      "value": "true"
    ***,
    "DistributedTask.AllowRunnerContainerHooks": {
      "value": "true"
    ***,
    "DistributedTask.DeprecateStepOutputCommands": {
      "value": "true"
    ***,
    "DistributedTask.DetailUntarFailure": {
      "value": "true"
    ***,
    "DistributedTask.EnableCompositeActions": {
      "value": "true"
    ***,
    "DistributedTask.EnableJobServerQueueTelemetry": {
      "value": "true"
    ***,
    "DistributedTask.EnhancedAnnotations": {
      "value": "true"
    ***,
    "DistributedTask.ForceGithubJavascriptActionsToNode16": {
      "value": "true"
    ***,
    "DistributedTask.ForceGithubJavascriptActionsToNode20": {
      "value": "true"
    ***,
    "DistributedTask.LogTemplateErrorsAsDebugMessages": {
      "value": "true"
    ***,
    "DistributedTask.MarkJobAsFailedOnWorkerCrash": {
      "value": "true"
    ***,
    "DistributedTask.NewActionMetadata": {
      "value": "true"
    ***,
    "DistributedTask.UploadStepSummary": {
      "value": "true"
    ***,
    "DistributedTask.UseActionArchiveCache": {
      "value": "true"
    ***,
    "DistributedTask.UseWhich2": {
      "value": "true"
    ***,
    "PRIVATE_REPO_ACCESS_TOKEN": {
      "value": "***",
      "isSecret": true
    ***,
    "RCLONE_GDRIVE_TOKEN": {
      "value": "***",
      "isSecret": true
    ***,
    "RunService.FixEmbeddedIssues": {
      "value": "true"
    ***,
    "SLACK_WEBHOOK_URL": {
      "value": "***",
      "isSecret": true
    ***,
    "actions_add_check_run_id_to_job_context": {
      "value": "true"
    ***,
    "actions_container_action_runner_temp": {
      "value": "false"
    ***,
    "actions_display_helpful_actions_download_errors": {
      "value": "true"
    ***,
    "actions_skip_retry_complete_job_upon_known_errors": {
      "value": "true"
    ***,
    "actions_uses_cache_service_v2": {
      "value": "true"
    ***,
    "github_token": {
      "value": "***",
      "isSecret": true
    ***,
    "system.from_run_service": {
      "value": "true"
    ***,
    "system.github.job": {
      "value": "build"
    ***,
    "system.github.launch_endpoint": {
      "value": "https://launch.actions.githubusercontent.com"
    ***,
    "system.github.results_endpoint": {
      "value": "https://results-receiver.actions.githubusercontent.com/"
    ***,
    "system.github.results_upload_with_sdk": {
      "value": "true"
    ***,
    "system.github.token": {
      "value": "***",
      "isSecret": true
    ***,
    "system.github.token.permissions": {
      "value": "{\"Contents\":\"read\",\"Metadata\":\"read\",\"Packages\":\"read\"***"
    ***,
    "system.orchestrationId": {
      "value": "6f069646-a9b8-427f-8a25-e9f21d65f8df.build.__default"
    ***,
    "system.phaseDisplayName": {
      "value": "build"
    ***,
    "system.runner.lowdiskspacethreshold": {
      "value": "100"
    ***,
    "system.runnerEnvironment": {
      "value": "self-hosted"
    ***,
    "system.runnerGroupName": {
      "value": "Default"
    ***
  ***,
  "messageType": "RunnerJobRequest",
  "plan": {
    "scopeIdentifier": "00000000-0000-0000-0000-000000000000",
    "planType": "actions",
    "version": 0,
    "planId": "6f069646-a9b8-427f-8a25-e9f21d65f8df",
    "planGroup": null,
    "artifactUri": null,
    "artifactLocation": null,
    "definition": null,
    "owner": null
  ***,
  "timeline": {
    "id": "6f069646-a9b8-427f-8a25-e9f21d65f8df",
    "changeId": 0,
    "location": null
  ***,
  "jobId": "6f5e59ed-27d1-5e67-a132-f35040768d29",
  "jobDisplayName": "build",
  "jobName": "__default",
  "requestId": 0,
  "lockedUntil": "0001-01-01T00:00:00",
  "resources": {
    "endpoints": [
      {
        "data": {
          "ServerId": "",
          "ServerName": "",
          "CacheServerUrl": "https://artifactcache.actions.githubusercontent.com/vSVftLgodSJ2diePV08cjkEtdQyiOueGsCbkZNPWZuZoHP3cDj/",
          "FeedStreamUrl": "wss://results-receiver.actions.githubusercontent.com/_ws/ingest.sock",
          "ResultsServiceUrl": "https://results-receiver.actions.githubusercontent.com/",
          "PipelinesServiceUrl": "https://pipelinesghubeus15.actions.githubusercontent.com/vSVftLgodSJ2diePV08cjkEtdQyiOueGsCbkZNPWZuZoHP3cDj/",
          "GenerateIdTokenUrl": ""
        ***,
        "name": "SystemVssConnection",
        "url": "https://run-actions-1-azure-eastus.actions.githubusercontent.com/106/",
        "authorization": {
          "parameters": {
            "AccessToken": "***"
          ***,
          "scheme": "OAuth"
        ***,
        "isShared": false,
        "isReady": true
      ***
    ]
  ***,
  "contextData": {
    "github": {
      "t": 2,
      "d": [
        {
          "k": "ref",
          "v": "refs/heads/main"
        ***,
        {
          "k": "sha",
          "v": "013252e8531ec147e19f66d18163d81823873a2f"
        ***,
        {
          "k": "repository",
          "v": "AliAhmad1600/unity-build-pipeline"
        ***,
        {
          "k": "repository_owner",
          "v": "AliAhmad1600"
        ***,
        {
          "k": "repository_owner_id",
          "v": "167503690"
        ***,
        {
          "k": "repositoryUrl",
          "v": "git://github.com/AliAhmad1600/unity-build-pipeline.git"
        ***,
        {
          "k": "run_id",
          "v": "19534689729"
        ***,
        {
          "k": "run_number",
          "v": "29"
        ***,
        {
          "k": "retention_days",
          "v": "90"
        ***,
        {
          "k": "run_attempt",
          "v": "6"
        ***,
        {
          "k": "artifact_cache_size_limit",
          "v": "10"
        ***,
        {
          "k": "repository_visibility",
          "v": "public"
        ***,
        {
          "k": "actor_id",
          "v": "167503690"
        ***,
        {
          "k": "actor",
          "v": "AliAhmad1600"
        ***,
        {
          "k": "workflow",
          "v": "Unity Build and Upload"
        ***,
        {
          "k": "head_ref",
          "v": ""
        ***,
        {
          "k": "base_ref",
          "v": ""
        ***,
        {
          "k": "event_name",
          "v": "workflow_dispatch"
        ***,
        {
          "k": "server_url",
          "v": "https://github.com"
        ***,
        {
          "k": "api_url",
          "v": "https://api.github.com"
        ***,
        {
          "k": "graphql_url",
          "v": "https://api.github.com/graphql"
        ***,
        {
          "k": "ref_name",
          "v": "main"
        ***,
        {
          "k": "ref_protected",
          "v": false
        ***,
        {
          "k": "ref_type",
          "v": "branch"
        ***,
        {
          "k": "secret_source",
          "v": "Actions"
        ***,
        {
          "k": "event",
          "v": {
            "t": 2,
            "d": [
              {
                "k": "inputs",
                "v": null
              ***,
              {
                "k": "ref",
                "v": "refs/heads/main"
              ***,
              {
                "k": "repository",
                "v": {
                  "t": 2,
                  "d": [
                    {
                      "k": "allow_forking",
                      "v": true
                    ***,
                    {
                      "k": "archive_url",
                      "v": "https://api.github.com/repos/AliAhmad1600/unity-build-pipeline/{archive_format***{/ref***"
                    ***,
                    {
                      "k": "archived",
                      "v": false
                    ***,
                    {
                      "k": "assignees_url",
                      "v": "https://api.github.com/repos/AliAhmad1600/unity-build-pipeline/assignees{/user***"
                    ***,
                    {
                      "k": "blobs_url",
                      "v": "https://api.github.com/repos/AliAhmad1600/unity-build-pipeline/git/blobs{/sha***"
                    ***,
                    {
                      "k": "branches_url",
                      "v": "https://api.github.com/repos/AliAhmad1600/unity-build-pipeline/branches{/branch***"
                    ***,
                    {
                      "k": "clone_url",
                      "v": "https://github.com/AliAhmad1600/unity-build-pipeline.git"
                    ***,
                    {
                      "k": "collaborators_url",
                      "v": "https://api.github.com/repos/AliAhmad1600/unity-build-pipeline/collaborators{/collaborator***"
                    ***,
                    {
                      "k": "comments_url",
                      "v": "https://api.github.com/repos/AliAhmad1600/unity-build-pipeline/comments{/number***"
                    ***,
                    {
                      "k": "commits_url",
                      "v": "https://api.github.com/repos/AliAhmad1600/unity-build-pipeline/commits{/sha***"
                    ***,
                    {
                      "k": "compare_url",
                      "v": "https://api.github.com/repos/AliAhmad1600/unity-build-pipeline/compare/{base***...{head***"
                    ***,
                    {
                      "k": "contents_url",
                      "v": "https://api.github.com/repos/AliAhmad1600/unity-build-pipeline/contents/{+path***"
                    ***,
                    {
                      "k": "contributors_url",
                      "v": "https://api.github.com/repos/AliAhmad1600/unity-build-pipeline/contributors"
                    ***,
                    {
                      "k": "created_at",
                      "v": "2025-11-11T11:30:32Z"
                    ***,
                    {
                      "k": "default_branch",
                      "v": "main"
                    ***,
                    {
                      "k": "deployments_url",
                      "v": "https://api.github.com/repos/AliAhmad1600/unity-build-pipeline/deployments"
                    ***,
                    {
                      "k": "description",
                      "v": "its build pipeline that is publicly available."
                    ***,
                    {
                      "k": "disabled",
                      "v": false
                    ***,
                    {
                      "k": "downloads_url",
                      "v": "https://api.github.com/repos/AliAhmad1600/unity-build-pipeline/downloads"
                    ***,
                    {
                      "k": "events_url",
                      "v": "https://api.github.com/repos/AliAhmad1600/unity-build-pipeline/events"
                    ***,
                    {
                      "k": "fork",
                      "v": false
                    ***,
                    {
                      "k": "forks",
                      "v": 0.0
                    ***,
                    {
                      "k": "forks_count",
                      "v": 0.0
                    ***,
                    {
                      "k": "forks_url",
                      "v": "https://api.github.com/repos/AliAhmad1600/unity-build-pipeline/forks"
                    ***,
                    {
                      "k": "full_name",
                      "v": "AliAhmad1600/unity-build-pipeline"
                    ***,
                    {
                      "k": "git_commits_url",
                      "v": "https://api.github.com/repos/AliAhmad1600/unity-build-pipeline/git/commits{/sha***"
                    ***,
                    {
                      "k": "git_refs_url",
                      "v": "https://api.github.com/repos/AliAhmad1600/unity-build-pipeline/git/refs{/sha***"
                    ***,
                    {
                      "k": "git_tags_url",
                      "v": "https://api.github.com/repos/AliAhmad1600/unity-build-pipeline/git/tags{/sha***"
                    ***,
                    {
                      "k": "git_url",
                      "v": "git://github.com/AliAhmad1600/unity-build-pipeline.git"
                    ***,
                    {
                      "k": "has_discussions",
                      "v": false
                    ***,
                    {
                      "k": "has_downloads",
                      "v": true
                    ***,
                    {
                      "k": "has_issues",
                      "v": true
                    ***,
                    {
                      "k": "has_pages",
                      "v": false
                    ***,
                    {
                      "k": "has_projects",
                      "v": true
                    ***,
                    {
                      "k": "has_wiki",
                      "v": true
                    ***,
                    {
                      "k": "homepage",
                      "v": null
                    ***,
                    {
                      "k": "hooks_url",
                      "v": "https://api.github.com/repos/AliAhmad1600/unity-build-pipeline/hooks"
                    ***,
                    {
                      "k": "html_url",
                      "v": "https://github.com/AliAhmad1600/unity-build-pipeline"
                    ***,
                    {
                      "k": "id",
                      "v": 1094189050.0
                    ***,
                    {
                      "k": "is_template",
                      "v": false
                    ***,
                    {
                      "k": "issue_comment_url",
                      "v": "https://api.github.com/repos/AliAhmad1600/unity-build-pipeline/issues/comments{/number***"
                    ***,
                    {
                      "k": "issue_events_url",
                      "v": "https://api.github.com/repos/AliAhmad1600/unity-build-pipeline/issues/events{/number***"
                    ***,
                    {
                      "k": "issues_url",
                      "v": "https://api.github.com/repos/AliAhmad1600/unity-build-pipeline/issues{/number***"
                    ***,
                    {
                      "k": "keys_url",
                      "v": "https://api.github.com/repos/AliAhmad1600/unity-build-pipeline/keys{/key_id***"
                    ***,
                    {
                      "k": "labels_url",
                      "v": "https://api.github.com/repos/AliAhmad1600/unity-build-pipeline/labels{/name***"
                    ***,
                    {
                      "k": "language",
                      "v": "JavaScript"
                    ***,
                    {
                      "k": "languages_url",
                      "v": "https://api.github.com/repos/AliAhmad1600/unity-build-pipeline/languages"
                    ***,
                    {
                      "k": "license",
                      "v": null
                    ***,
                    {
                      "k": "merges_url",
                      "v": "https://api.github.com/repos/AliAhmad1600/unity-build-pipeline/merges"
                    ***,
                    {
                      "k": "milestones_url",
                      "v": "https://api.github.com/repos/AliAhmad1600/unity-build-pipeline/milestones{/number***"
                    ***,
                    {
                      "k": "mirror_url",
                      "v": null
                    ***,
                    {
                      "k": "name",
                      "v": "unity-build-pipeline"
                    ***,
                    {
                      "k": "node_id",
                      "v": "R_kgDOQTf_-g"
                    ***,
                    {
                      "k": "notifications_url",
                      "v": "https://api.github.com/repos/AliAhmad1600/unity-build-pipeline/notifications{?since,all,participating***"
                    ***,
                    {
                      "k": "open_issues",
                      "v": 0.0
                    ***,
                    {
                      "k": "open_issues_count",
                      "v": 0.0
                    ***,
                    {
                      "k": "owner",
                      "v": {
                        "t": 2,
                        "d": [
                          {
                            "k": "avatar_url",
                            "v": "https://avatars.githubusercontent.com/u/167503690?v=4"
                          ***,
                          {
                            "k": "events_url",
                            "v": "https://api.github.com/users/AliAhmad1600/events{/privacy***"
                          ***,
                          {
                            "k": "followers_url",
                            "v": "https://api.github.com/users/AliAhmad1600/followers"
                          ***,
                          {
                            "k": "following_url",
                            "v": "https://api.github.com/users/AliAhmad1600/following{/other_user***"
                          ***,
                          {
                            "k": "gists_url",
                            "v": "https://api.github.com/users/AliAhmad1600/gists{/gist_id***"
                          ***,
                          {
                            "k": "gravatar_id",
                            "v": ""
                          ***,
                          {
                            "k": "html_url",
                            "v": "https://github.com/AliAhmad1600"
                          ***,
                          {
                            "k": "id",
                            "v": 167503690.0
                          ***,
                          {
                            "k": "login",
                            "v": "AliAhmad1600"
                          ***,
                          {
                            "k": "node_id",
                            "v": "U_kgDOCfvnSg"
                          ***,
                          {
                            "k": "organizations_url",
                            "v": "https://api.github.com/users/AliAhmad1600/orgs"
                          ***,
                          {
                            "k": "received_events_url",
                            "v": "https://api.github.com/users/AliAhmad1600/received_events"
                          ***,
                          {
                            "k": "repos_url",
                            "v": "https://api.github.com/users/AliAhmad1600/repos"
                          ***,
                          {
                            "k": "site_admin",
                            "v": false
                          ***,
                          {
                            "k": "starred_url",
                            "v": "https://api.github.com/users/AliAhmad1600/starred{/owner***{/repo***"
                          ***,
                          {
                            "k": "subscriptions_url",
                            "v": "https://api.github.com/users/AliAhmad1600/subscriptions"
                          ***,
                          {
                            "k": "type",
                            "v": "User"
                          ***,
                          {
                            "k": "url",
                            "v": "https://api.github.com/users/AliAhmad1600"
                          ***,
                          {
                            "k": "user_view_type",
                            "v": "public"
                          ***
                        ]
                      ***
                    ***,
                    {
                      "k": "private",
                      "v": false
                    ***,
                    {
                      "k": "pulls_url",
                      "v": "https://api.github.com/repos/AliAhmad1600/unity-build-pipeline/pulls{/number***"
                    ***,
                    {
                      "k": "pushed_at",
                      "v": "2025-11-20T11:03:20Z"
                    ***,
                    {
                      "k": "releases_url",
                      "v": "https://api.github.com/repos/AliAhmad1600/unity-build-pipeline/releases{/id***"
                    ***,
                    {
                      "k": "size",
                      "v": 176043.0
                    ***,
                    {
                      "k": "ssh_url",
                      "v": "git@github.com:AliAhmad1600/unity-build-pipeline.git"
                    ***,
                    {
                      "k": "stargazers_count",
                      "v": 0.0
                    ***,
                    {
                      "k": "stargazers_url",
                      "v": "https://api.github.com/repos/AliAhmad1600/unity-build-pipeline/stargazers"
                    ***,
                    {
                      "k": "statuses_url",
                      "v": "https://api.github.com/repos/AliAhmad1600/unity-build-pipeline/statuses/{sha***"
                    ***,
                    {
                      "k": "subscribers_url",
                      "v": "https://api.github.com/repos/AliAhmad1600/unity-build-pipeline/subscribers"
                    ***,
                    {
                      "k": "subscription_url",
                      "v": "https://api.github.com/repos/AliAhmad1600/unity-build-pipeline/subscription"
                    ***,
                    {
                      "k": "svn_url",
                      "v": "https://github.com/AliAhmad1600/unity-build-pipeline"
                    ***,
                    {
                      "k": "tags_url",
                      "v": "https://api.github.com/repos/AliAhmad1600/unity-build-pipeline/tags"
                    ***,
                    {
                      "k": "teams_url",
                      "v": "https://api.github.com/repos/AliAhmad1600/unity-build-pipeline/teams"
                    ***,
                    {
                      "k": "topics",
                      "v": {
                        "t": 1
                      ***
                    ***,
                    {
                      "k": "trees_url",
                      "v": "https://api.github.com/repos/AliAhmad1600/unity-build-pipeline/git/trees{/sha***"
                    ***,
                    {
                      "k": "updated_at",
                      "v": "2025-11-20T11:03:24Z"
                    ***,
                    {
                      "k": "url",
                      "v": "https://api.github.com/repos/AliAhmad1600/unity-build-pipeline"
                    ***,
                    {
                      "k": "visibility",
                      "v": "public"
                    ***,
                    {
                      "k": "watchers",
                      "v": 0.0
                    ***,
                    {
                      "k": "watchers_count",
                      "v": 0.0
                    ***,
                    {
                      "k": "web_commit_signoff_required",
                      "v": false
                    ***
                  ]
                ***
              ***,
              {
                "k": "sender",
                "v": {
                  "t": 2,
                  "d": [
                    {
                      "k": "avatar_url",
                      "v": "https://avatars.githubusercontent.com/u/167503690?v=4"
                    ***,
                    {
                      "k": "events_url",
                      "v": "https://api.github.com/users/AliAhmad1600/events{/privacy***"
                    ***,
                    {
                      "k": "followers_url",
                      "v": "https://api.github.com/users/AliAhmad1600/followers"
                    ***,
                    {
                      "k": "following_url",
                      "v": "https://api.github.com/users/AliAhmad1600/following{/other_user***"
                    ***,
                    {
                      "k": "gists_url",
                      "v": "https://api.github.com/users/AliAhmad1600/gists{/gist_id***"
                    ***,
                    {
                      "k": "gravatar_id",
                      "v": ""
                    ***,
                    {
                      "k": "html_url",
                      "v": "https://github.com/AliAhmad1600"
                    ***,
                    {
                      "k": "id",
                      "v": 167503690.0
                    ***,
                    {
                      "k": "login",
                      "v": "AliAhmad1600"
                    ***,
                    {
                      "k": "node_id",
                      "v": "U_kgDOCfvnSg"
                    ***,
                    {
                      "k": "organizations_url",
                      "v": "https://api.github.com/users/AliAhmad1600/orgs"
                    ***,
                    {
                      "k": "received_events_url",
                      "v": "https://api.github.com/users/AliAhmad1600/received_events"
                    ***,
                    {
                      "k": "repos_url",
                      "v": "https://api.github.com/users/AliAhmad1600/repos"
                    ***,
                    {
                      "k": "site_admin",
                      "v": false
                    ***,
                    {
                      "k": "starred_url",
                      "v": "https://api.github.com/users/AliAhmad1600/starred{/owner***{/repo***"
                    ***,
                    {
                      "k": "subscriptions_url",
                      "v": "https://api.github.com/users/AliAhmad1600/subscriptions"
                    ***,
                    {
                      "k": "type",
                      "v": "User"
                    ***,
                    {
                      "k": "url",
                      "v": "https://api.github.com/users/AliAhmad1600"
                    ***,
                    {
                      "k": "user_view_type",
                      "v": "public"
                    ***
                  ]
                ***
              ***,
              {
                "k": "workflow",
                "v": ".github/workflows/unity-build.yml"
              ***
            ]
          ***
        ***,
        {
          "k": "workflow_ref",
          "v": "AliAhmad1600/unity-build-pipeline/.github/workflows/unity-build.yml@refs/heads/main"
        ***,
        {
          "k": "workflow_sha",
          "v": "013252e8531ec147e19f66d18163d81823873a2f"
        ***,
        {
          "k": "repository_id",
          "v": "1094189050"
        ***,
        {
          "k": "triggering_actor",
          "v": "AliAhmad1600"
        ***
      ]
    ***,
    "inputs": {
      "t": 2
    ***,
    "job": {
      "t": 2,
      "d": [
        {
          "k": "check_run_id",
          "v": 55932953518.0
        ***
      ]
    ***,
    "matrix": null,
    "needs": {
      "t": 2
    ***,
    "strategy": {
      "t": 2,
      "d": [
        {
          "k": "fail-fast",
          "v": true
        ***,
        {
          "k": "job-index",
          "v": 0.0
        ***,
        {
          "k": "job-total",
          "v": 1.0
        ***,
        {
          "k": "max-parallel",
          "v": 1.0
        ***
      ]
    ***,
    "vars": {
      "t": 2
    ***
  ***,
  "billingOwnerId": "U_kgDOCfvnSg"
***
[2025-11-20 12:27:47Z INFO JobRunner] Job ID 6f5e59ed-27d1-5e67-a132-f35040768d29
[2025-11-20 12:27:47Z INFO ConfigurationStore] currentAssemblyLocation: C:\Projects\unity-build-pipeline\actions-runner\bin\Runner.Worker.dll
[2025-11-20 12:27:47Z INFO HostContext] Well known directory 'Bin': 'C:\Projects\unity-build-pipeline\actions-runner\bin'
[2025-11-20 12:27:47Z INFO ConfigurationStore] binPath: C:\Projects\unity-build-pipeline\actions-runner\bin
[2025-11-20 12:27:47Z INFO HostContext] Well known directory 'Bin': 'C:\Projects\unity-build-pipeline\actions-runner\bin'
[2025-11-20 12:27:47Z INFO HostContext] Well known directory 'Root': 'C:\Projects\unity-build-pipeline\actions-runner'
[2025-11-20 12:27:47Z INFO ConfigurationStore] RootFolder: C:\Projects\unity-build-pipeline\actions-runner
[2025-11-20 12:27:47Z INFO HostContext] Well known directory 'Bin': 'C:\Projects\unity-build-pipeline\actions-runner\bin'
[2025-11-20 12:27:47Z INFO HostContext] Well known directory 'Root': 'C:\Projects\unity-build-pipeline\actions-runner'
[2025-11-20 12:27:47Z INFO HostContext] Well known config file 'Runner': 'C:\Projects\unity-build-pipeline\actions-runner\.runner'
[2025-11-20 12:27:47Z INFO ConfigurationStore] ConfigFilePath: C:\Projects\unity-build-pipeline\actions-runner\.runner
[2025-11-20 12:27:47Z INFO HostContext] Well known directory 'Bin': 'C:\Projects\unity-build-pipeline\actions-runner\bin'
[2025-11-20 12:27:47Z INFO HostContext] Well known directory 'Root': 'C:\Projects\unity-build-pipeline\actions-runner'
[2025-11-20 12:27:47Z INFO HostContext] Well known config file 'MigratedRunner': 'C:\Projects\unity-build-pipeline\actions-runner\.runner_migrated'
[2025-11-20 12:27:47Z INFO ConfigurationStore] MigratedConfigFilePath: C:\Projects\unity-build-pipeline\actions-runner\.runner_migrated
[2025-11-20 12:27:47Z INFO HostContext] Well known directory 'Bin': 'C:\Projects\unity-build-pipeline\actions-runner\bin'
[2025-11-20 12:27:47Z INFO HostContext] Well known directory 'Root': 'C:\Projects\unity-build-pipeline\actions-runner'
[2025-11-20 12:27:47Z INFO HostContext] Well known config file 'Credentials': 'C:\Projects\unity-build-pipeline\actions-runner\.credentials'
[2025-11-20 12:27:47Z INFO ConfigurationStore] CredFilePath: C:\Projects\unity-build-pipeline\actions-runner\.credentials
[2025-11-20 12:27:47Z INFO HostContext] Well known directory 'Bin': 'C:\Projects\unity-build-pipeline\actions-runner\bin'
[2025-11-20 12:27:47Z INFO HostContext] Well known directory 'Root': 'C:\Projects\unity-build-pipeline\actions-runner'
[2025-11-20 12:27:47Z INFO HostContext] Well known config file 'MigratedCredentials': 'C:\Projects\unity-build-pipeline\actions-runner\.credentials_migrated'
[2025-11-20 12:27:47Z INFO ConfigurationStore] MigratedCredFilePath: C:\Projects\unity-build-pipeline\actions-runner\.credentials_migrated
[2025-11-20 12:27:47Z INFO HostContext] Well known directory 'Bin': 'C:\Projects\unity-build-pipeline\actions-runner\bin'
[2025-11-20 12:27:47Z INFO HostContext] Well known directory 'Root': 'C:\Projects\unity-build-pipeline\actions-runner'
[2025-11-20 12:27:47Z INFO HostContext] Well known config file 'Service': 'C:\Projects\unity-build-pipeline\actions-runner\.service'
[2025-11-20 12:27:47Z INFO ConfigurationStore] ServiceConfigFilePath: C:\Projects\unity-build-pipeline\actions-runner\.service
[2025-11-20 12:27:47Z INFO ConfigurationStore] Read setting file: 401 chars
[2025-11-20 12:27:47Z INFO JobRunner] Initializing launch client
[2025-11-20 12:27:47Z INFO JobServerQueue] Initializing results client
[2025-11-20 12:27:47Z INFO ResultServer] Creating websocket client ...wss://results-receiver.actions.githubusercontent.com/_ws/ingest.sock
[2025-11-20 12:27:47Z INFO ResultServer] Attempting to start websocket client with delay 00:00:00.
[2025-11-20 12:27:47Z INFO JobServerQueue] Start process web console line queue.
[2025-11-20 12:27:47Z INFO JobServerQueue] Start process file upload queue.
[2025-11-20 12:27:47Z INFO JobServerQueue] Start results file upload queue.
[2025-11-20 12:27:47Z INFO JobServerQueue] Starting results-based upload queue...
[2025-11-20 12:27:47Z INFO JobServerQueue] Start process timeline update queue.
[2025-11-20 12:27:47Z INFO ExecutionContext] Initializing Job context
[2025-11-20 12:27:47Z INFO ExecutionContext] Initialize GitHub context
[2025-11-20 12:27:47Z INFO ExecutionContext] Initialize Env context
[2025-11-20 12:27:47Z INFO HostContext] Well known directory 'Bin': 'C:\Projects\unity-build-pipeline\actions-runner\bin'
[2025-11-20 12:27:47Z INFO HostContext] Well known directory 'Root': 'C:\Projects\unity-build-pipeline\actions-runner'
[2025-11-20 12:27:47Z INFO HostContext] Well known directory 'Diag': 'C:\Projects\unity-build-pipeline\actions-runner\_diag'
[2025-11-20 12:27:47Z INFO HostContext] Well known directory 'Bin': 'C:\Projects\unity-build-pipeline\actions-runner\bin'
[2025-11-20 12:27:47Z INFO HostContext] Well known directory 'Root': 'C:\Projects\unity-build-pipeline\actions-runner'
[2025-11-20 12:27:47Z INFO HostContext] Well known directory 'Diag': 'C:\Projects\unity-build-pipeline\actions-runner\_diag'
[2025-11-20 12:27:47Z INFO JobRunner] Starting the job execution context.
[2025-11-20 12:27:47Z INFO HostContext] Well known directory 'Bin': 'C:\Projects\unity-build-pipeline\actions-runner\bin'
[2025-11-20 12:27:47Z INFO HostContext] Well known directory 'Root': 'C:\Projects\unity-build-pipeline\actions-runner'
[2025-11-20 12:27:47Z INFO HostContext] Well known directory 'Work': 'C:\Projects\unity-build-pipeline\actions-runner\_work'
[2025-11-20 12:27:47Z INFO JobRunner] Validating directory permissions for: 'C:\Projects\unity-build-pipeline\actions-runner\_work'
[2025-11-20 12:27:47Z INFO HostContext] Well known directory 'Bin': 'C:\Projects\unity-build-pipeline\actions-runner\bin'
[2025-11-20 12:27:47Z INFO HostContext] Well known directory 'Root': 'C:\Projects\unity-build-pipeline\actions-runner'
[2025-11-20 12:27:47Z INFO HostContext] Well known directory 'Work': 'C:\Projects\unity-build-pipeline\actions-runner\_work'
[2025-11-20 12:27:47Z INFO HostContext] Well known directory 'Tools': 'C:\Projects\unity-build-pipeline\actions-runner\_work\_tool'
[2025-11-20 12:27:47Z INFO HostContext] Well known directory 'Bin': 'C:\Projects\unity-build-pipeline\actions-runner\bin'
[2025-11-20 12:27:47Z INFO HostContext] Well known directory 'Root': 'C:\Projects\unity-build-pipeline\actions-runner'
[2025-11-20 12:27:47Z INFO HostContext] Well known directory 'Work': 'C:\Projects\unity-build-pipeline\actions-runner\_work'
[2025-11-20 12:27:47Z INFO HostContext] Well known directory 'Temp': 'C:\Projects\unity-build-pipeline\actions-runner\_work\_temp'
[2025-11-20 12:27:47Z INFO JobRunner] Getting job extension.
[2025-11-20 12:27:47Z INFO JobRunner] Initialize job. Getting all job steps.
[2025-11-20 12:27:47Z INFO HostContext] Well known directory 'Bin': 'C:\Projects\unity-build-pipeline\actions-runner\bin'
[2025-11-20 12:27:47Z INFO HostContext] Well known directory 'Root': 'C:\Projects\unity-build-pipeline\actions-runner'
[2025-11-20 12:27:47Z INFO HostContext] Well known directory 'Diag': 'C:\Projects\unity-build-pipeline\actions-runner\_diag'
[2025-11-20 12:27:47Z INFO HostContext] Well known directory 'Bin': 'C:\Projects\unity-build-pipeline\actions-runner\bin'
[2025-11-20 12:27:47Z INFO HostContext] Well known directory 'Root': 'C:\Projects\unity-build-pipeline\actions-runner'
[2025-11-20 12:27:47Z INFO HostContext] Well known directory 'Diag': 'C:\Projects\unity-build-pipeline\actions-runner\_diag'
[2025-11-20 12:27:47Z INFO HostContext] Well known directory 'Bin': 'C:\Projects\unity-build-pipeline\actions-runner\bin'
[2025-11-20 12:27:47Z INFO HostContext] Well known directory 'Root': 'C:\Projects\unity-build-pipeline\actions-runner'
[2025-11-20 12:27:47Z INFO HostContext] Well known config file 'Credentials': 'C:\Projects\unity-build-pipeline\actions-runner\.credentials'
[2025-11-20 12:27:47Z INFO HostContext] Well known directory 'Bin': 'C:\Projects\unity-build-pipeline\actions-runner\bin'
[2025-11-20 12:27:47Z INFO HostContext] Well known directory 'Root': 'C:\Projects\unity-build-pipeline\actions-runner'
[2025-11-20 12:27:47Z INFO HostContext] Well known config file 'SetupInfo': 'C:\Projects\unity-build-pipeline\actions-runner\.setup_info'
[2025-11-20 12:27:47Z INFO HostContext] Well known directory 'Bin': 'C:\Projects\unity-build-pipeline\actions-runner\bin'
[2025-11-20 12:27:47Z INFO HostContext] Well known directory 'Root': 'C:\Projects\unity-build-pipeline\actions-runner'
[2025-11-20 12:27:47Z INFO HostContext] Well known directory 'Work': 'C:\Projects\unity-build-pipeline\actions-runner\_work'
[2025-11-20 12:27:47Z INFO PipelineDirectoryManager] Loading tracking config if exists: C:\Projects\unity-build-pipeline\actions-runner\_work\_PipelineMapping\AliAhmad1600/unity-build-pipeline\PipelineFolder.json
[2025-11-20 12:27:47Z INFO PipelineDirectoryManager] Updating job run properties.
[2025-11-20 12:27:47Z INFO HostContext] Well known directory 'Bin': 'C:\Projects\unity-build-pipeline\actions-runner\bin'
[2025-11-20 12:27:47Z INFO HostContext] Well known directory 'Root': 'C:\Projects\unity-build-pipeline\actions-runner'
[2025-11-20 12:27:47Z INFO HostContext] Well known directory 'Work': 'C:\Projects\unity-build-pipeline\actions-runner\_work'
[2025-11-20 12:27:47Z INFO HostContext] Well known directory 'Bin': 'C:\Projects\unity-build-pipeline\actions-runner\bin'
[2025-11-20 12:27:47Z INFO HostContext] Well known directory 'Root': 'C:\Projects\unity-build-pipeline\actions-runner'
[2025-11-20 12:27:47Z INFO HostContext] Well known directory 'Work': 'C:\Projects\unity-build-pipeline\actions-runner\_work'
[2025-11-20 12:27:47Z INFO HostContext] Well known directory 'Bin': 'C:\Projects\unity-build-pipeline\actions-runner\bin'
[2025-11-20 12:27:47Z INFO HostContext] Well known directory 'Root': 'C:\Projects\unity-build-pipeline\actions-runner'
[2025-11-20 12:27:47Z INFO HostContext] Well known directory 'Work': 'C:\Projects\unity-build-pipeline\actions-runner\_work'
[2025-11-20 12:27:47Z INFO JobExtension] Downloading actions
[2025-11-20 12:27:47Z INFO HostContext] Well known directory 'Bin': 'C:\Projects\unity-build-pipeline\actions-runner\bin'
[2025-11-20 12:27:47Z INFO HostContext] Well known directory 'Root': 'C:\Projects\unity-build-pipeline\actions-runner'
[2025-11-20 12:27:47Z INFO HostContext] Well known directory 'Work': 'C:\Projects\unity-build-pipeline\actions-runner\_work'
[2025-11-20 12:27:47Z INFO HostContext] Well known directory 'Actions': 'C:\Projects\unity-build-pipeline\actions-runner\_work\_actions'
[2025-11-20 12:27:47Z INFO Worker] Listening for cancel message from the channel.
[2025-11-20 12:27:47Z INFO Worker] Waiting for the job to complete or for a cancel message from the channel.
[2025-11-20 12:27:48Z INFO ResultServer] Successfully started websocket client.
[2025-11-20 12:27:48Z INFO JobServerQueue] Try to append 1 batches web console lines for record '6f5e59ed-27d1-5e67-a132-f35040768d29', success rate: 1/1.
[2025-11-20 12:27:48Z INFO JobServerQueue] Try to append 1 batches web console lines for record '08ea9e1d-92f0-4970-ad5e-abb60f30b23b', success rate: 1/1.
[2025-11-20 12:27:48Z INFO JobServerQueue] Try to append 1 batches web console lines for record '08ea9e1d-92f0-4970-ad5e-abb60f30b23b', success rate: 1/1.
[2025-11-20 12:27:48Z INFO HostContext] Well known directory 'Bin': 'C:\Projects\unity-build-pipeline\actions-runner\bin'
[2025-11-20 12:27:48Z INFO HostContext] Well known directory 'Root': 'C:\Projects\unity-build-pipeline\actions-runner'
[2025-11-20 12:27:48Z INFO HostContext] Well known directory 'Work': 'C:\Projects\unity-build-pipeline\actions-runner\_work'
[2025-11-20 12:27:48Z INFO HostContext] Well known directory 'Actions': 'C:\Projects\unity-build-pipeline\actions-runner\_work\_actions'
[2025-11-20 12:27:48Z INFO HostContext] Well known directory 'Bin': 'C:\Projects\unity-build-pipeline\actions-runner\bin'
[2025-11-20 12:27:48Z INFO HostContext] Well known directory 'Root': 'C:\Projects\unity-build-pipeline\actions-runner'
[2025-11-20 12:27:48Z INFO HostContext] Well known directory 'Work': 'C:\Projects\unity-build-pipeline\actions-runner\_work'
[2025-11-20 12:27:48Z INFO HostContext] Well known directory 'Actions': 'C:\Projects\unity-build-pipeline\actions-runner\_work\_actions'
[2025-11-20 12:27:48Z INFO ActionManager] Save archive 'https://api.github.com/repos/actions/checkout/zipball/34e114876b0b11c390a56381ad16ebd13914f8d5' into C:\Projects\unity-build-pipeline\actions-runner\_work\_actions\_temp_78e13b6b-42df-47fa-a9df-f43bebf7e441\09fc4ff7-e28e-4de5-96db-33c281030b5e.zip.
[2025-11-20 12:27:48Z INFO JobServerQueue] Try to append 1 batches web console lines for record '08ea9e1d-92f0-4970-ad5e-abb60f30b23b', success rate: 1/1.
[2025-11-20 12:27:48Z INFO JobServerQueue] Job timeline record has been updated for the first time.
[2025-11-20 12:27:50Z INFO ActionManager] Request URL: https://api.github.com/repos/actions/checkout/zipball/34e114876b0b11c390a56381ad16ebd13914f8d5 X-GitHub-Request-Id: E1DE:14337D:128FE:83D96:691F0945 Http Status: OK
[2025-11-20 12:27:50Z INFO JobServerQueue] Try to append 1 batches web console lines for record '08ea9e1d-92f0-4970-ad5e-abb60f30b23b', success rate: 1/1.
[2025-11-20 12:27:51Z INFO ActionManager] Finished getting action repository.
[2025-11-20 12:27:51Z INFO HostContext] Well known directory 'Bin': 'C:\Projects\unity-build-pipeline\actions-runner\bin'
[2025-11-20 12:27:51Z INFO HostContext] Well known directory 'Root': 'C:\Projects\unity-build-pipeline\actions-runner'
[2025-11-20 12:27:51Z INFO HostContext] Well known directory 'Work': 'C:\Projects\unity-build-pipeline\actions-runner\_work'
[2025-11-20 12:27:51Z INFO HostContext] Well known directory 'Actions': 'C:\Projects\unity-build-pipeline\actions-runner\_work\_actions'
[2025-11-20 12:27:51Z INFO HostContext] Well known directory 'Bin': 'C:\Projects\unity-build-pipeline\actions-runner\bin'
[2025-11-20 12:27:51Z INFO HostContext] Well known directory 'Root': 'C:\Projects\unity-build-pipeline\actions-runner'
[2025-11-20 12:27:51Z INFO HostContext] Well known directory 'Work': 'C:\Projects\unity-build-pipeline\actions-runner\_work'
[2025-11-20 12:27:51Z INFO HostContext] Well known directory 'Actions': 'C:\Projects\unity-build-pipeline\actions-runner\_work\_actions'
[2025-11-20 12:27:51Z INFO ActionManager] Save archive 'https://api.github.com/repos/rtCamp/action-slack-notify/zipball/e31e87e03dd19038e411e38ae27cbad084a90661' into C:\Projects\unity-build-pipeline\actions-runner\_work\_actions\_temp_398e807c-5645-4f3e-85a1-cd3846b1429b\6efe1cc2-9f8f-4cee-913a-89b42610a550.zip.
[2025-11-20 12:27:51Z INFO JobServerQueue] Try to append 1 batches web console lines for record '08ea9e1d-92f0-4970-ad5e-abb60f30b23b', success rate: 1/1.
[2025-11-20 12:27:52Z INFO ActionManager] Request URL: https://api.github.com/repos/rtCamp/action-slack-notify/zipball/e31e87e03dd19038e411e38ae27cbad084a90661 X-GitHub-Request-Id: CA3F:37AFEE:136E8:84BA0:691F0947 Http Status: OK
[2025-11-20 12:27:52Z INFO ActionManager] Finished getting action repository.
[2025-11-20 12:27:52Z INFO HostContext] Well known directory 'Bin': 'C:\Projects\unity-build-pipeline\actions-runner\bin'
[2025-11-20 12:27:52Z INFO HostContext] Well known directory 'Root': 'C:\Projects\unity-build-pipeline\actions-runner'
[2025-11-20 12:27:52Z INFO HostContext] Well known directory 'Work': 'C:\Projects\unity-build-pipeline\actions-runner\_work'
[2025-11-20 12:27:52Z INFO HostContext] Well known directory 'Actions': 'C:\Projects\unity-build-pipeline\actions-runner\_work\_actions'
[2025-11-20 12:27:52Z INFO HostContext] Well known directory 'Bin': 'C:\Projects\unity-build-pipeline\actions-runner\bin'
[2025-11-20 12:27:52Z INFO HostContext] Well known directory 'Root': 'C:\Projects\unity-build-pipeline\actions-runner'
[2025-11-20 12:27:52Z INFO HostContext] Well known directory 'Work': 'C:\Projects\unity-build-pipeline\actions-runner\_work'
[2025-11-20 12:27:52Z INFO HostContext] Well known directory 'Actions': 'C:\Projects\unity-build-pipeline\actions-runner\_work\_actions'
[2025-11-20 12:27:52Z INFO ActionManifestManager] Load schema file with definitions: [
  "null",
  "boolean",
  "number",
  "string",
  "sequence",
  "mapping",
  "any",
  "action-root",
  "inputs",
  "input",
  "outputs",
  "output-definition",
  "runs",
  "container-runs",
  "container-runs-args",
  "container-runs-env",
  "node-runs",
  "plugin-runs",
  "composite-runs",
  "composite-steps",
  "composite-step",
  "run-step",
  "uses-step",
  "container-runs-context",
  "output-value",
  "input-default-context",
  "non-empty-string",
  "string-steps-context",
  "boolean-steps-context",
  "step-env",
  "step-if",
  "step-with"
]
[2025-11-20 12:27:52Z INFO HostContext] Well known directory 'Bin': 'C:\Projects\unity-build-pipeline\actions-runner\bin'
[2025-11-20 12:27:52Z INFO HostContext] Well known directory 'Root': 'C:\Projects\unity-build-pipeline\actions-runner'
[2025-11-20 12:27:52Z INFO HostContext] Well known directory 'Work': 'C:\Projects\unity-build-pipeline\actions-runner\_work'
[2025-11-20 12:27:52Z INFO HostContext] Well known directory 'Actions': 'C:\Projects\unity-build-pipeline\actions-runner\_work\_actions'
[2025-11-20 12:27:52Z INFO JobServerQueue] Try to append 1 batches web console lines for record '08ea9e1d-92f0-4970-ad5e-abb60f30b23b', success rate: 1/1.
[2025-11-20 12:27:52Z INFO ActionManifestManager] Loaded action.yml file: {
  "name": "Checkout",
  "description": "Checkout a Git repository at a particular version",
  "inputs": {
    "type": 2,
    "map": [
      {
        "key": {
          "type": 0,
          "file": 2,
          "line": 4,
          "col": 3,
          "lit": "repository"
        ***,
        "value": {
          "type": 3,
          "file": 2,
          "line": 6,
          "col": 14,
          "expr": "github.repository"
        ***
      ***,
      {
        "key": {
          "type": 0,
          "file": 2,
          "line": 7,
          "col": 3,
          "lit": "ref"
        ***,
        "value": ""
      ***,
      {
        "key": {
          "type": 0,
          "file": 2,
          "line": 12,
          "col": 3,
          "lit": "token"
        ***,
        "value": {
          "type": 3,
          "file": 2,
          "line": 24,
          "col": 14,
          "expr": "github.token"
        ***
      ***,
      {
        "key": {
          "type": 0,
          "file": 2,
          "line": 25,
          "col": 3,
          "lit": "ssh-key"
        ***,
        "value": ""
      ***,
      {
        "key": {
          "type": 0,
          "file": 2,
          "line": 37,
          "col": 3,
          "lit": "ssh-known-hosts"
        ***,
        "value": ""
      ***,
      {
        "key": {
          "type": 0,
          "file": 2,
          "line": 42,
          "col": 3,
          "lit": "ssh-strict"
        ***,
        "value": {
          "type": 0,
          "file": 2,
          "line": 47,
          "col": 14,
          "lit": "true"
        ***
      ***,
      {
        "key": {
          "type": 0,
          "file": 2,
          "line": 48,
          "col": 3,
          "lit": "ssh-user"
        ***,
        "value": {
          "type": 0,
          "file": 2,
          "line": 51,
          "col": 14,
          "lit": "git"
        ***
      ***,
      {
        "key": {
          "type": 0,
          "file": 2,
          "line": 52,
          "col": 3,
          "lit": "persist-credentials"
        ***,
        "value": {
          "type": 0,
          "file": 2,
          "line": 54,
          "col": 14,
          "lit": "true"
        ***
      ***,
      {
        "key": {
          "type": 0,
          "file": 2,
          "line": 55,
          "col": 3,
          "lit": "path"
        ***,
        "value": ""
      ***,
      {
        "key": {
          "type": 0,
          "file": 2,
          "line": 57,
          "col": 3,
          "lit": "clean"
        ***,
        "value": {
          "type": 0,
          "file": 2,
          "line": 59,
          "col": 14,
          "lit": "true"
        ***
      ***,
      {
        "key": {
          "type": 0,
          "file": 2,
          "line": 60,
          "col": 3,
          "lit": "filter"
        ***,
        "value": {
          "type": 0,
          "file": 2,
          "line": 64,
          "col": 14,
          "lit": ""
        ***
      ***,
      {
        "key": {
          "type": 0,
          "file": 2,
          "line": 65,
          "col": 3,
          "lit": "sparse-checkout"
        ***,
        "value": {
          "type": 0,
          "file": 2,
          "line": 69,
          "col": 14,
          "lit": ""
        ***
      ***,
      {
        "key": {
          "type": 0,
          "file": 2,
          "line": 70,
          "col": 3,
          "lit": "sparse-checkout-cone-mode"
        ***,
        "value": {
          "type": 0,
          "file": 2,
          "line": 73,
          "col": 14,
          "lit": "true"
        ***
      ***,
      {
        "key": {
          "type": 0,
          "file": 2,
          "line": 74,
          "col": 3,
          "lit": "fetch-depth"
        ***,
        "value": {
          "type": 0,
          "file": 2,
          "line": 76,
          "col": 14,
          "lit": "1"
        ***
      ***,
      {
        "key": {
          "type": 0,
          "file": 2,
          "line": 77,
          "col": 3,
          "lit": "fetch-tags"
        ***,
        "value": {
          "type": 0,
          "file": 2,
          "line": 79,
          "col": 14,
          "lit": "false"
        ***
      ***,
      {
        "key": {
          "type": 0,
          "file": 2,
          "line": 80,
          "col": 3,
          "lit": "show-progress"
        ***,
        "value": {
          "type": 0,
          "file": 2,
          "line": 82,
          "col": 14,
          "lit": "true"
        ***
      ***,
      {
        "key": {
          "type": 0,
          "file": 2,
          "line": 83,
          "col": 3,
          "lit": "lfs"
        ***,
        "value": {
          "type": 0,
          "file": 2,
          "line": 85,
          "col": 14,
          "lit": "false"
        ***
      ***,
      {
        "key": {
          "type": 0,
          "file": 2,
          "line": 86,
          "col": 3,
          "lit": "submodules"
        ***,
        "value": {
          "type": 0,
          "file": 2,
          "line": 94,
          "col": 14,
          "lit": "false"
        ***
      ***,
      {
        "key": {
          "type": 0,
          "file": 2,
          "line": 95,
          "col": 3,
          "lit": "set-safe-directory"
        ***,
        "value": {
          "type": 0,
          "file": 2,
          "line": 97,
          "col": 14,
          "lit": "true"
        ***
      ***,
      {
        "key": {
          "type": 0,
          "file": 2,
          "line": 98,
          "col": 3,
          "lit": "github-server-url"
        ***,
        "value": ""
      ***
    ]
  ***,
  "execution": {
    "executionType": "nodeJS",
    "hasPre": false,
    "hasPost": true,
    "script": "dist/index.js",
    "pre": null,
    "post": "dist/index.js",
    "nodeVersion": "node20",
    "cleanupCondition": "always()",
    "initCondition": "always()"
  ***,
  "deprecated": null
***
[2025-11-20 12:27:52Z INFO ActionManager] Action node.js file: dist/index.js, no more preparation.
[2025-11-20 12:27:52Z INFO HostContext] Well known directory 'Bin': 'C:\Projects\unity-build-pipeline\actions-runner\bin'
[2025-11-20 12:27:52Z INFO HostContext] Well known directory 'Root': 'C:\Projects\unity-build-pipeline\actions-runner'
[2025-11-20 12:27:52Z INFO HostContext] Well known directory 'Work': 'C:\Projects\unity-build-pipeline\actions-runner\_work'
[2025-11-20 12:27:52Z INFO HostContext] Well known directory 'Actions': 'C:\Projects\unity-build-pipeline\actions-runner\_work\_actions'
[2025-11-20 12:27:52Z INFO ActionManager] Load action that reference repository from 'C:\Projects\unity-build-pipeline\actions-runner\_work\_actions\actions\checkout\v4'
[2025-11-20 12:27:52Z INFO HostContext] Well known directory 'Bin': 'C:\Projects\unity-build-pipeline\actions-runner\bin'
[2025-11-20 12:27:52Z INFO HostContext] Well known directory 'Root': 'C:\Projects\unity-build-pipeline\actions-runner'
[2025-11-20 12:27:52Z INFO HostContext] Well known directory 'Work': 'C:\Projects\unity-build-pipeline\actions-runner\_work'
[2025-11-20 12:27:52Z INFO HostContext] Well known directory 'Actions': 'C:\Projects\unity-build-pipeline\actions-runner\_work\_actions'
[2025-11-20 12:27:52Z INFO ActionManifestManager] Loaded action.yml file: {
  "name": "Checkout",
  "description": "Checkout a Git repository at a particular version",
  "inputs": {
    "type": 2,
    "map": [
      {
        "key": {
          "type": 0,
          "file": 2,
          "line": 4,
          "col": 3,
          "lit": "repository"
        ***,
        "value": {
          "type": 3,
          "file": 2,
          "line": 6,
          "col": 14,
          "expr": "github.repository"
        ***
      ***,
      {
        "key": {
          "type": 0,
          "file": 2,
          "line": 7,
          "col": 3,
          "lit": "ref"
        ***,
        "value": ""
      ***,
      {
        "key": {
          "type": 0,
          "file": 2,
          "line": 12,
          "col": 3,
          "lit": "token"
        ***,
        "value": {
          "type": 3,
          "file": 2,
          "line": 24,
          "col": 14,
          "expr": "github.token"
        ***
      ***,
      {
        "key": {
          "type": 0,
          "file": 2,
          "line": 25,
          "col": 3,
          "lit": "ssh-key"
        ***,
        "value": ""
      ***,
      {
        "key": {
          "type": 0,
          "file": 2,
          "line": 37,
          "col": 3,
          "lit": "ssh-known-hosts"
        ***,
        "value": ""
      ***,
      {
        "key": {
          "type": 0,
          "file": 2,
          "line": 42,
          "col": 3,
          "lit": "ssh-strict"
        ***,
        "value": {
          "type": 0,
          "file": 2,
          "line": 47,
          "col": 14,
          "lit": "true"
        ***
      ***,
      {
        "key": {
          "type": 0,
          "file": 2,
          "line": 48,
          "col": 3,
          "lit": "ssh-user"
        ***,
        "value": {
          "type": 0,
          "file": 2,
          "line": 51,
          "col": 14,
          "lit": "git"
        ***
      ***,
      {
        "key": {
          "type": 0,
          "file": 2,
          "line": 52,
          "col": 3,
          "lit": "persist-credentials"
        ***,
        "value": {
          "type": 0,
          "file": 2,
          "line": 54,
          "col": 14,
          "lit": "true"
        ***
      ***,
      {
        "key": {
          "type": 0,
          "file": 2,
          "line": 55,
          "col": 3,
          "lit": "path"
        ***,
        "value": ""
      ***,
      {
        "key": {
          "type": 0,
          "file": 2,
          "line": 57,
          "col": 3,
          "lit": "clean"
        ***,
        "value": {
          "type": 0,
          "file": 2,
          "line": 59,
          "col": 14,
          "lit": "true"
        ***
      ***,
      {
        "key": {
          "type": 0,
          "file": 2,
          "line": 60,
          "col": 3,
          "lit": "filter"
        ***,
        "value": {
          "type": 0,
          "file": 2,
          "line": 64,
          "col": 14,
          "lit": ""
        ***
      ***,
      {
        "key": {
          "type": 0,
          "file": 2,
          "line": 65,
          "col": 3,
          "lit": "sparse-checkout"
        ***,
        "value": {
          "type": 0,
          "file": 2,
          "line": 69,
          "col": 14,
          "lit": ""
        ***
      ***,
      {
        "key": {
          "type": 0,
          "file": 2,
          "line": 70,
          "col": 3,
          "lit": "sparse-checkout-cone-mode"
        ***,
        "value": {
          "type": 0,
          "file": 2,
          "line": 73,
          "col": 14,
          "lit": "true"
        ***
      ***,
      {
        "key": {
          "type": 0,
          "file": 2,
          "line": 74,
          "col": 3,
          "lit": "fetch-depth"
        ***,
        "value": {
          "type": 0,
          "file": 2,
          "line": 76,
          "col": 14,
          "lit": "1"
        ***
      ***,
      {
        "key": {
          "type": 0,
          "file": 2,
          "line": 77,
          "col": 3,
          "lit": "fetch-tags"
        ***,
        "value": {
          "type": 0,
          "file": 2,
          "line": 79,
          "col": 14,
          "lit": "false"
        ***
      ***,
      {
        "key": {
          "type": 0,
          "file": 2,
          "line": 80,
          "col": 3,
          "lit": "show-progress"
        ***,
        "value": {
          "type": 0,
          "file": 2,
          "line": 82,
          "col": 14,
          "lit": "true"
        ***
      ***,
      {
        "key": {
          "type": 0,
          "file": 2,
          "line": 83,
          "col": 3,
          "lit": "lfs"
        ***,
        "value": {
          "type": 0,
          "file": 2,
          "line": 85,
          "col": 14,
          "lit": "false"
        ***
      ***,
      {
        "key": {
          "type": 0,
          "file": 2,
          "line": 86,
          "col": 3,
          "lit": "submodules"
        ***,
        "value": {
          "type": 0,
          "file": 2,
          "line": 94,
          "col": 14,
          "lit": "false"
        ***
      ***,
      {
        "key": {
          "type": 0,
          "file": 2,
          "line": 95,
          "col": 3,
          "lit": "set-safe-directory"
        ***,
        "value": {
          "type": 0,
          "file": 2,
          "line": 97,
          "col": 14,
          "lit": "true"
        ***
      ***,
      {
        "key": {
          "type": 0,
          "file": 2,
          "line": 98,
          "col": 3,
          "lit": "github-server-url"
        ***,
        "value": ""
      ***
    ]
  ***,
  "execution": {
    "executionType": "nodeJS",
    "hasPre": false,
    "hasPost": true,
    "script": "dist/index.js",
    "pre": null,
    "post": "dist/index.js",
    "nodeVersion": "node20",
    "cleanupCondition": "always()",
    "initCondition": "always()"
  ***,
  "deprecated": null
***
[2025-11-20 12:27:52Z INFO ActionManager] Action pre node.js file: N/A.
[2025-11-20 12:27:52Z INFO ActionManager] Action node.js file: dist/index.js.
[2025-11-20 12:27:52Z INFO ActionManager] Action post node.js file: dist/index.js.
[2025-11-20 12:27:52Z INFO HostContext] Well known directory 'Bin': 'C:\Projects\unity-build-pipeline\actions-runner\bin'
[2025-11-20 12:27:52Z INFO HostContext] Well known directory 'Root': 'C:\Projects\unity-build-pipeline\actions-runner'
[2025-11-20 12:27:52Z INFO HostContext] Well known directory 'Work': 'C:\Projects\unity-build-pipeline\actions-runner\_work'
[2025-11-20 12:27:52Z INFO HostContext] Well known directory 'Actions': 'C:\Projects\unity-build-pipeline\actions-runner\_work\_actions'
[2025-11-20 12:27:52Z INFO HostContext] Well known directory 'Bin': 'C:\Projects\unity-build-pipeline\actions-runner\bin'
[2025-11-20 12:27:52Z INFO HostContext] Well known directory 'Root': 'C:\Projects\unity-build-pipeline\actions-runner'
[2025-11-20 12:27:52Z INFO HostContext] Well known directory 'Work': 'C:\Projects\unity-build-pipeline\actions-runner\_work'
[2025-11-20 12:27:52Z INFO HostContext] Well known directory 'Actions': 'C:\Projects\unity-build-pipeline\actions-runner\_work\_actions'
[2025-11-20 12:27:52Z INFO ActionManifestManager] Ignore action property author.
[2025-11-20 12:27:52Z INFO ActionManifestManager] Ignore action property branding.
[2025-11-20 12:27:52Z INFO ActionManifestManager] Loaded action.yml file: {
  "name": "Slack Notify",
  "description": "This action will send a notification to Slack",
  "inputs": null,
  "execution": {
    "executionType": "composite",
    "hasPre": false,
    "hasPost": false,
    "preSteps": [],
    "steps": [
      {
        "type": "action",
        "reference": {
          "type": "repository",
          "name": "LoveToKnow/slackify-markdown-action",
          "ref": "698a1d4d0ff1794152a93c03ee8ca5e03a310d4e",
          "repositoryType": "GitHub",
          "path": ""
        ***,
        "displayNameToken": {
          "type": 0,
          "file": 3,
          "line": 7,
          "col": 15,
          "lit": "Slack-Markdown Message Conversion"
        ***,
        "contextName": "slackify_message",
        "inputs": {
          "type": 2,
          "file": 3,
          "line": 12,
          "col": 11,
          "map": [
            {
              "key": {
                "type": 0,
                "file": 3,
                "line": 12,
                "col": 11,
                "lit": "text"
              ***,
              "value": {
                "type": 3,
                "file": 3,
                "line": 12,
                "col": 17,
                "expr": "env.SLACK_MESSAGE"
              ***
            ***
          ]
        ***,
        "condition": "success() && (env.SLACKIFY_MARKDOWN == 'true' && env.SLACK_MESSAGE != '')"
      ***,
      {
        "type": "action",
        "reference": {
          "type": "repository",
          "name": "LoveToKnow/slackify-markdown-action",
          "ref": "698a1d4d0ff1794152a93c03ee8ca5e03a310d4e",
          "repositoryType": "GitHub",
          "path": ""
        ***,
        "displayNameToken": {
          "type": 0,
          "file": 3,
          "line": 14,
          "col": 15,
          "lit": "Slack-Markdown Success Message Conversion"
        ***,
        "contextName": "slackify_success_message",
        "inputs": {
          "type": 2,
          "file": 3,
          "line": 19,
          "col": 11,
          "map": [
            {
              "key": {
                "type": 0,
                "file": 3,
                "line": 19,
                "col": 11,
                "lit": "text"
              ***,
              "value": {
                "type": 3,
                "file": 3,
                "line": 19,
                "col": 17,
                "expr": "env.SLACK_MESSAGE_ON_SUCCESS"
              ***
            ***
          ]
        ***,
        "condition": "success() && (env.SLACKIFY_MARKDOWN == 'true' && env.SLACK_MESSAGE_ON_SUCCESS != '')"
      ***,
      {
        "type": "action",
        "reference": {
          "type": "repository",
          "name": "LoveToKnow/slackify-markdown-action",
          "ref": "698a1d4d0ff1794152a93c03ee8ca5e03a310d4e",
          "repositoryType": "GitHub",
          "path": ""
        ***,
        "displayNameToken": {
          "type": 0,
          "file": 3,
          "line": 21,
          "col": 15,
          "lit": "Slack-Markdown Failure Message Conversion"
        ***,
        "contextName": "slackify_failure_message",
        "inputs": {
          "type": 2,
          "file": 3,
          "line": 26,
          "col": 11,
          "map": [
            {
              "key": {
                "type": 0,
                "file": 3,
                "line": 26,
                "col": 11,
                "lit": "text"
              ***,
              "value": {
                "type": 3,
                "file": 3,
                "line": 26,
                "col": 17,
                "expr": "env.SLACK_MESSAGE_ON_FAILURE"
              ***
            ***
          ]
        ***,
        "condition": "success() && (env.SLACKIFY_MARKDOWN == 'true' && env.SLACK_MESSAGE_ON_FAILURE != '')"
      ***,
      {
        "type": "action",
        "reference": {
          "type": "repository",
          "name": "LoveToKnow/slackify-markdown-action",
          "ref": "698a1d4d0ff1794152a93c03ee8ca5e03a310d4e",
          "repositoryType": "GitHub",
          "path": ""
        ***,
        "displayNameToken": {
          "type": 0,
          "file": 3,
          "line": 28,
          "col": 15,
          "lit": "Slack-Markdown Cancel Message Conversion"
        ***,
        "contextName": "slackify_cancel_message",
        "inputs": {
          "type": 2,
          "file": 3,
          "line": 33,
          "col": 11,
          "map": [
            {
              "key": {
                "type": 0,
                "file": 3,
                "line": 33,
                "col": 11,
                "lit": "text"
              ***,
              "value": {
                "type": 3,
                "file": 3,
                "line": 33,
                "col": 17,
                "expr": "env.SLACK_MESSAGE_ON_CANCEL"
              ***
            ***
          ]
        ***,
        "condition": "success() && (env.SLACKIFY_MARKDOWN == 'true' && env.SLACK_MESSAGE_ON_CANCEL != '')"
      ***,
      {
        "type": "action",
        "reference": {
          "type": "containerRegistry",
          "image": "ghcr.io/rtcamp/action-slack-notify:v2.3.3"
        ***,
        "displayNameToken": {
          "type": 0,
          "file": 3,
          "line": 35,
          "col": 15,
          "lit": "Slack Notification (Formatted)"
        ***,
        "contextName": "__ghcr_io_rtcamp_action-slack-notify_v2_3_3",
        "environment": {
          "type": 2,
          "file": 3,
          "line": 38,
          "col": 11,
          "map": [
            {
              "key": {
                "type": 0,
                "file": 3,
                "line": 38,
                "col": 11,
                "lit": "SLACK_MESSAGE"
              ***,
              "value": {
                "type": 3,
                "file": 3,
                "line": 38,
                "col": 26,
                "expr": "steps.slackify_message.outputs.text || env.SLACK_MESSAGE"
              ***
            ***,
            {
              "key": {
                "type": 0,
                "file": 3,
                "line": 39,
                "col": 11,
                "lit": "SLACK_MESSAGE_ON_SUCCESS"
              ***,
              "value": {
                "type": 3,
                "file": 3,
                "line": 39,
                "col": 37,
                "expr": "steps.slackify_success_message.outputs.text || env.SLACK_MESSAGE_ON_SUCCESS"
              ***
            ***,
            {
              "key": {
                "type": 0,
                "file": 3,
                "line": 40,
                "col": 11,
                "lit": "SLACK_MESSAGE_ON_FAILURE"
              ***,
              "value": {
                "type": 3,
                "file": 3,
                "line": 40,
                "col": 37,
                "expr": "steps.slackify_failure_message.outputs.text || env.SLACK_MESSAGE_ON_FAILURE"
              ***
            ***,
            {
              "key": {
                "type": 0,
                "file": 3,
                "line": 41,
                "col": 11,
                "lit": "SLACK_MESSAGE_ON_CANCEL"
              ***,
              "value": {
                "type": 3,
                "file": 3,
                "line": 41,
                "col": 36,
                "expr": "steps.slackify_cancel_message.outputs.text || env.SLACK_MESSAGE_ON_CANCEL"
              ***
            ***,
            {
              "key": {
                "type": 0,
                "file": 3,
                "line": 42,
                "col": 11,
                "lit": "GITHUB_RUN"
              ***,
              "value": {
                "type": 3,
                "file": 3,
                "line": 42,
                "col": 23,
                "expr": "format('{0***/actions/runs/{1***', github.event.repository.html_url, github.run_id)"
              ***
            ***,
            {
              "key": {
                "type": 0,
                "file": 3,
                "line": 43,
                "col": 11,
                "lit": "ENABLE_ESCAPES"
              ***,
              "value": {
                "type": 0,
                "file": 3,
                "line": 43,
                "col": 27,
                "lit": "true"
              ***
            ***
          ]
        ***,
        "condition": "success() && (env.SLACKIFY_MARKDOWN == 'true')"
      ***,
      {
        "type": "action",
        "reference": {
          "type": "containerRegistry",
          "image": "ghcr.io/rtcamp/action-slack-notify:v2.3.3"
        ***,
        "displayNameToken": {
          "type": 0,
          "file": 3,
          "line": 46,
          "col": 15,
          "lit": "Slack Notification (Unformatted)"
        ***,
        "contextName": "__ghcr_io_rtcamp_action-slack-notify_v2_3_3_2",
        "environment": {
          "type": 2,
          "file": 3,
          "line": 50,
          "col": 11,
          "map": [
            {
              "key": {
                "type": 0,
                "file": 3,
                "line": 50,
                "col": 11,
                "lit": "GITHUB_RUN"
              ***,
              "value": {
                "type": 3,
                "file": 3,
                "line": 50,
                "col": 23,
                "expr": "format('{0***/actions/runs/{1***', github.event.repository.html_url, github.run_id)"
              ***
            ***
          ]
        ***,
        "condition": "success() && (env.SLACKIFY_MARKDOWN != 'true')"
      ***
    ],
    "postSteps": [],
    "outputs": null,
    "cleanupCondition": "always()",
    "initCondition": "always()"
  ***,
  "deprecated": null
***
[2025-11-20 12:27:52Z INFO ActionManager] Loading Composite steps
[2025-11-20 12:27:52Z INFO ActionManager] Action  (4467e3c5-bfc0-4a37-a8e1-25e7ac39d7e1) needs to pull image 'ghcr.io/rtcamp/action-slack-notify:v2.3.3'
[2025-11-20 12:27:52Z INFO ActionManager] Action  (bc757d72-046f-4768-9be7-ddb610d67205) needs to pull image 'ghcr.io/rtcamp/action-slack-notify:v2.3.3'
[2025-11-20 12:27:52Z INFO JobServerQueue] Try to append 1 batches web console lines for record '08ea9e1d-92f0-4970-ad5e-abb60f30b23b', success rate: 1/1.
[2025-11-20 12:27:52Z INFO HostContext] Well known directory 'Bin': 'C:\Projects\unity-build-pipeline\actions-runner\bin'
[2025-11-20 12:27:52Z INFO HostContext] Well known directory 'Root': 'C:\Projects\unity-build-pipeline\actions-runner'
[2025-11-20 12:27:52Z INFO HostContext] Well known directory 'Work': 'C:\Projects\unity-build-pipeline\actions-runner\_work'
[2025-11-20 12:27:52Z INFO HostContext] Well known directory 'Actions': 'C:\Projects\unity-build-pipeline\actions-runner\_work\_actions'
[2025-11-20 12:27:52Z INFO HostContext] Well known directory 'Bin': 'C:\Projects\unity-build-pipeline\actions-runner\bin'
[2025-11-20 12:27:52Z INFO HostContext] Well known directory 'Root': 'C:\Projects\unity-build-pipeline\actions-runner'
[2025-11-20 12:27:52Z INFO HostContext] Well known directory 'Work': 'C:\Projects\unity-build-pipeline\actions-runner\_work'
[2025-11-20 12:27:52Z INFO HostContext] Well known directory 'Actions': 'C:\Projects\unity-build-pipeline\actions-runner\_work\_actions'
[2025-11-20 12:27:52Z INFO ActionManager] Save archive 'https://api.github.com/repos/LoveToKnow/slackify-markdown-action/zipball/698a1d4d0ff1794152a93c03ee8ca5e03a310d4e' into C:\Projects\unity-build-pipeline\actions-runner\_work\_actions\_temp_8fb0d8be-99b8-4050-bb9f-8b08d5848624\043b021a-d45f-41b3-af56-462b9e8062f7.zip.
[2025-11-20 12:27:52Z INFO JobServerQueue] Try to append 1 batches web console lines for record '08ea9e1d-92f0-4970-ad5e-abb60f30b23b', success rate: 1/1.
[2025-11-20 12:27:55Z INFO ActionManager] Request URL: https://api.github.com/repos/LoveToKnow/slackify-markdown-action/zipball/698a1d4d0ff1794152a93c03ee8ca5e03a310d4e X-GitHub-Request-Id: F08E:1E5B8C:130F0:84566:691F0949 Http Status: OK
[2025-11-20 12:27:55Z INFO JobServerQueue] Try to append 1 batches web console lines for record '08ea9e1d-92f0-4970-ad5e-abb60f30b23b', success rate: 1/1.
[2025-11-20 12:27:56Z INFO JobServerQueue] Try to append 1 batches web console lines for record '08ea9e1d-92f0-4970-ad5e-abb60f30b23b', success rate: 1/1.
[2025-11-20 12:27:57Z INFO ActionManager] Finished getting action repository.
[2025-11-20 12:27:57Z INFO HostContext] Well known directory 'Bin': 'C:\Projects\unity-build-pipeline\actions-runner\bin'
[2025-11-20 12:27:57Z INFO HostContext] Well known directory 'Root': 'C:\Projects\unity-build-pipeline\actions-runner'
[2025-11-20 12:27:57Z INFO HostContext] Well known directory 'Work': 'C:\Projects\unity-build-pipeline\actions-runner\_work'
[2025-11-20 12:27:57Z INFO HostContext] Well known directory 'Actions': 'C:\Projects\unity-build-pipeline\actions-runner\_work\_actions'
[2025-11-20 12:27:57Z INFO HostContext] Well known directory 'Bin': 'C:\Projects\unity-build-pipeline\actions-runner\bin'
[2025-11-20 12:27:57Z INFO HostContext] Well known directory 'Root': 'C:\Projects\unity-build-pipeline\actions-runner'
[2025-11-20 12:27:57Z INFO HostContext] Well known directory 'Work': 'C:\Projects\unity-build-pipeline\actions-runner\_work'
[2025-11-20 12:27:57Z INFO HostContext] Well known directory 'Actions': 'C:\Projects\unity-build-pipeline\actions-runner\_work\_actions'
[2025-11-20 12:27:57Z INFO HostContext] Well known directory 'Bin': 'C:\Projects\unity-build-pipeline\actions-runner\bin'
[2025-11-20 12:27:57Z INFO HostContext] Well known directory 'Root': 'C:\Projects\unity-build-pipeline\actions-runner'
[2025-11-20 12:27:57Z INFO HostContext] Well known directory 'Work': 'C:\Projects\unity-build-pipeline\actions-runner\_work'
[2025-11-20 12:27:57Z INFO HostContext] Well known directory 'Actions': 'C:\Projects\unity-build-pipeline\actions-runner\_work\_actions'
[2025-11-20 12:27:57Z INFO HostContext] Well known directory 'Bin': 'C:\Projects\unity-build-pipeline\actions-runner\bin'
[2025-11-20 12:27:57Z INFO HostContext] Well known directory 'Root': 'C:\Projects\unity-build-pipeline\actions-runner'
[2025-11-20 12:27:57Z INFO HostContext] Well known directory 'Work': 'C:\Projects\unity-build-pipeline\actions-runner\_work'
[2025-11-20 12:27:57Z INFO HostContext] Well known directory 'Actions': 'C:\Projects\unity-build-pipeline\actions-runner\_work\_actions'
[2025-11-20 12:27:57Z INFO HostContext] Well known directory 'Bin': 'C:\Projects\unity-build-pipeline\actions-runner\bin'
[2025-11-20 12:27:57Z INFO HostContext] Well known directory 'Root': 'C:\Projects\unity-build-pipeline\actions-runner'
[2025-11-20 12:27:57Z INFO HostContext] Well known directory 'Work': 'C:\Projects\unity-build-pipeline\actions-runner\_work'
[2025-11-20 12:27:57Z INFO HostContext] Well known directory 'Actions': 'C:\Projects\unity-build-pipeline\actions-runner\_work\_actions'
[2025-11-20 12:27:57Z INFO ActionManifestManager] Ignore action property author.
[2025-11-20 12:27:57Z INFO ActionManifestManager] Ignore action property branding.
[2025-11-20 12:27:57Z INFO ActionManifestManager] Loaded action.yml file: {
  "name": "Slack Markdown Converter",
  "description": "Converts markdown to Slack's mrkdwn",
  "inputs": {
    "type": 2,
    "map": [
      {
        "key": {
          "type": 0,
          "file": 4,
          "line": 5,
          "col": 3,
          "lit": "text"
        ***,
        "value": ""
      ***
    ]
  ***,
  "execution": {
    "executionType": "nodeJS",
    "hasPre": false,
    "hasPost": false,
    "script": "index.js",
    "pre": null,
    "post": null,
    "nodeVersion": "node20",
    "cleanupCondition": "always()",
    "initCondition": "always()"
  ***,
  "deprecated": null
***
[2025-11-20 12:27:57Z INFO ActionManager] Action node.js file: index.js, no more preparation.
[2025-11-20 12:27:57Z INFO JobServerQueue] Try to append 1 batches web console lines for record '08ea9e1d-92f0-4970-ad5e-abb60f30b23b', success rate: 1/1.
[2025-11-20 12:27:57Z INFO HostContext] Well known directory 'Bin': 'C:\Projects\unity-build-pipeline\actions-runner\bin'
[2025-11-20 12:27:57Z INFO HostContext] Well known directory 'Root': 'C:\Projects\unity-build-pipeline\actions-runner'
[2025-11-20 12:27:57Z INFO HostContext] Well known directory 'Work': 'C:\Projects\unity-build-pipeline\actions-runner\_work'
[2025-11-20 12:27:57Z INFO HostContext] Well known directory 'Actions': 'C:\Projects\unity-build-pipeline\actions-runner\_work\_actions'
[2025-11-20 12:27:57Z INFO ActionManager] Load action that reference repository from 'C:\Projects\unity-build-pipeline\actions-runner\_work\_actions\LoveToKnow\slackify-markdown-action\698a1d4d0ff1794152a93c03ee8ca5e03a310d4e'
[2025-11-20 12:27:57Z INFO HostContext] Well known directory 'Bin': 'C:\Projects\unity-build-pipeline\actions-runner\bin'
[2025-11-20 12:27:57Z INFO HostContext] Well known directory 'Root': 'C:\Projects\unity-build-pipeline\actions-runner'
[2025-11-20 12:27:57Z INFO HostContext] Well known directory 'Work': 'C:\Projects\unity-build-pipeline\actions-runner\_work'
[2025-11-20 12:27:57Z INFO HostContext] Well known directory 'Actions': 'C:\Projects\unity-build-pipeline\actions-runner\_work\_actions'
[2025-11-20 12:27:57Z INFO ActionManifestManager] Ignore action property author.
[2025-11-20 12:27:57Z INFO ActionManifestManager] Ignore action property branding.
[2025-11-20 12:27:57Z INFO ActionManifestManager] Loaded action.yml file: {
  "name": "Slack Markdown Converter",
  "description": "Converts markdown to Slack's mrkdwn",
  "inputs": {
    "type": 2,
    "map": [
      {
        "key": {
          "type": 0,
          "file": 4,
          "line": 5,
          "col": 3,
          "lit": "text"
        ***,
        "value": ""
      ***
    ]
  ***,
  "execution": {
    "executionType": "nodeJS",
    "hasPre": false,
    "hasPost": false,
    "script": "index.js",
    "pre": null,
    "post": null,
    "nodeVersion": "node20",
    "cleanupCondition": "always()",
    "initCondition": "always()"
  ***,
  "deprecated": null
***
[2025-11-20 12:27:57Z INFO ActionManager] Action pre node.js file: N/A.
[2025-11-20 12:27:57Z INFO ActionManager] Action node.js file: index.js.
[2025-11-20 12:27:57Z INFO ActionManager] Action post node.js file: N/A.
[2025-11-20 12:27:57Z INFO HostContext] Well known directory 'Bin': 'C:\Projects\unity-build-pipeline\actions-runner\bin'
[2025-11-20 12:27:57Z INFO HostContext] Well known directory 'Root': 'C:\Projects\unity-build-pipeline\actions-runner'
[2025-11-20 12:27:57Z INFO HostContext] Well known directory 'Work': 'C:\Projects\unity-build-pipeline\actions-runner\_work'
[2025-11-20 12:27:57Z INFO HostContext] Well known directory 'Actions': 'C:\Projects\unity-build-pipeline\actions-runner\_work\_actions'
[2025-11-20 12:27:57Z INFO HostContext] Well known directory 'Bin': 'C:\Projects\unity-build-pipeline\actions-runner\bin'
[2025-11-20 12:27:57Z INFO HostContext] Well known directory 'Root': 'C:\Projects\unity-build-pipeline\actions-runner'
[2025-11-20 12:27:57Z INFO HostContext] Well known directory 'Work': 'C:\Projects\unity-build-pipeline\actions-runner\_work'
[2025-11-20 12:27:57Z INFO HostContext] Well known directory 'Actions': 'C:\Projects\unity-build-pipeline\actions-runner\_work\_actions'
[2025-11-20 12:27:57Z INFO ActionManifestManager] Ignore action property author.
[2025-11-20 12:27:57Z INFO ActionManifestManager] Ignore action property branding.
[2025-11-20 12:27:57Z INFO ActionManifestManager] Loaded action.yml file: {
  "name": "Slack Markdown Converter",
  "description": "Converts markdown to Slack's mrkdwn",
  "inputs": {
    "type": 2,
    "map": [
      {
        "key": {
          "type": 0,
          "file": 4,
          "line": 5,
          "col": 3,
          "lit": "text"
        ***,
        "value": ""
      ***
    ]
  ***,
  "execution": {
    "executionType": "nodeJS",
    "hasPre": false,
    "hasPost": false,
    "script": "index.js",
    "pre": null,
    "post": null,
    "nodeVersion": "node20",
    "cleanupCondition": "always()",
    "initCondition": "always()"
  ***,
  "deprecated": null
***
[2025-11-20 12:27:57Z INFO ActionManager] Action node.js file: index.js, no more preparation.
[2025-11-20 12:27:57Z INFO HostContext] Well known directory 'Bin': 'C:\Projects\unity-build-pipeline\actions-runner\bin'
[2025-11-20 12:27:57Z INFO HostContext] Well known directory 'Root': 'C:\Projects\unity-build-pipeline\actions-runner'
[2025-11-20 12:27:57Z INFO HostContext] Well known directory 'Work': 'C:\Projects\unity-build-pipeline\actions-runner\_work'
[2025-11-20 12:27:57Z INFO HostContext] Well known directory 'Actions': 'C:\Projects\unity-build-pipeline\actions-runner\_work\_actions'
[2025-11-20 12:27:57Z INFO ActionManager] Load action that reference repository from 'C:\Projects\unity-build-pipeline\actions-runner\_work\_actions\LoveToKnow\slackify-markdown-action\698a1d4d0ff1794152a93c03ee8ca5e03a310d4e'
[2025-11-20 12:27:57Z INFO HostContext] Well known directory 'Bin': 'C:\Projects\unity-build-pipeline\actions-runner\bin'
[2025-11-20 12:27:57Z INFO HostContext] Well known directory 'Root': 'C:\Projects\unity-build-pipeline\actions-runner'
[2025-11-20 12:27:57Z INFO HostContext] Well known directory 'Work': 'C:\Projects\unity-build-pipeline\actions-runner\_work'
[2025-11-20 12:27:57Z INFO HostContext] Well known directory 'Actions': 'C:\Projects\unity-build-pipeline\actions-runner\_work\_actions'
[2025-11-20 12:27:57Z INFO ActionManifestManager] Ignore action property author.
[2025-11-20 12:27:57Z INFO ActionManifestManager] Ignore action property branding.
[2025-11-20 12:27:57Z INFO ActionManifestManager] Loaded action.yml file: {
  "name": "Slack Markdown Converter",
  "description": "Converts markdown to Slack's mrkdwn",
  "inputs": {
    "type": 2,
    "map": [
      {
        "key": {
          "type": 0,
          "file": 4,
          "line": 5,
          "col": 3,
          "lit": "text"
        ***,
        "value": ""
      ***
    ]
  ***,
  "execution": {
    "executionType": "nodeJS",
    "hasPre": false,
    "hasPost": false,
    "script": "index.js",
    "pre": null,
    "post": null,
    "nodeVersion": "node20",
    "cleanupCondition": "always()",
    "initCondition": "always()"
  ***,
  "deprecated": null
***
[2025-11-20 12:27:57Z INFO ActionManager] Action pre node.js file: N/A.
[2025-11-20 12:27:57Z INFO ActionManager] Action node.js file: index.js.
[2025-11-20 12:27:57Z INFO ActionManager] Action post node.js file: N/A.
[2025-11-20 12:27:57Z INFO HostContext] Well known directory 'Bin': 'C:\Projects\unity-build-pipeline\actions-runner\bin'
[2025-11-20 12:27:57Z INFO HostContext] Well known directory 'Root': 'C:\Projects\unity-build-pipeline\actions-runner'
[2025-11-20 12:27:57Z INFO HostContext] Well known directory 'Work': 'C:\Projects\unity-build-pipeline\actions-runner\_work'
[2025-11-20 12:27:57Z INFO HostContext] Well known directory 'Actions': 'C:\Projects\unity-build-pipeline\actions-runner\_work\_actions'
[2025-11-20 12:27:57Z INFO HostContext] Well known directory 'Bin': 'C:\Projects\unity-build-pipeline\actions-runner\bin'
[2025-11-20 12:27:57Z INFO HostContext] Well known directory 'Root': 'C:\Projects\unity-build-pipeline\actions-runner'
[2025-11-20 12:27:57Z INFO HostContext] Well known directory 'Work': 'C:\Projects\unity-build-pipeline\actions-runner\_work'
[2025-11-20 12:27:57Z INFO HostContext] Well known directory 'Actions': 'C:\Projects\unity-build-pipeline\actions-runner\_work\_actions'
[2025-11-20 12:27:57Z INFO ActionManifestManager] Ignore action property author.
[2025-11-20 12:27:57Z INFO ActionManifestManager] Ignore action property branding.
[2025-11-20 12:27:57Z INFO ActionManifestManager] Loaded action.yml file: {
  "name": "Slack Markdown Converter",
  "description": "Converts markdown to Slack's mrkdwn",
  "inputs": {
    "type": 2,
    "map": [
      {
        "key": {
          "type": 0,
          "file": 4,
          "line": 5,
          "col": 3,
          "lit": "text"
        ***,
        "value": ""
      ***
    ]
  ***,
  "execution": {
    "executionType": "nodeJS",
    "hasPre": false,
    "hasPost": false,
    "script": "index.js",
    "pre": null,
    "post": null,
    "nodeVersion": "node20",
    "cleanupCondition": "always()",
    "initCondition": "always()"
  ***,
  "deprecated": null
***
[2025-11-20 12:27:57Z INFO ActionManager] Action node.js file: index.js, no more preparation.
[2025-11-20 12:27:57Z INFO HostContext] Well known directory 'Bin': 'C:\Projects\unity-build-pipeline\actions-runner\bin'
[2025-11-20 12:27:57Z INFO HostContext] Well known directory 'Root': 'C:\Projects\unity-build-pipeline\actions-runner'
[2025-11-20 12:27:57Z INFO HostContext] Well known directory 'Work': 'C:\Projects\unity-build-pipeline\actions-runner\_work'
[2025-11-20 12:27:57Z INFO HostContext] Well known directory 'Actions': 'C:\Projects\unity-build-pipeline\actions-runner\_work\_actions'
[2025-11-20 12:27:57Z INFO ActionManager] Load action that reference repository from 'C:\Projects\unity-build-pipeline\actions-runner\_work\_actions\LoveToKnow\slackify-markdown-action\698a1d4d0ff1794152a93c03ee8ca5e03a310d4e'
[2025-11-20 12:27:57Z INFO HostContext] Well known directory 'Bin': 'C:\Projects\unity-build-pipeline\actions-runner\bin'
[2025-11-20 12:27:57Z INFO HostContext] Well known directory 'Root': 'C:\Projects\unity-build-pipeline\actions-runner'
[2025-11-20 12:27:57Z INFO HostContext] Well known directory 'Work': 'C:\Projects\unity-build-pipeline\actions-runner\_work'
[2025-11-20 12:27:57Z INFO HostContext] Well known directory 'Actions': 'C:\Projects\unity-build-pipeline\actions-runner\_work\_actions'
[2025-11-20 12:27:57Z INFO ActionManifestManager] Ignore action property author.
[2025-11-20 12:27:57Z INFO ActionManifestManager] Ignore action property branding.
[2025-11-20 12:27:57Z INFO ActionManifestManager] Loaded action.yml file: {
  "name": "Slack Markdown Converter",
  "description": "Converts markdown to Slack's mrkdwn",
  "inputs": {
    "type": 2,
    "map": [
      {
        "key": {
          "type": 0,
          "file": 4,
          "line": 5,
          "col": 3,
          "lit": "text"
        ***,
        "value": ""
      ***
    ]
  ***,
  "execution": {
    "executionType": "nodeJS",
    "hasPre": false,
    "hasPost": false,
    "script": "index.js",
    "pre": null,
    "post": null,
    "nodeVersion": "node20",
    "cleanupCondition": "always()",
    "initCondition": "always()"
  ***,
  "deprecated": null
***
[2025-11-20 12:27:57Z INFO ActionManager] Action pre node.js file: N/A.
[2025-11-20 12:27:57Z INFO ActionManager] Action node.js file: index.js.
[2025-11-20 12:27:57Z INFO ActionManager] Action post node.js file: N/A.
[2025-11-20 12:27:57Z INFO HostContext] Well known directory 'Bin': 'C:\Projects\unity-build-pipeline\actions-runner\bin'
[2025-11-20 12:27:57Z INFO HostContext] Well known directory 'Root': 'C:\Projects\unity-build-pipeline\actions-runner'
[2025-11-20 12:27:57Z INFO HostContext] Well known directory 'Work': 'C:\Projects\unity-build-pipeline\actions-runner\_work'
[2025-11-20 12:27:57Z INFO HostContext] Well known directory 'Actions': 'C:\Projects\unity-build-pipeline\actions-runner\_work\_actions'
[2025-11-20 12:27:57Z INFO HostContext] Well known directory 'Bin': 'C:\Projects\unity-build-pipeline\actions-runner\bin'
[2025-11-20 12:27:57Z INFO HostContext] Well known directory 'Root': 'C:\Projects\unity-build-pipeline\actions-runner'
[2025-11-20 12:27:57Z INFO HostContext] Well known directory 'Work': 'C:\Projects\unity-build-pipeline\actions-runner\_work'
[2025-11-20 12:27:57Z INFO HostContext] Well known directory 'Actions': 'C:\Projects\unity-build-pipeline\actions-runner\_work\_actions'
[2025-11-20 12:27:57Z INFO ActionManifestManager] Ignore action property author.
[2025-11-20 12:27:57Z INFO ActionManifestManager] Ignore action property branding.
[2025-11-20 12:27:57Z INFO ActionManifestManager] Loaded action.yml file: {
  "name": "Slack Markdown Converter",
  "description": "Converts markdown to Slack's mrkdwn",
  "inputs": {
    "type": 2,
    "map": [
      {
        "key": {
          "type": 0,
          "file": 4,
          "line": 5,
          "col": 3,
          "lit": "text"
        ***,
        "value": ""
      ***
    ]
  ***,
  "execution": {
    "executionType": "nodeJS",
    "hasPre": false,
    "hasPost": false,
    "script": "index.js",
    "pre": null,
    "post": null,
    "nodeVersion": "node20",
    "cleanupCondition": "always()",
    "initCondition": "always()"
  ***,
  "deprecated": null
***
[2025-11-20 12:27:57Z INFO ActionManager] Action node.js file: index.js, no more preparation.
[2025-11-20 12:27:57Z INFO HostContext] Well known directory 'Bin': 'C:\Projects\unity-build-pipeline\actions-runner\bin'
[2025-11-20 12:27:57Z INFO HostContext] Well known directory 'Root': 'C:\Projects\unity-build-pipeline\actions-runner'
[2025-11-20 12:27:57Z INFO HostContext] Well known directory 'Work': 'C:\Projects\unity-build-pipeline\actions-runner\_work'
[2025-11-20 12:27:57Z INFO HostContext] Well known directory 'Actions': 'C:\Projects\unity-build-pipeline\actions-runner\_work\_actions'
[2025-11-20 12:27:57Z INFO ActionManager] Load action that reference repository from 'C:\Projects\unity-build-pipeline\actions-runner\_work\_actions\LoveToKnow\slackify-markdown-action\698a1d4d0ff1794152a93c03ee8ca5e03a310d4e'
[2025-11-20 12:27:57Z INFO HostContext] Well known directory 'Bin': 'C:\Projects\unity-build-pipeline\actions-runner\bin'
[2025-11-20 12:27:57Z INFO HostContext] Well known directory 'Root': 'C:\Projects\unity-build-pipeline\actions-runner'
[2025-11-20 12:27:57Z INFO HostContext] Well known directory 'Work': 'C:\Projects\unity-build-pipeline\actions-runner\_work'
[2025-11-20 12:27:57Z INFO HostContext] Well known directory 'Actions': 'C:\Projects\unity-build-pipeline\actions-runner\_work\_actions'
[2025-11-20 12:27:57Z INFO ActionManifestManager] Ignore action property author.
[2025-11-20 12:27:57Z INFO ActionManifestManager] Ignore action property branding.
[2025-11-20 12:27:57Z INFO ActionManifestManager] Loaded action.yml file: {
  "name": "Slack Markdown Converter",
  "description": "Converts markdown to Slack's mrkdwn",
  "inputs": {
    "type": 2,
    "map": [
      {
        "key": {
          "type": 0,
          "file": 4,
          "line": 5,
          "col": 3,
          "lit": "text"
        ***,
        "value": ""
      ***
    ]
  ***,
  "execution": {
    "executionType": "nodeJS",
    "hasPre": false,
    "hasPost": false,
    "script": "index.js",
    "pre": null,
    "post": null,
    "nodeVersion": "node20",
    "cleanupCondition": "always()",
    "initCondition": "always()"
  ***,
  "deprecated": null
***
[2025-11-20 12:27:57Z INFO ActionManager] Action pre node.js file: N/A.
[2025-11-20 12:27:57Z INFO ActionManager] Action node.js file: index.js.
[2025-11-20 12:27:57Z INFO ActionManager] Action post node.js file: N/A.
[2025-11-20 12:27:57Z INFO HostContext] Well known directory 'Bin': 'C:\Projects\unity-build-pipeline\actions-runner\bin'
[2025-11-20 12:27:57Z INFO HostContext] Well known directory 'Root': 'C:\Projects\unity-build-pipeline\actions-runner'
[2025-11-20 12:27:57Z INFO HostContext] Well known directory 'Work': 'C:\Projects\unity-build-pipeline\actions-runner\_work'
[2025-11-20 12:27:57Z INFO HostContext] Well known directory 'Actions': 'C:\Projects\unity-build-pipeline\actions-runner\_work\_actions'
[2025-11-20 12:27:57Z INFO ActionManager] Load action that reference repository from 'C:\Projects\unity-build-pipeline\actions-runner\_work\_actions\rtCamp\action-slack-notify\v2'
[2025-11-20 12:27:57Z INFO HostContext] Well known directory 'Bin': 'C:\Projects\unity-build-pipeline\actions-runner\bin'
[2025-11-20 12:27:57Z INFO HostContext] Well known directory 'Root': 'C:\Projects\unity-build-pipeline\actions-runner'
[2025-11-20 12:27:57Z INFO HostContext] Well known directory 'Work': 'C:\Projects\unity-build-pipeline\actions-runner\_work'
[2025-11-20 12:27:57Z INFO HostContext] Well known directory 'Actions': 'C:\Projects\unity-build-pipeline\actions-runner\_work\_actions'
[2025-11-20 12:27:57Z INFO ActionManifestManager] Ignore action property author.
[2025-11-20 12:27:57Z INFO ActionManifestManager] Ignore action property branding.
[2025-11-20 12:27:57Z INFO ActionManifestManager] Loaded action.yml file: {
  "name": "Slack Notify",
  "description": "This action will send a notification to Slack",
  "inputs": null,
  "execution": {
    "executionType": "composite",
    "hasPre": false,
    "hasPost": false,
    "preSteps": [],
    "steps": [
      {
        "type": "action",
        "reference": {
          "type": "repository",
          "name": "LoveToKnow/slackify-markdown-action",
          "ref": "698a1d4d0ff1794152a93c03ee8ca5e03a310d4e",
          "repositoryType": "GitHub",
          "path": ""
        ***,
        "displayNameToken": {
          "type": 0,
          "file": 3,
          "line": 7,
          "col": 15,
          "lit": "Slack-Markdown Message Conversion"
        ***,
        "contextName": "slackify_message",
        "inputs": {
          "type": 2,
          "file": 3,
          "line": 12,
          "col": 11,
          "map": [
            {
              "key": {
                "type": 0,
                "file": 3,
                "line": 12,
                "col": 11,
                "lit": "text"
              ***,
              "value": {
                "type": 3,
                "file": 3,
                "line": 12,
                "col": 17,
                "expr": "env.SLACK_MESSAGE"
              ***
            ***
          ]
        ***,
        "condition": "success() && (env.SLACKIFY_MARKDOWN == 'true' && env.SLACK_MESSAGE != '')"
      ***,
      {
        "type": "action",
        "reference": {
          "type": "repository",
          "name": "LoveToKnow/slackify-markdown-action",
          "ref": "698a1d4d0ff1794152a93c03ee8ca5e03a310d4e",
          "repositoryType": "GitHub",
          "path": ""
        ***,
        "displayNameToken": {
          "type": 0,
          "file": 3,
          "line": 14,
          "col": 15,
          "lit": "Slack-Markdown Success Message Conversion"
        ***,
        "contextName": "slackify_success_message",
        "inputs": {
          "type": 2,
          "file": 3,
          "line": 19,
          "col": 11,
          "map": [
            {
              "key": {
                "type": 0,
                "file": 3,
                "line": 19,
                "col": 11,
                "lit": "text"
              ***,
              "value": {
                "type": 3,
                "file": 3,
                "line": 19,
                "col": 17,
                "expr": "env.SLACK_MESSAGE_ON_SUCCESS"
              ***
            ***
          ]
        ***,
        "condition": "success() && (env.SLACKIFY_MARKDOWN == 'true' && env.SLACK_MESSAGE_ON_SUCCESS != '')"
      ***,
      {
        "type": "action",
        "reference": {
          "type": "repository",
          "name": "LoveToKnow/slackify-markdown-action",
          "ref": "698a1d4d0ff1794152a93c03ee8ca5e03a310d4e",
          "repositoryType": "GitHub",
          "path": ""
        ***,
        "displayNameToken": {
          "type": 0,
          "file": 3,
          "line": 21,
          "col": 15,
          "lit": "Slack-Markdown Failure Message Conversion"
        ***,
        "contextName": "slackify_failure_message",
        "inputs": {
          "type": 2,
          "file": 3,
          "line": 26,
          "col": 11,
          "map": [
            {
              "key": {
                "type": 0,
                "file": 3,
                "line": 26,
                "col": 11,
                "lit": "text"
              ***,
              "value": {
                "type": 3,
                "file": 3,
                "line": 26,
                "col": 17,
                "expr": "env.SLACK_MESSAGE_ON_FAILURE"
              ***
            ***
          ]
        ***,
        "condition": "success() && (env.SLACKIFY_MARKDOWN == 'true' && env.SLACK_MESSAGE_ON_FAILURE != '')"
      ***,
      {
        "type": "action",
        "reference": {
          "type": "repository",
          "name": "LoveToKnow/slackify-markdown-action",
          "ref": "698a1d4d0ff1794152a93c03ee8ca5e03a310d4e",
          "repositoryType": "GitHub",
          "path": ""
        ***,
        "displayNameToken": {
          "type": 0,
          "file": 3,
          "line": 28,
          "col": 15,
          "lit": "Slack-Markdown Cancel Message Conversion"
        ***,
        "contextName": "slackify_cancel_message",
        "inputs": {
          "type": 2,
          "file": 3,
          "line": 33,
          "col": 11,
          "map": [
            {
              "key": {
                "type": 0,
                "file": 3,
                "line": 33,
                "col": 11,
                "lit": "text"
              ***,
              "value": {
                "type": 3,
                "file": 3,
                "line": 33,
                "col": 17,
                "expr": "env.SLACK_MESSAGE_ON_CANCEL"
              ***
            ***
          ]
        ***,
        "condition": "success() && (env.SLACKIFY_MARKDOWN == 'true' && env.SLACK_MESSAGE_ON_CANCEL != '')"
      ***,
      {
        "type": "action",
        "reference": {
          "type": "containerRegistry",
          "image": "ghcr.io/rtcamp/action-slack-notify:v2.3.3"
        ***,
        "displayNameToken": {
          "type": 0,
          "file": 3,
          "line": 35,
          "col": 15,
          "lit": "Slack Notification (Formatted)"
        ***,
        "contextName": "__ghcr_io_rtcamp_action-slack-notify_v2_3_3",
        "environment": {
          "type": 2,
          "file": 3,
          "line": 38,
          "col": 11,
          "map": [
            {
              "key": {
                "type": 0,
                "file": 3,
                "line": 38,
                "col": 11,
                "lit": "SLACK_MESSAGE"
              ***,
              "value": {
                "type": 3,
                "file": 3,
                "line": 38,
                "col": 26,
                "expr": "steps.slackify_message.outputs.text || env.SLACK_MESSAGE"
              ***
            ***,
            {
              "key": {
                "type": 0,
                "file": 3,
                "line": 39,
                "col": 11,
                "lit": "SLACK_MESSAGE_ON_SUCCESS"
              ***,
              "value": {
                "type": 3,
                "file": 3,
                "line": 39,
                "col": 37,
                "expr": "steps.slackify_success_message.outputs.text || env.SLACK_MESSAGE_ON_SUCCESS"
              ***
            ***,
            {
              "key": {
                "type": 0,
                "file": 3,
                "line": 40,
                "col": 11,
                "lit": "SLACK_MESSAGE_ON_FAILURE"
              ***,
              "value": {
                "type": 3,
                "file": 3,
                "line": 40,
                "col": 37,
                "expr": "steps.slackify_failure_message.outputs.text || env.SLACK_MESSAGE_ON_FAILURE"
              ***
            ***,
            {
              "key": {
                "type": 0,
                "file": 3,
                "line": 41,
                "col": 11,
                "lit": "SLACK_MESSAGE_ON_CANCEL"
              ***,
              "value": {
                "type": 3,
                "file": 3,
                "line": 41,
                "col": 36,
                "expr": "steps.slackify_cancel_message.outputs.text || env.SLACK_MESSAGE_ON_CANCEL"
              ***
            ***,
            {
              "key": {
                "type": 0,
                "file": 3,
                "line": 42,
                "col": 11,
                "lit": "GITHUB_RUN"
              ***,
              "value": {
                "type": 3,
                "file": 3,
                "line": 42,
                "col": 23,
                "expr": "format('{0***/actions/runs/{1***', github.event.repository.html_url, github.run_id)"
              ***
            ***,
            {
              "key": {
                "type": 0,
                "file": 3,
                "line": 43,
                "col": 11,
                "lit": "ENABLE_ESCAPES"
              ***,
              "value": {
                "type": 0,
                "file": 3,
                "line": 43,
                "col": 27,
                "lit": "true"
              ***
            ***
          ]
        ***,
        "condition": "success() && (env.SLACKIFY_MARKDOWN == 'true')"
      ***,
      {
        "type": "action",
        "reference": {
          "type": "containerRegistry",
          "image": "ghcr.io/rtcamp/action-slack-notify:v2.3.3"
        ***,
        "displayNameToken": {
          "type": 0,
          "file": 3,
          "line": 46,
          "col": 15,
          "lit": "Slack Notification (Unformatted)"
        ***,
        "contextName": "__ghcr_io_rtcamp_action-slack-notify_v2_3_3_2",
        "environment": {
          "type": 2,
          "file": 3,
          "line": 50,
          "col": 11,
          "map": [
            {
              "key": {
                "type": 0,
                "file": 3,
                "line": 50,
                "col": 11,
                "lit": "GITHUB_RUN"
              ***,
              "value": {
                "type": 3,
                "file": 3,
                "line": 50,
                "col": 23,
                "expr": "format('{0***/actions/runs/{1***', github.event.repository.html_url, github.run_id)"
              ***
            ***
          ]
        ***,
        "condition": "success() && (env.SLACKIFY_MARKDOWN != 'true')"
      ***
    ],
    "postSteps": [],
    "outputs": null,
    "cleanupCondition": "always()",
    "initCondition": "always()"
  ***,
  "deprecated": null
***
[2025-11-20 12:27:57Z INFO ActionManager] Load 6 action steps.
[2025-11-20 12:27:57Z INFO ActionManager] Load: 0 number of outputs
[2025-11-20 12:27:57Z INFO ActionManager] Details: null
[2025-11-20 12:27:57Z INFO HostContext] Well known directory 'Bin': 'C:\Projects\unity-build-pipeline\actions-runner\bin'
[2025-11-20 12:27:57Z INFO HostContext] Well known directory 'Root': 'C:\Projects\unity-build-pipeline\actions-runner'
[2025-11-20 12:27:57Z INFO HostContext] Well known directory 'Work': 'C:\Projects\unity-build-pipeline\actions-runner\_work'
[2025-11-20 12:27:57Z INFO HostContext] Well known directory 'Actions': 'C:\Projects\unity-build-pipeline\actions-runner\_work\_actions'
[2025-11-20 12:27:57Z INFO HostContext] Well known directory 'Bin': 'C:\Projects\unity-build-pipeline\actions-runner\bin'
[2025-11-20 12:27:57Z INFO HostContext] Well known directory 'Root': 'C:\Projects\unity-build-pipeline\actions-runner'
[2025-11-20 12:27:57Z INFO HostContext] Well known directory 'Work': 'C:\Projects\unity-build-pipeline\actions-runner\_work'
[2025-11-20 12:27:57Z INFO HostContext] Well known directory 'Actions': 'C:\Projects\unity-build-pipeline\actions-runner\_work\_actions'
[2025-11-20 12:27:57Z INFO ActionManifestManager] Ignore action property author.
[2025-11-20 12:27:57Z INFO ActionManifestManager] Ignore action property branding.
[2025-11-20 12:27:57Z INFO ActionManifestManager] Loaded action.yml file: {
  "name": "Slack Notify",
  "description": "This action will send a notification to Slack",
  "inputs": null,
  "execution": {
    "executionType": "composite",
    "hasPre": false,
    "hasPost": false,
    "preSteps": [],
    "steps": [
      {
        "type": "action",
        "reference": {
          "type": "repository",
          "name": "LoveToKnow/slackify-markdown-action",
          "ref": "698a1d4d0ff1794152a93c03ee8ca5e03a310d4e",
          "repositoryType": "GitHub",
          "path": ""
        ***,
        "displayNameToken": {
          "type": 0,
          "file": 3,
          "line": 7,
          "col": 15,
          "lit": "Slack-Markdown Message Conversion"
        ***,
        "contextName": "slackify_message",
        "inputs": {
          "type": 2,
          "file": 3,
          "line": 12,
          "col": 11,
          "map": [
            {
              "key": {
                "type": 0,
                "file": 3,
                "line": 12,
                "col": 11,
                "lit": "text"
              ***,
              "value": {
                "type": 3,
                "file": 3,
                "line": 12,
                "col": 17,
                "expr": "env.SLACK_MESSAGE"
              ***
            ***
          ]
        ***,
        "condition": "success() && (env.SLACKIFY_MARKDOWN == 'true' && env.SLACK_MESSAGE != '')"
      ***,
      {
        "type": "action",
        "reference": {
          "type": "repository",
          "name": "LoveToKnow/slackify-markdown-action",
          "ref": "698a1d4d0ff1794152a93c03ee8ca5e03a310d4e",
          "repositoryType": "GitHub",
          "path": ""
        ***,
        "displayNameToken": {
          "type": 0,
          "file": 3,
          "line": 14,
          "col": 15,
          "lit": "Slack-Markdown Success Message Conversion"
        ***,
        "contextName": "slackify_success_message",
        "inputs": {
          "type": 2,
          "file": 3,
          "line": 19,
          "col": 11,
          "map": [
            {
              "key": {
                "type": 0,
                "file": 3,
                "line": 19,
                "col": 11,
                "lit": "text"
              ***,
              "value": {
                "type": 3,
                "file": 3,
                "line": 19,
                "col": 17,
                "expr": "env.SLACK_MESSAGE_ON_SUCCESS"
              ***
            ***
          ]
        ***,
        "condition": "success() && (env.SLACKIFY_MARKDOWN == 'true' && env.SLACK_MESSAGE_ON_SUCCESS != '')"
      ***,
      {
        "type": "action",
        "reference": {
          "type": "repository",
          "name": "LoveToKnow/slackify-markdown-action",
          "ref": "698a1d4d0ff1794152a93c03ee8ca5e03a310d4e",
          "repositoryType": "GitHub",
          "path": ""
        ***,
        "displayNameToken": {
          "type": 0,
          "file": 3,
          "line": 21,
          "col": 15,
          "lit": "Slack-Markdown Failure Message Conversion"
        ***,
        "contextName": "slackify_failure_message",
        "inputs": {
          "type": 2,
          "file": 3,
          "line": 26,
          "col": 11,
          "map": [
            {
              "key": {
                "type": 0,
                "file": 3,
                "line": 26,
                "col": 11,
                "lit": "text"
              ***,
              "value": {
                "type": 3,
                "file": 3,
                "line": 26,
                "col": 17,
                "expr": "env.SLACK_MESSAGE_ON_FAILURE"
              ***
            ***
          ]
        ***,
        "condition": "success() && (env.SLACKIFY_MARKDOWN == 'true' && env.SLACK_MESSAGE_ON_FAILURE != '')"
      ***,
      {
        "type": "action",
        "reference": {
          "type": "repository",
          "name": "LoveToKnow/slackify-markdown-action",
          "ref": "698a1d4d0ff1794152a93c03ee8ca5e03a310d4e",
          "repositoryType": "GitHub",
          "path": ""
        ***,
        "displayNameToken": {
          "type": 0,
          "file": 3,
          "line": 28,
          "col": 15,
          "lit": "Slack-Markdown Cancel Message Conversion"
        ***,
        "contextName": "slackify_cancel_message",
        "inputs": {
          "type": 2,
          "file": 3,
          "line": 33,
          "col": 11,
          "map": [
            {
              "key": {
                "type": 0,
                "file": 3,
                "line": 33,
                "col": 11,
                "lit": "text"
              ***,
              "value": {
                "type": 3,
                "file": 3,
                "line": 33,
                "col": 17,
                "expr": "env.SLACK_MESSAGE_ON_CANCEL"
              ***
            ***
          ]
        ***,
        "condition": "success() && (env.SLACKIFY_MARKDOWN == 'true' && env.SLACK_MESSAGE_ON_CANCEL != '')"
      ***,
      {
        "type": "action",
        "reference": {
          "type": "containerRegistry",
          "image": "ghcr.io/rtcamp/action-slack-notify:v2.3.3"
        ***,
        "displayNameToken": {
          "type": 0,
          "file": 3,
          "line": 35,
          "col": 15,
          "lit": "Slack Notification (Formatted)"
        ***,
        "contextName": "__ghcr_io_rtcamp_action-slack-notify_v2_3_3",
        "environment": {
          "type": 2,
          "file": 3,
          "line": 38,
          "col": 11,
          "map": [
            {
              "key": {
                "type": 0,
                "file": 3,
                "line": 38,
                "col": 11,
                "lit": "SLACK_MESSAGE"
              ***,
              "value": {
                "type": 3,
                "file": 3,
                "line": 38,
                "col": 26,
                "expr": "steps.slackify_message.outputs.text || env.SLACK_MESSAGE"
              ***
            ***,
            {
              "key": {
                "type": 0,
                "file": 3,
                "line": 39,
                "col": 11,
                "lit": "SLACK_MESSAGE_ON_SUCCESS"
              ***,
              "value": {
                "type": 3,
                "file": 3,
                "line": 39,
                "col": 37,
                "expr": "steps.slackify_success_message.outputs.text || env.SLACK_MESSAGE_ON_SUCCESS"
              ***
            ***,
            {
              "key": {
                "type": 0,
                "file": 3,
                "line": 40,
                "col": 11,
                "lit": "SLACK_MESSAGE_ON_FAILURE"
              ***,
              "value": {
                "type": 3,
                "file": 3,
                "line": 40,
                "col": 37,
                "expr": "steps.slackify_failure_message.outputs.text || env.SLACK_MESSAGE_ON_FAILURE"
              ***
            ***,
            {
              "key": {
                "type": 0,
                "file": 3,
                "line": 41,
                "col": 11,
                "lit": "SLACK_MESSAGE_ON_CANCEL"
              ***,
              "value": {
                "type": 3,
                "file": 3,
                "line": 41,
                "col": 36,
                "expr": "steps.slackify_cancel_message.outputs.text || env.SLACK_MESSAGE_ON_CANCEL"
              ***
            ***,
            {
              "key": {
                "type": 0,
                "file": 3,
                "line": 42,
                "col": 11,
                "lit": "GITHUB_RUN"
              ***,
              "value": {
                "type": 3,
                "file": 3,
                "line": 42,
                "col": 23,
                "expr": "format('{0***/actions/runs/{1***', github.event.repository.html_url, github.run_id)"
              ***
            ***,
            {
              "key": {
                "type": 0,
                "file": 3,
                "line": 43,
                "col": 11,
                "lit": "ENABLE_ESCAPES"
              ***,
              "value": {
                "type": 0,
                "file": 3,
                "line": 43,
                "col": 27,
                "lit": "true"
              ***
            ***
          ]
        ***,
        "condition": "success() && (env.SLACKIFY_MARKDOWN == 'true')"
      ***,
      {
        "type": "action",
        "reference": {
          "type": "containerRegistry",
          "image": "ghcr.io/rtcamp/action-slack-notify:v2.3.3"
        ***,
        "displayNameToken": {
          "type": 0,
          "file": 3,
          "line": 46,
          "col": 15,
          "lit": "Slack Notification (Unformatted)"
        ***,
        "contextName": "__ghcr_io_rtcamp_action-slack-notify_v2_3_3_2",
        "environment": {
          "type": 2,
          "file": 3,
          "line": 50,
          "col": 11,
          "map": [
            {
              "key": {
                "type": 0,
                "file": 3,
                "line": 50,
                "col": 11,
                "lit": "GITHUB_RUN"
              ***,
              "value": {
                "type": 3,
                "file": 3,
                "line": 50,
                "col": 23,
                "expr": "format('{0***/actions/runs/{1***', github.event.repository.html_url, github.run_id)"
              ***
            ***
          ]
        ***,
        "condition": "success() && (env.SLACKIFY_MARKDOWN != 'true')"
      ***
    ],
    "postSteps": [],
    "outputs": null,
    "cleanupCondition": "always()",
    "initCondition": "always()"
  ***,
  "deprecated": null
***
[2025-11-20 12:27:57Z INFO ActionManager] Loading Composite steps
[2025-11-20 12:27:57Z INFO ActionManager] Action  (e32bd605-1ab0-449c-aa01-2d5c74a35166) needs to pull image 'ghcr.io/rtcamp/action-slack-notify:v2.3.3'
[2025-11-20 12:27:57Z INFO ActionManager] Action  (6d1ad133-04f6-4cac-a849-9c5c7cca422e) needs to pull image 'ghcr.io/rtcamp/action-slack-notify:v2.3.3'
[2025-11-20 12:27:57Z INFO JobServerQueue] Try to append 1 batches web console lines for record '08ea9e1d-92f0-4970-ad5e-abb60f30b23b', success rate: 1/1.
[2025-11-20 12:27:57Z INFO HostContext] Well known directory 'Bin': 'C:\Projects\unity-build-pipeline\actions-runner\bin'
[2025-11-20 12:27:57Z INFO HostContext] Well known directory 'Root': 'C:\Projects\unity-build-pipeline\actions-runner'
[2025-11-20 12:27:57Z INFO HostContext] Well known directory 'Work': 'C:\Projects\unity-build-pipeline\actions-runner\_work'
[2025-11-20 12:27:57Z INFO HostContext] Well known directory 'Actions': 'C:\Projects\unity-build-pipeline\actions-runner\_work\_actions'
[2025-11-20 12:27:57Z INFO HostContext] Well known directory 'Bin': 'C:\Projects\unity-build-pipeline\actions-runner\bin'
[2025-11-20 12:27:57Z INFO HostContext] Well known directory 'Root': 'C:\Projects\unity-build-pipeline\actions-runner'
[2025-11-20 12:27:57Z INFO HostContext] Well known directory 'Work': 'C:\Projects\unity-build-pipeline\actions-runner\_work'
[2025-11-20 12:27:57Z INFO HostContext] Well known directory 'Actions': 'C:\Projects\unity-build-pipeline\actions-runner\_work\_actions'
[2025-11-20 12:27:57Z INFO HostContext] Well known directory 'Bin': 'C:\Projects\unity-build-pipeline\actions-runner\bin'
[2025-11-20 12:27:57Z INFO HostContext] Well known directory 'Root': 'C:\Projects\unity-build-pipeline\actions-runner'
[2025-11-20 12:27:57Z INFO HostContext] Well known directory 'Work': 'C:\Projects\unity-build-pipeline\actions-runner\_work'
[2025-11-20 12:27:57Z INFO HostContext] Well known directory 'Actions': 'C:\Projects\unity-build-pipeline\actions-runner\_work\_actions'
[2025-11-20 12:27:57Z INFO HostContext] Well known directory 'Bin': 'C:\Projects\unity-build-pipeline\actions-runner\bin'
[2025-11-20 12:27:57Z INFO HostContext] Well known directory 'Root': 'C:\Projects\unity-build-pipeline\actions-runner'
[2025-11-20 12:27:57Z INFO HostContext] Well known directory 'Work': 'C:\Projects\unity-build-pipeline\actions-runner\_work'
[2025-11-20 12:27:57Z INFO HostContext] Well known directory 'Actions': 'C:\Projects\unity-build-pipeline\actions-runner\_work\_actions'
[2025-11-20 12:27:57Z INFO HostContext] Well known directory 'Bin': 'C:\Projects\unity-build-pipeline\actions-runner\bin'
[2025-11-20 12:27:57Z INFO HostContext] Well known directory 'Root': 'C:\Projects\unity-build-pipeline\actions-runner'
[2025-11-20 12:27:57Z INFO HostContext] Well known directory 'Work': 'C:\Projects\unity-build-pipeline\actions-runner\_work'
[2025-11-20 12:27:57Z INFO HostContext] Well known directory 'Actions': 'C:\Projects\unity-build-pipeline\actions-runner\_work\_actions'
[2025-11-20 12:27:57Z INFO HostContext] Well known directory 'Bin': 'C:\Projects\unity-build-pipeline\actions-runner\bin'
[2025-11-20 12:27:57Z INFO HostContext] Well known directory 'Root': 'C:\Projects\unity-build-pipeline\actions-runner'
[2025-11-20 12:27:57Z INFO HostContext] Well known directory 'Work': 'C:\Projects\unity-build-pipeline\actions-runner\_work'
[2025-11-20 12:27:57Z INFO HostContext] Well known directory 'Actions': 'C:\Projects\unity-build-pipeline\actions-runner\_work\_actions'
[2025-11-20 12:27:57Z INFO ActionManifestManager] Ignore action property author.
[2025-11-20 12:27:57Z INFO ActionManifestManager] Ignore action property branding.
[2025-11-20 12:27:57Z INFO ActionManifestManager] Loaded action.yml file: {
  "name": "Slack Markdown Converter",
  "description": "Converts markdown to Slack's mrkdwn",
  "inputs": {
    "type": 2,
    "map": [
      {
        "key": {
          "type": 0,
          "file": 4,
          "line": 5,
          "col": 3,
          "lit": "text"
        ***,
        "value": ""
      ***
    ]
  ***,
  "execution": {
    "executionType": "nodeJS",
    "hasPre": false,
    "hasPost": false,
    "script": "index.js",
    "pre": null,
    "post": null,
    "nodeVersion": "node20",
    "cleanupCondition": "always()",
    "initCondition": "always()"
  ***,
  "deprecated": null
***
[2025-11-20 12:27:57Z INFO ActionManager] Action node.js file: index.js, no more preparation.
[2025-11-20 12:27:57Z INFO HostContext] Well known directory 'Bin': 'C:\Projects\unity-build-pipeline\actions-runner\bin'
[2025-11-20 12:27:57Z INFO HostContext] Well known directory 'Root': 'C:\Projects\unity-build-pipeline\actions-runner'
[2025-11-20 12:27:57Z INFO HostContext] Well known directory 'Work': 'C:\Projects\unity-build-pipeline\actions-runner\_work'
[2025-11-20 12:27:57Z INFO HostContext] Well known directory 'Actions': 'C:\Projects\unity-build-pipeline\actions-runner\_work\_actions'
[2025-11-20 12:27:57Z INFO ActionManager] Load action that reference repository from 'C:\Projects\unity-build-pipeline\actions-runner\_work\_actions\LoveToKnow\slackify-markdown-action\698a1d4d0ff1794152a93c03ee8ca5e03a310d4e'
[2025-11-20 12:27:57Z INFO HostContext] Well known directory 'Bin': 'C:\Projects\unity-build-pipeline\actions-runner\bin'
[2025-11-20 12:27:57Z INFO HostContext] Well known directory 'Root': 'C:\Projects\unity-build-pipeline\actions-runner'
[2025-11-20 12:27:57Z INFO HostContext] Well known directory 'Work': 'C:\Projects\unity-build-pipeline\actions-runner\_work'
[2025-11-20 12:27:57Z INFO HostContext] Well known directory 'Actions': 'C:\Projects\unity-build-pipeline\actions-runner\_work\_actions'
[2025-11-20 12:27:57Z INFO ActionManifestManager] Ignore action property author.
[2025-11-20 12:27:57Z INFO ActionManifestManager] Ignore action property branding.
[2025-11-20 12:27:57Z INFO ActionManifestManager] Loaded action.yml file: {
  "name": "Slack Markdown Converter",
  "description": "Converts markdown to Slack's mrkdwn",
  "inputs": {
    "type": 2,
    "map": [
      {
        "key": {
          "type": 0,
          "file": 4,
          "line": 5,
          "col": 3,
          "lit": "text"
        ***,
        "value": ""
      ***
    ]
  ***,
  "execution": {
    "executionType": "nodeJS",
    "hasPre": false,
    "hasPost": false,
    "script": "index.js",
    "pre": null,
    "post": null,
    "nodeVersion": "node20",
    "cleanupCondition": "always()",
    "initCondition": "always()"
  ***,
  "deprecated": null
***
[2025-11-20 12:27:57Z INFO ActionManager] Action pre node.js file: N/A.
[2025-11-20 12:27:57Z INFO ActionManager] Action node.js file: index.js.
[2025-11-20 12:27:57Z INFO ActionManager] Action post node.js file: N/A.
[2025-11-20 12:27:57Z INFO HostContext] Well known directory 'Bin': 'C:\Projects\unity-build-pipeline\actions-runner\bin'
[2025-11-20 12:27:57Z INFO HostContext] Well known directory 'Root': 'C:\Projects\unity-build-pipeline\actions-runner'
[2025-11-20 12:27:57Z INFO HostContext] Well known directory 'Work': 'C:\Projects\unity-build-pipeline\actions-runner\_work'
[2025-11-20 12:27:57Z INFO HostContext] Well known directory 'Actions': 'C:\Projects\unity-build-pipeline\actions-runner\_work\_actions'
[2025-11-20 12:27:57Z INFO HostContext] Well known directory 'Bin': 'C:\Projects\unity-build-pipeline\actions-runner\bin'
[2025-11-20 12:27:57Z INFO HostContext] Well known directory 'Root': 'C:\Projects\unity-build-pipeline\actions-runner'
[2025-11-20 12:27:57Z INFO HostContext] Well known directory 'Work': 'C:\Projects\unity-build-pipeline\actions-runner\_work'
[2025-11-20 12:27:57Z INFO HostContext] Well known directory 'Actions': 'C:\Projects\unity-build-pipeline\actions-runner\_work\_actions'
[2025-11-20 12:27:57Z INFO ActionManifestManager] Ignore action property author.
[2025-11-20 12:27:57Z INFO ActionManifestManager] Ignore action property branding.
[2025-11-20 12:27:57Z INFO ActionManifestManager] Loaded action.yml file: {
  "name": "Slack Markdown Converter",
  "description": "Converts markdown to Slack's mrkdwn",
  "inputs": {
    "type": 2,
    "map": [
      {
        "key": {
          "type": 0,
          "file": 4,
          "line": 5,
          "col": 3,
          "lit": "text"
        ***,
        "value": ""
      ***
    ]
  ***,
  "execution": {
    "executionType": "nodeJS",
    "hasPre": false,
    "hasPost": false,
    "script": "index.js",
    "pre": null,
    "post": null,
    "nodeVersion": "node20",
    "cleanupCondition": "always()",
    "initCondition": "always()"
  ***,
  "deprecated": null
***
[2025-11-20 12:27:57Z INFO ActionManager] Action node.js file: index.js, no more preparation.
[2025-11-20 12:27:57Z INFO HostContext] Well known directory 'Bin': 'C:\Projects\unity-build-pipeline\actions-runner\bin'
[2025-11-20 12:27:57Z INFO HostContext] Well known directory 'Root': 'C:\Projects\unity-build-pipeline\actions-runner'
[2025-11-20 12:27:57Z INFO HostContext] Well known directory 'Work': 'C:\Projects\unity-build-pipeline\actions-runner\_work'
[2025-11-20 12:27:57Z INFO HostContext] Well known directory 'Actions': 'C:\Projects\unity-build-pipeline\actions-runner\_work\_actions'
[2025-11-20 12:27:57Z INFO ActionManager] Load action that reference repository from 'C:\Projects\unity-build-pipeline\actions-runner\_work\_actions\LoveToKnow\slackify-markdown-action\698a1d4d0ff1794152a93c03ee8ca5e03a310d4e'
[2025-11-20 12:27:57Z INFO HostContext] Well known directory 'Bin': 'C:\Projects\unity-build-pipeline\actions-runner\bin'
[2025-11-20 12:27:57Z INFO HostContext] Well known directory 'Root': 'C:\Projects\unity-build-pipeline\actions-runner'
[2025-11-20 12:27:57Z INFO HostContext] Well known directory 'Work': 'C:\Projects\unity-build-pipeline\actions-runner\_work'
[2025-11-20 12:27:57Z INFO HostContext] Well known directory 'Actions': 'C:\Projects\unity-build-pipeline\actions-runner\_work\_actions'
[2025-11-20 12:27:57Z INFO ActionManifestManager] Ignore action property author.
[2025-11-20 12:27:57Z INFO ActionManifestManager] Ignore action property branding.
[2025-11-20 12:27:57Z INFO ActionManifestManager] Loaded action.yml file: {
  "name": "Slack Markdown Converter",
  "description": "Converts markdown to Slack's mrkdwn",
  "inputs": {
    "type": 2,
    "map": [
      {
        "key": {
          "type": 0,
          "file": 4,
          "line": 5,
          "col": 3,
          "lit": "text"
        ***,
        "value": ""
      ***
    ]
  ***,
  "execution": {
    "executionType": "nodeJS",
    "hasPre": false,
    "hasPost": false,
    "script": "index.js",
    "pre": null,
    "post": null,
    "nodeVersion": "node20",
    "cleanupCondition": "always()",
    "initCondition": "always()"
  ***,
  "deprecated": null
***
[2025-11-20 12:27:57Z INFO ActionManager] Action pre node.js file: N/A.
[2025-11-20 12:27:57Z INFO ActionManager] Action node.js file: index.js.
[2025-11-20 12:27:57Z INFO ActionManager] Action post node.js file: N/A.
[2025-11-20 12:27:57Z INFO HostContext] Well known directory 'Bin': 'C:\Projects\unity-build-pipeline\actions-runner\bin'
[2025-11-20 12:27:57Z INFO HostContext] Well known directory 'Root': 'C:\Projects\unity-build-pipeline\actions-runner'
[2025-11-20 12:27:57Z INFO HostContext] Well known directory 'Work': 'C:\Projects\unity-build-pipeline\actions-runner\_work'
[2025-11-20 12:27:57Z INFO HostContext] Well known directory 'Actions': 'C:\Projects\unity-build-pipeline\actions-runner\_work\_actions'
[2025-11-20 12:27:57Z INFO HostContext] Well known directory 'Bin': 'C:\Projects\unity-build-pipeline\actions-runner\bin'
[2025-11-20 12:27:57Z INFO HostContext] Well known directory 'Root': 'C:\Projects\unity-build-pipeline\actions-runner'
[2025-11-20 12:27:57Z INFO HostContext] Well known directory 'Work': 'C:\Projects\unity-build-pipeline\actions-runner\_work'
[2025-11-20 12:27:57Z INFO HostContext] Well known directory 'Actions': 'C:\Projects\unity-build-pipeline\actions-runner\_work\_actions'
[2025-11-20 12:27:57Z INFO ActionManifestManager] Ignore action property author.
[2025-11-20 12:27:57Z INFO ActionManifestManager] Ignore action property branding.
[2025-11-20 12:27:57Z INFO ActionManifestManager] Loaded action.yml file: {
  "name": "Slack Markdown Converter",
  "description": "Converts markdown to Slack's mrkdwn",
  "inputs": {
    "type": 2,
    "map": [
      {
        "key": {
          "type": 0,
          "file": 4,
          "line": 5,
          "col": 3,
          "lit": "text"
        ***,
        "value": ""
      ***
    ]
  ***,
  "execution": {
    "executionType": "nodeJS",
    "hasPre": false,
    "hasPost": false,
    "script": "index.js",
    "pre": null,
    "post": null,
    "nodeVersion": "node20",
    "cleanupCondition": "always()",
    "initCondition": "always()"
  ***,
  "deprecated": null
***
[2025-11-20 12:27:57Z INFO ActionManager] Action node.js file: index.js, no more preparation.
[2025-11-20 12:27:57Z INFO HostContext] Well known directory 'Bin': 'C:\Projects\unity-build-pipeline\actions-runner\bin'
[2025-11-20 12:27:57Z INFO HostContext] Well known directory 'Root': 'C:\Projects\unity-build-pipeline\actions-runner'
[2025-11-20 12:27:57Z INFO HostContext] Well known directory 'Work': 'C:\Projects\unity-build-pipeline\actions-runner\_work'
[2025-11-20 12:27:57Z INFO HostContext] Well known directory 'Actions': 'C:\Projects\unity-build-pipeline\actions-runner\_work\_actions'
[2025-11-20 12:27:57Z INFO ActionManager] Load action that reference repository from 'C:\Projects\unity-build-pipeline\actions-runner\_work\_actions\LoveToKnow\slackify-markdown-action\698a1d4d0ff1794152a93c03ee8ca5e03a310d4e'
[2025-11-20 12:27:57Z INFO HostContext] Well known directory 'Bin': 'C:\Projects\unity-build-pipeline\actions-runner\bin'
[2025-11-20 12:27:57Z INFO HostContext] Well known directory 'Root': 'C:\Projects\unity-build-pipeline\actions-runner'
[2025-11-20 12:27:57Z INFO HostContext] Well known directory 'Work': 'C:\Projects\unity-build-pipeline\actions-runner\_work'
[2025-11-20 12:27:57Z INFO HostContext] Well known directory 'Actions': 'C:\Projects\unity-build-pipeline\actions-runner\_work\_actions'
[2025-11-20 12:27:57Z INFO ActionManifestManager] Ignore action property author.
[2025-11-20 12:27:57Z INFO ActionManifestManager] Ignore action property branding.
[2025-11-20 12:27:57Z INFO ActionManifestManager] Loaded action.yml file: {
  "name": "Slack Markdown Converter",
  "description": "Converts markdown to Slack's mrkdwn",
  "inputs": {
    "type": 2,
    "map": [
      {
        "key": {
          "type": 0,
          "file": 4,
          "line": 5,
          "col": 3,
          "lit": "text"
        ***,
        "value": ""
      ***
    ]
  ***,
  "execution": {
    "executionType": "nodeJS",
    "hasPre": false,
    "hasPost": false,
    "script": "index.js",
    "pre": null,
    "post": null,
    "nodeVersion": "node20",
    "cleanupCondition": "always()",
    "initCondition": "always()"
  ***,
  "deprecated": null
***
[2025-11-20 12:27:57Z INFO ActionManager] Action pre node.js file: N/A.
[2025-11-20 12:27:57Z INFO ActionManager] Action node.js file: index.js.
[2025-11-20 12:27:57Z INFO ActionManager] Action post node.js file: N/A.
[2025-11-20 12:27:57Z INFO HostContext] Well known directory 'Bin': 'C:\Projects\unity-build-pipeline\actions-runner\bin'
[2025-11-20 12:27:57Z INFO HostContext] Well known directory 'Root': 'C:\Projects\unity-build-pipeline\actions-runner'
[2025-11-20 12:27:57Z INFO HostContext] Well known directory 'Work': 'C:\Projects\unity-build-pipeline\actions-runner\_work'
[2025-11-20 12:27:57Z INFO HostContext] Well known directory 'Actions': 'C:\Projects\unity-build-pipeline\actions-runner\_work\_actions'
[2025-11-20 12:27:57Z INFO HostContext] Well known directory 'Bin': 'C:\Projects\unity-build-pipeline\actions-runner\bin'
[2025-11-20 12:27:57Z INFO HostContext] Well known directory 'Root': 'C:\Projects\unity-build-pipeline\actions-runner'
[2025-11-20 12:27:57Z INFO HostContext] Well known directory 'Work': 'C:\Projects\unity-build-pipeline\actions-runner\_work'
[2025-11-20 12:27:57Z INFO HostContext] Well known directory 'Actions': 'C:\Projects\unity-build-pipeline\actions-runner\_work\_actions'
[2025-11-20 12:27:57Z INFO ActionManifestManager] Ignore action property author.
[2025-11-20 12:27:57Z INFO ActionManifestManager] Ignore action property branding.
[2025-11-20 12:27:57Z INFO ActionManifestManager] Loaded action.yml file: {
  "name": "Slack Markdown Converter",
  "description": "Converts markdown to Slack's mrkdwn",
  "inputs": {
    "type": 2,
    "map": [
      {
        "key": {
          "type": 0,
          "file": 4,
          "line": 5,
          "col": 3,
          "lit": "text"
        ***,
        "value": ""
      ***
    ]
  ***,
  "execution": {
    "executionType": "nodeJS",
    "hasPre": false,
    "hasPost": false,
    "script": "index.js",
    "pre": null,
    "post": null,
    "nodeVersion": "node20",
    "cleanupCondition": "always()",
    "initCondition": "always()"
  ***,
  "deprecated": null
***
[2025-11-20 12:27:57Z INFO ActionManager] Action node.js file: index.js, no more preparation.
[2025-11-20 12:27:57Z INFO HostContext] Well known directory 'Bin': 'C:\Projects\unity-build-pipeline\actions-runner\bin'
[2025-11-20 12:27:57Z INFO HostContext] Well known directory 'Root': 'C:\Projects\unity-build-pipeline\actions-runner'
[2025-11-20 12:27:57Z INFO HostContext] Well known directory 'Work': 'C:\Projects\unity-build-pipeline\actions-runner\_work'
[2025-11-20 12:27:57Z INFO HostContext] Well known directory 'Actions': 'C:\Projects\unity-build-pipeline\actions-runner\_work\_actions'
[2025-11-20 12:27:57Z INFO ActionManager] Load action that reference repository from 'C:\Projects\unity-build-pipeline\actions-runner\_work\_actions\LoveToKnow\slackify-markdown-action\698a1d4d0ff1794152a93c03ee8ca5e03a310d4e'
[2025-11-20 12:27:57Z INFO HostContext] Well known directory 'Bin': 'C:\Projects\unity-build-pipeline\actions-runner\bin'
[2025-11-20 12:27:57Z INFO HostContext] Well known directory 'Root': 'C:\Projects\unity-build-pipeline\actions-runner'
[2025-11-20 12:27:57Z INFO HostContext] Well known directory 'Work': 'C:\Projects\unity-build-pipeline\actions-runner\_work'
[2025-11-20 12:27:57Z INFO HostContext] Well known directory 'Actions': 'C:\Projects\unity-build-pipeline\actions-runner\_work\_actions'
[2025-11-20 12:27:57Z INFO ActionManifestManager] Ignore action property author.
[2025-11-20 12:27:57Z INFO ActionManifestManager] Ignore action property branding.
[2025-11-20 12:27:57Z INFO ActionManifestManager] Loaded action.yml file: {
  "name": "Slack Markdown Converter",
  "description": "Converts markdown to Slack's mrkdwn",
  "inputs": {
    "type": 2,
    "map": [
      {
        "key": {
          "type": 0,
          "file": 4,
          "line": 5,
          "col": 3,
          "lit": "text"
        ***,
        "value": ""
      ***
    ]
  ***,
  "execution": {
    "executionType": "nodeJS",
    "hasPre": false,
    "hasPost": false,
    "script": "index.js",
    "pre": null,
    "post": null,
    "nodeVersion": "node20",
    "cleanupCondition": "always()",
    "initCondition": "always()"
  ***,
  "deprecated": null
***
[2025-11-20 12:27:57Z INFO ActionManager] Action pre node.js file: N/A.
[2025-11-20 12:27:57Z INFO ActionManager] Action node.js file: index.js.
[2025-11-20 12:27:57Z INFO ActionManager] Action post node.js file: N/A.
[2025-11-20 12:27:57Z INFO HostContext] Well known directory 'Bin': 'C:\Projects\unity-build-pipeline\actions-runner\bin'
[2025-11-20 12:27:57Z INFO HostContext] Well known directory 'Root': 'C:\Projects\unity-build-pipeline\actions-runner'
[2025-11-20 12:27:57Z INFO HostContext] Well known directory 'Work': 'C:\Projects\unity-build-pipeline\actions-runner\_work'
[2025-11-20 12:27:57Z INFO HostContext] Well known directory 'Actions': 'C:\Projects\unity-build-pipeline\actions-runner\_work\_actions'
[2025-11-20 12:27:57Z INFO ActionManager] Load action that reference repository from 'C:\Projects\unity-build-pipeline\actions-runner\_work\_actions\rtCamp\action-slack-notify\v2'
[2025-11-20 12:27:57Z INFO HostContext] Well known directory 'Bin': 'C:\Projects\unity-build-pipeline\actions-runner\bin'
[2025-11-20 12:27:57Z INFO HostContext] Well known directory 'Root': 'C:\Projects\unity-build-pipeline\actions-runner'
[2025-11-20 12:27:57Z INFO HostContext] Well known directory 'Work': 'C:\Projects\unity-build-pipeline\actions-runner\_work'
[2025-11-20 12:27:57Z INFO HostContext] Well known directory 'Actions': 'C:\Projects\unity-build-pipeline\actions-runner\_work\_actions'
[2025-11-20 12:27:57Z INFO ActionManifestManager] Ignore action property author.
[2025-11-20 12:27:57Z INFO ActionManifestManager] Ignore action property branding.
[2025-11-20 12:27:57Z INFO ActionManifestManager] Loaded action.yml file: {
  "name": "Slack Notify",
  "description": "This action will send a notification to Slack",
  "inputs": null,
  "execution": {
    "executionType": "composite",
    "hasPre": false,
    "hasPost": false,
    "preSteps": [],
    "steps": [
      {
        "type": "action",
        "reference": {
          "type": "repository",
          "name": "LoveToKnow/slackify-markdown-action",
          "ref": "698a1d4d0ff1794152a93c03ee8ca5e03a310d4e",
          "repositoryType": "GitHub",
          "path": ""
        ***,
        "displayNameToken": {
          "type": 0,
          "file": 3,
          "line": 7,
          "col": 15,
          "lit": "Slack-Markdown Message Conversion"
        ***,
        "contextName": "slackify_message",
        "inputs": {
          "type": 2,
          "file": 3,
          "line": 12,
          "col": 11,
          "map": [
            {
              "key": {
                "type": 0,
                "file": 3,
                "line": 12,
                "col": 11,
                "lit": "text"
              ***,
              "value": {
                "type": 3,
                "file": 3,
                "line": 12,
                "col": 17,
                "expr": "env.SLACK_MESSAGE"
              ***
            ***
          ]
        ***,
        "condition": "success() && (env.SLACKIFY_MARKDOWN == 'true' && env.SLACK_MESSAGE != '')"
      ***,
      {
        "type": "action",
        "reference": {
          "type": "repository",
          "name": "LoveToKnow/slackify-markdown-action",
          "ref": "698a1d4d0ff1794152a93c03ee8ca5e03a310d4e",
          "repositoryType": "GitHub",
          "path": ""
        ***,
        "displayNameToken": {
          "type": 0,
          "file": 3,
          "line": 14,
          "col": 15,
          "lit": "Slack-Markdown Success Message Conversion"
        ***,
        "contextName": "slackify_success_message",
        "inputs": {
          "type": 2,
          "file": 3,
          "line": 19,
          "col": 11,
          "map": [
            {
              "key": {
                "type": 0,
                "file": 3,
                "line": 19,
                "col": 11,
                "lit": "text"
              ***,
              "value": {
                "type": 3,
                "file": 3,
                "line": 19,
                "col": 17,
                "expr": "env.SLACK_MESSAGE_ON_SUCCESS"
              ***
            ***
          ]
        ***,
        "condition": "success() && (env.SLACKIFY_MARKDOWN == 'true' && env.SLACK_MESSAGE_ON_SUCCESS != '')"
      ***,
      {
        "type": "action",
        "reference": {
          "type": "repository",
          "name": "LoveToKnow/slackify-markdown-action",
          "ref": "698a1d4d0ff1794152a93c03ee8ca5e03a310d4e",
          "repositoryType": "GitHub",
          "path": ""
        ***,
        "displayNameToken": {
          "type": 0,
          "file": 3,
          "line": 21,
          "col": 15,
          "lit": "Slack-Markdown Failure Message Conversion"
        ***,
        "contextName": "slackify_failure_message",
        "inputs": {
          "type": 2,
          "file": 3,
          "line": 26,
          "col": 11,
          "map": [
            {
              "key": {
                "type": 0,
                "file": 3,
                "line": 26,
                "col": 11,
                "lit": "text"
              ***,
              "value": {
                "type": 3,
                "file": 3,
                "line": 26,
                "col": 17,
                "expr": "env.SLACK_MESSAGE_ON_FAILURE"
              ***
            ***
          ]
        ***,
        "condition": "success() && (env.SLACKIFY_MARKDOWN == 'true' && env.SLACK_MESSAGE_ON_FAILURE != '')"
      ***,
      {
        "type": "action",
        "reference": {
          "type": "repository",
          "name": "LoveToKnow/slackify-markdown-action",
          "ref": "698a1d4d0ff1794152a93c03ee8ca5e03a310d4e",
          "repositoryType": "GitHub",
          "path": ""
        ***,
        "displayNameToken": {
          "type": 0,
          "file": 3,
          "line": 28,
          "col": 15,
          "lit": "Slack-Markdown Cancel Message Conversion"
        ***,
        "contextName": "slackify_cancel_message",
        "inputs": {
          "type": 2,
          "file": 3,
          "line": 33,
          "col": 11,
          "map": [
            {
              "key": {
                "type": 0,
                "file": 3,
                "line": 33,
                "col": 11,
                "lit": "text"
              ***,
              "value": {
                "type": 3,
                "file": 3,
                "line": 33,
                "col": 17,
                "expr": "env.SLACK_MESSAGE_ON_CANCEL"
              ***
            ***
          ]
        ***,
        "condition": "success() && (env.SLACKIFY_MARKDOWN == 'true' && env.SLACK_MESSAGE_ON_CANCEL != '')"
      ***,
      {
        "type": "action",
        "reference": {
          "type": "containerRegistry",
          "image": "ghcr.io/rtcamp/action-slack-notify:v2.3.3"
        ***,
        "displayNameToken": {
          "type": 0,
          "file": 3,
          "line": 35,
          "col": 15,
          "lit": "Slack Notification (Formatted)"
        ***,
        "contextName": "__ghcr_io_rtcamp_action-slack-notify_v2_3_3",
        "environment": {
          "type": 2,
          "file": 3,
          "line": 38,
          "col": 11,
          "map": [
            {
              "key": {
                "type": 0,
                "file": 3,
                "line": 38,
                "col": 11,
                "lit": "SLACK_MESSAGE"
              ***,
              "value": {
                "type": 3,
                "file": 3,
                "line": 38,
                "col": 26,
                "expr": "steps.slackify_message.outputs.text || env.SLACK_MESSAGE"
              ***
            ***,
            {
              "key": {
                "type": 0,
                "file": 3,
                "line": 39,
                "col": 11,
                "lit": "SLACK_MESSAGE_ON_SUCCESS"
              ***,
              "value": {
                "type": 3,
                "file": 3,
                "line": 39,
                "col": 37,
                "expr": "steps.slackify_success_message.outputs.text || env.SLACK_MESSAGE_ON_SUCCESS"
              ***
            ***,
            {
              "key": {
                "type": 0,
                "file": 3,
                "line": 40,
                "col": 11,
                "lit": "SLACK_MESSAGE_ON_FAILURE"
              ***,
              "value": {
                "type": 3,
                "file": 3,
                "line": 40,
                "col": 37,
                "expr": "steps.slackify_failure_message.outputs.text || env.SLACK_MESSAGE_ON_FAILURE"
              ***
            ***,
            {
              "key": {
                "type": 0,
                "file": 3,
                "line": 41,
                "col": 11,
                "lit": "SLACK_MESSAGE_ON_CANCEL"
              ***,
              "value": {
                "type": 3,
                "file": 3,
                "line": 41,
                "col": 36,
                "expr": "steps.slackify_cancel_message.outputs.text || env.SLACK_MESSAGE_ON_CANCEL"
              ***
            ***,
            {
              "key": {
                "type": 0,
                "file": 3,
                "line": 42,
                "col": 11,
                "lit": "GITHUB_RUN"
              ***,
              "value": {
                "type": 3,
                "file": 3,
                "line": 42,
                "col": 23,
                "expr": "format('{0***/actions/runs/{1***', github.event.repository.html_url, github.run_id)"
              ***
            ***,
            {
              "key": {
                "type": 0,
                "file": 3,
                "line": 43,
                "col": 11,
                "lit": "ENABLE_ESCAPES"
              ***,
              "value": {
                "type": 0,
                "file": 3,
                "line": 43,
                "col": 27,
                "lit": "true"
              ***
            ***
          ]
        ***,
        "condition": "success() && (env.SLACKIFY_MARKDOWN == 'true')"
      ***,
      {
        "type": "action",
        "reference": {
          "type": "containerRegistry",
          "image": "ghcr.io/rtcamp/action-slack-notify:v2.3.3"
        ***,
        "displayNameToken": {
          "type": 0,
          "file": 3,
          "line": 46,
          "col": 15,
          "lit": "Slack Notification (Unformatted)"
        ***,
        "contextName": "__ghcr_io_rtcamp_action-slack-notify_v2_3_3_2",
        "environment": {
          "type": 2,
          "file": 3,
          "line": 50,
          "col": 11,
          "map": [
            {
              "key": {
                "type": 0,
                "file": 3,
                "line": 50,
                "col": 11,
                "lit": "GITHUB_RUN"
              ***,
              "value": {
                "type": 3,
                "file": 3,
                "line": 50,
                "col": 23,
                "expr": "format('{0***/actions/runs/{1***', github.event.repository.html_url, github.run_id)"
              ***
            ***
          ]
        ***,
        "condition": "success() && (env.SLACKIFY_MARKDOWN != 'true')"
      ***
    ],
    "postSteps": [],
    "outputs": null,
    "cleanupCondition": "always()",
    "initCondition": "always()"
  ***,
  "deprecated": null
***
[2025-11-20 12:27:57Z INFO ActionManager] Load 6 action steps.
[2025-11-20 12:27:57Z INFO ActionManager] Load: 0 number of outputs
[2025-11-20 12:27:57Z INFO ActionManager] Details: null
[2025-11-20 12:27:57Z INFO ActionManager] 4 steps need to pull image 'ghcr.io/rtcamp/action-slack-notify:v2.3.3'
[2025-11-20 12:27:57Z INFO JobExtension] Adding .
[2025-11-20 12:27:57Z INFO JobExtension] Adding .
[2025-11-20 12:27:57Z INFO JobExtension] Adding .
[2025-11-20 12:27:57Z INFO JobExtension] Adding .
[2025-11-20 12:27:57Z INFO JobExtension] Adding .
[2025-11-20 12:27:57Z INFO HostContext] Well known directory 'Bin': 'C:\Projects\unity-build-pipeline\actions-runner\bin'
[2025-11-20 12:27:57Z INFO HostContext] Well known directory 'Root': 'C:\Projects\unity-build-pipeline\actions-runner'
[2025-11-20 12:27:57Z INFO HostContext] Well known directory 'Diag': 'C:\Projects\unity-build-pipeline\actions-runner\_diag'
[2025-11-20 12:27:57Z INFO HostContext] Well known directory 'Bin': 'C:\Projects\unity-build-pipeline\actions-runner\bin'
[2025-11-20 12:27:57Z INFO HostContext] Well known directory 'Root': 'C:\Projects\unity-build-pipeline\actions-runner'
[2025-11-20 12:27:57Z INFO HostContext] Well known directory 'Diag': 'C:\Projects\unity-build-pipeline\actions-runner\_diag'
[2025-11-20 12:27:57Z INFO HostContext] Well known directory 'Bin': 'C:\Projects\unity-build-pipeline\actions-runner\bin'
[2025-11-20 12:27:57Z INFO HostContext] Well known directory 'Root': 'C:\Projects\unity-build-pipeline\actions-runner'
[2025-11-20 12:27:57Z INFO HostContext] Well known directory 'Diag': 'C:\Projects\unity-build-pipeline\actions-runner\_diag'
[2025-11-20 12:27:57Z INFO HostContext] Well known directory 'Bin': 'C:\Projects\unity-build-pipeline\actions-runner\bin'
[2025-11-20 12:27:57Z INFO HostContext] Well known directory 'Root': 'C:\Projects\unity-build-pipeline\actions-runner'
[2025-11-20 12:27:57Z INFO HostContext] Well known directory 'Diag': 'C:\Projects\unity-build-pipeline\actions-runner\_diag'
[2025-11-20 12:27:57Z INFO HostContext] Well known directory 'Bin': 'C:\Projects\unity-build-pipeline\actions-runner\bin'
[2025-11-20 12:27:57Z INFO HostContext] Well known directory 'Root': 'C:\Projects\unity-build-pipeline\actions-runner'
[2025-11-20 12:27:57Z INFO HostContext] Well known directory 'Diag': 'C:\Projects\unity-build-pipeline\actions-runner\_diag'
[2025-11-20 12:27:57Z INFO HostContext] Well known directory 'Bin': 'C:\Projects\unity-build-pipeline\actions-runner\bin'
[2025-11-20 12:27:57Z INFO HostContext] Well known directory 'Root': 'C:\Projects\unity-build-pipeline\actions-runner'
[2025-11-20 12:27:57Z INFO HostContext] Well known directory 'Diag': 'C:\Projects\unity-build-pipeline\actions-runner\_diag'
[2025-11-20 12:27:57Z INFO HostContext] Well known directory 'Bin': 'C:\Projects\unity-build-pipeline\actions-runner\bin'
[2025-11-20 12:27:57Z INFO HostContext] Well known directory 'Root': 'C:\Projects\unity-build-pipeline\actions-runner'
[2025-11-20 12:27:57Z INFO HostContext] Well known directory 'Diag': 'C:\Projects\unity-build-pipeline\actions-runner\_diag'
[2025-11-20 12:27:57Z INFO HostContext] Well known directory 'Bin': 'C:\Projects\unity-build-pipeline\actions-runner\bin'
[2025-11-20 12:27:57Z INFO HostContext] Well known directory 'Root': 'C:\Projects\unity-build-pipeline\actions-runner'
[2025-11-20 12:27:57Z INFO HostContext] Well known directory 'Diag': 'C:\Projects\unity-build-pipeline\actions-runner\_diag'
[2025-11-20 12:27:57Z INFO HostContext] Well known directory 'Bin': 'C:\Projects\unity-build-pipeline\actions-runner\bin'
[2025-11-20 12:27:57Z INFO HostContext] Well known directory 'Root': 'C:\Projects\unity-build-pipeline\actions-runner'
[2025-11-20 12:27:57Z INFO HostContext] Well known directory 'Diag': 'C:\Projects\unity-build-pipeline\actions-runner\_diag'
[2025-11-20 12:27:57Z INFO HostContext] Well known directory 'Bin': 'C:\Projects\unity-build-pipeline\actions-runner\bin'
[2025-11-20 12:27:57Z INFO HostContext] Well known directory 'Root': 'C:\Projects\unity-build-pipeline\actions-runner'
[2025-11-20 12:27:57Z INFO HostContext] Well known directory 'Diag': 'C:\Projects\unity-build-pipeline\actions-runner\_diag'
[2025-11-20 12:27:57Z INFO JobExtension] Total accessible running process: 394.
[2025-11-20 12:27:57Z INFO HostContext] Well known directory 'Bin': 'C:\Projects\unity-build-pipeline\actions-runner\bin'
[2025-11-20 12:27:57Z INFO HostContext] Well known directory 'Root': 'C:\Projects\unity-build-pipeline\actions-runner'
[2025-11-20 12:27:57Z INFO HostContext] Well known directory 'Work': 'C:\Projects\unity-build-pipeline\actions-runner\_work'
[2025-11-20 12:27:57Z INFO JobExtension] Start checking service connectivity in background.
[2025-11-20 12:27:57Z INFO ExecutionContext] Publish step telemetry for current step {
  "action": "setup_job",
  "type": "runner",
  "stage": "Pre",
  "stepId": "08ea9e1d-92f0-4970-ad5e-abb60f30b23b",
  "result": "succeeded",
  "errorMessages": [],
  "executionTimeInSeconds": 11,
  "startTime": "2025-11-20T12:27:47.3335925Z",
  "finishTime": "2025-11-20T12:27:57.8583331Z"
***.
[2025-11-20 12:27:57Z INFO JobRunner] Total job steps: 5.
[2025-11-20 12:27:57Z INFO JobRunner] Run all job steps.
[2025-11-20 12:27:57Z INFO StepsRunner] Processing step: DisplayName='Checkout repo with private submodule authentication'
[2025-11-20 12:27:57Z INFO StepsRunner] Evaluating: success()
[2025-11-20 12:27:57Z INFO StepsRunner] Result: true
[2025-11-20 12:27:57Z INFO StepsRunner] Starting the step.
[2025-11-20 12:27:57Z INFO HostContext] Well known directory 'Bin': 'C:\Projects\unity-build-pipeline\actions-runner\bin'
[2025-11-20 12:27:57Z INFO HostContext] Well known directory 'Root': 'C:\Projects\unity-build-pipeline\actions-runner'
[2025-11-20 12:27:57Z INFO HostContext] Well known directory 'Work': 'C:\Projects\unity-build-pipeline\actions-runner\_work'
[2025-11-20 12:27:57Z INFO StepsRunner] Which2: 'chcp'
[2025-11-20 12:27:57Z INFO StepsRunner] Location: 'C:\WINDOWS\system32\chcp.COM'
[2025-11-20 12:27:57Z INFO ProcessInvokerWrapper] Starting process:
[2025-11-20 12:27:57Z INFO ProcessInvokerWrapper]   File name: 'C:\WINDOWS\system32\chcp.COM'
[2025-11-20 12:27:57Z INFO ProcessInvokerWrapper]   Arguments: '65001'
[2025-11-20 12:27:57Z INFO ProcessInvokerWrapper]   Working directory: 'C:\Projects\unity-build-pipeline\actions-runner\_work'
[2025-11-20 12:27:57Z INFO ProcessInvokerWrapper]   Require exit code zero: 'False'
[2025-11-20 12:27:57Z INFO ProcessInvokerWrapper]   Encoding web name:  ; code page: ''
[2025-11-20 12:27:57Z INFO ProcessInvokerWrapper]   Force kill process on cancellation: 'False'
[2025-11-20 12:27:57Z INFO ProcessInvokerWrapper]   Redirected STDIN: 'False'
[2025-11-20 12:27:57Z INFO ProcessInvokerWrapper]   Persist current code page: 'True'
[2025-11-20 12:27:57Z INFO ProcessInvokerWrapper]   Keep redirected STDIN open: 'False'
[2025-11-20 12:27:57Z INFO ProcessInvokerWrapper]   High priority process: 'False'
[2025-11-20 12:27:57Z INFO ProcessInvokerWrapper] Process started with process id 16000, waiting for process exit.
[2025-11-20 12:27:57Z INFO ProcessInvokerWrapper] STDOUT/STDERR stream read finished.
[2025-11-20 12:27:57Z INFO ProcessInvokerWrapper] STDOUT/STDERR stream read finished.
[2025-11-20 12:27:57Z INFO ProcessInvokerWrapper] Finished process 16000 with exit code 0, and elapsed time 00:00:00.0173937.
[2025-11-20 12:27:57Z INFO StepsRunner] Successfully returned to code page 65001 (UTF8)
[2025-11-20 12:27:57Z INFO JobServerQueue] Try to append 1 batches web console lines for record '08ea9e1d-92f0-4970-ad5e-abb60f30b23b', success rate: 1/1.
[2025-11-20 12:27:57Z INFO JobServerQueue] Try to append 1 batches web console lines for record '35ce219f-90f8-4ccf-aeb4-37878bf65cbb', success rate: 1/1.
[2025-11-20 12:27:57Z INFO HostContext] Well known directory 'Bin': 'C:\Projects\unity-build-pipeline\actions-runner\bin'
[2025-11-20 12:27:57Z INFO HostContext] Well known directory 'Root': 'C:\Projects\unity-build-pipeline\actions-runner'
[2025-11-20 12:27:57Z INFO HostContext] Well known directory 'Work': 'C:\Projects\unity-build-pipeline\actions-runner\_work'
[2025-11-20 12:27:57Z INFO HostContext] Well known directory 'Actions': 'C:\Projects\unity-build-pipeline\actions-runner\_work\_actions'
[2025-11-20 12:27:57Z INFO ActionManager] Load action that reference repository from 'C:\Projects\unity-build-pipeline\actions-runner\_work\_actions\actions\checkout\v4'
[2025-11-20 12:27:57Z INFO HostContext] Well known directory 'Bin': 'C:\Projects\unity-build-pipeline\actions-runner\bin'
[2025-11-20 12:27:57Z INFO HostContext] Well known directory 'Root': 'C:\Projects\unity-build-pipeline\actions-runner'
[2025-11-20 12:27:57Z INFO HostContext] Well known directory 'Work': 'C:\Projects\unity-build-pipeline\actions-runner\_work'
[2025-11-20 12:27:57Z INFO HostContext] Well known directory 'Actions': 'C:\Projects\unity-build-pipeline\actions-runner\_work\_actions'
[2025-11-20 12:27:57Z INFO ActionManifestManager] Loaded action.yml file: {
  "name": "Checkout",
  "description": "Checkout a Git repository at a particular version",
  "inputs": {
    "type": 2,
    "map": [
      {
        "key": {
          "type": 0,
          "file": 2,
          "line": 4,
          "col": 3,
          "lit": "repository"
        ***,
        "value": {
          "type": 3,
          "file": 2,
          "line": 6,
          "col": 14,
          "expr": "github.repository"
        ***
      ***,
      {
        "key": {
          "type": 0,
          "file": 2,
          "line": 7,
          "col": 3,
          "lit": "ref"
        ***,
        "value": ""
      ***,
      {
        "key": {
          "type": 0,
          "file": 2,
          "line": 12,
          "col": 3,
          "lit": "token"
        ***,
        "value": {
          "type": 3,
          "file": 2,
          "line": 24,
          "col": 14,
          "expr": "github.token"
        ***
      ***,
      {
        "key": {
          "type": 0,
          "file": 2,
          "line": 25,
          "col": 3,
          "lit": "ssh-key"
        ***,
        "value": ""
      ***,
      {
        "key": {
          "type": 0,
          "file": 2,
          "line": 37,
          "col": 3,
          "lit": "ssh-known-hosts"
        ***,
        "value": ""
      ***,
      {
        "key": {
          "type": 0,
          "file": 2,
          "line": 42,
          "col": 3,
          "lit": "ssh-strict"
        ***,
        "value": {
          "type": 0,
          "file": 2,
          "line": 47,
          "col": 14,
          "lit": "true"
        ***
      ***,
      {
        "key": {
          "type": 0,
          "file": 2,
          "line": 48,
          "col": 3,
          "lit": "ssh-user"
        ***,
        "value": {
          "type": 0,
          "file": 2,
          "line": 51,
          "col": 14,
          "lit": "git"
        ***
      ***,
      {
        "key": {
          "type": 0,
          "file": 2,
          "line": 52,
          "col": 3,
          "lit": "persist-credentials"
        ***,
        "value": {
          "type": 0,
          "file": 2,
          "line": 54,
          "col": 14,
          "lit": "true"
        ***
      ***,
      {
        "key": {
          "type": 0,
          "file": 2,
          "line": 55,
          "col": 3,
          "lit": "path"
        ***,
        "value": ""
      ***,
      {
        "key": {
          "type": 0,
          "file": 2,
          "line": 57,
          "col": 3,
          "lit": "clean"
        ***,
        "value": {
          "type": 0,
          "file": 2,
          "line": 59,
          "col": 14,
          "lit": "true"
        ***
      ***,
      {
        "key": {
          "type": 0,
          "file": 2,
          "line": 60,
          "col": 3,
          "lit": "filter"
        ***,
        "value": {
          "type": 0,
          "file": 2,
          "line": 64,
          "col": 14,
          "lit": ""
        ***
      ***,
      {
        "key": {
          "type": 0,
          "file": 2,
          "line": 65,
          "col": 3,
          "lit": "sparse-checkout"
        ***,
        "value": {
          "type": 0,
          "file": 2,
          "line": 69,
          "col": 14,
          "lit": ""
        ***
      ***,
      {
        "key": {
          "type": 0,
          "file": 2,
          "line": 70,
          "col": 3,
          "lit": "sparse-checkout-cone-mode"
        ***,
        "value": {
          "type": 0,
          "file": 2,
          "line": 73,
          "col": 14,
          "lit": "true"
        ***
      ***,
      {
        "key": {
          "type": 0,
          "file": 2,
          "line": 74,
          "col": 3,
          "lit": "fetch-depth"
        ***,
        "value": {
          "type": 0,
          "file": 2,
          "line": 76,
          "col": 14,
          "lit": "1"
        ***
      ***,
      {
        "key": {
          "type": 0,
          "file": 2,
          "line": 77,
          "col": 3,
          "lit": "fetch-tags"
        ***,
        "value": {
          "type": 0,
          "file": 2,
          "line": 79,
          "col": 14,
          "lit": "false"
        ***
      ***,
      {
        "key": {
          "type": 0,
          "file": 2,
          "line": 80,
          "col": 3,
          "lit": "show-progress"
        ***,
        "value": {
          "type": 0,
          "file": 2,
          "line": 82,
          "col": 14,
          "lit": "true"
        ***
      ***,
      {
        "key": {
          "type": 0,
          "file": 2,
          "line": 83,
          "col": 3,
          "lit": "lfs"
        ***,
        "value": {
          "type": 0,
          "file": 2,
          "line": 85,
          "col": 14,
          "lit": "false"
        ***
      ***,
      {
        "key": {
          "type": 0,
          "file": 2,
          "line": 86,
          "col": 3,
          "lit": "submodules"
        ***,
        "value": {
          "type": 0,
          "file": 2,
          "line": 94,
          "col": 14,
          "lit": "false"
        ***
      ***,
      {
        "key": {
          "type": 0,
          "file": 2,
          "line": 95,
          "col": 3,
          "lit": "set-safe-directory"
        ***,
        "value": {
          "type": 0,
          "file": 2,
          "line": 97,
          "col": 14,
          "lit": "true"
        ***
      ***,
      {
        "key": {
          "type": 0,
          "file": 2,
          "line": 98,
          "col": 3,
          "lit": "github-server-url"
        ***,
        "value": ""
      ***
    ]
  ***,
  "execution": {
    "executionType": "nodeJS",
    "hasPre": false,
    "hasPost": true,
    "script": "dist/index.js",
    "pre": null,
    "post": "dist/index.js",
    "nodeVersion": "node20",
    "cleanupCondition": "always()",
    "initCondition": "always()"
  ***,
  "deprecated": null
***
[2025-11-20 12:27:57Z INFO ActionManager] Action pre node.js file: N/A.
[2025-11-20 12:27:57Z INFO ActionManager] Action node.js file: dist/index.js.
[2025-11-20 12:27:57Z INFO ActionManager] Action post node.js file: dist/index.js.
[2025-11-20 12:27:57Z INFO ExecutionContext] Reserve record order 7 to 12 for post job actions.
[2025-11-20 12:27:57Z INFO HostContext] Well known directory 'Bin': 'C:\Projects\unity-build-pipeline\actions-runner\bin'
[2025-11-20 12:27:57Z INFO HostContext] Well known directory 'Root': 'C:\Projects\unity-build-pipeline\actions-runner'
[2025-11-20 12:27:57Z INFO HostContext] Well known directory 'Diag': 'C:\Projects\unity-build-pipeline\actions-runner\_diag'
[2025-11-20 12:27:57Z INFO HostContext] Well known directory 'Bin': 'C:\Projects\unity-build-pipeline\actions-runner\bin'
[2025-11-20 12:27:57Z INFO HostContext] Well known directory 'Root': 'C:\Projects\unity-build-pipeline\actions-runner'
[2025-11-20 12:27:57Z INFO HostContext] Well known directory 'Diag': 'C:\Projects\unity-build-pipeline\actions-runner\_diag'
[2025-11-20 12:27:57Z INFO HostContext] Well known directory 'Bin': 'C:\Projects\unity-build-pipeline\actions-runner\bin'
[2025-11-20 12:27:57Z INFO HostContext] Well known directory 'Root': 'C:\Projects\unity-build-pipeline\actions-runner'
[2025-11-20 12:27:57Z INFO HostContext] Well known directory 'Work': 'C:\Projects\unity-build-pipeline\actions-runner\_work'
[2025-11-20 12:27:57Z INFO HostContext] Well known directory 'Temp': 'C:\Projects\unity-build-pipeline\actions-runner\_work\_temp'
[2025-11-20 12:27:57Z INFO ExecutionContext] Write event payload to C:\Projects\unity-build-pipeline\actions-runner\_work\_temp\_github_workflow\event.json
[2025-11-20 12:27:57Z INFO HostContext] Well known directory 'Bin': 'C:\Projects\unity-build-pipeline\actions-runner\bin'
[2025-11-20 12:27:57Z INFO HostContext] Well known directory 'Root': 'C:\Projects\unity-build-pipeline\actions-runner'
[2025-11-20 12:27:57Z INFO HostContext] Well known directory 'Work': 'C:\Projects\unity-build-pipeline\actions-runner\_work'
[2025-11-20 12:27:57Z INFO HostContext] Well known directory 'Temp': 'C:\Projects\unity-build-pipeline\actions-runner\_work\_temp'
[2025-11-20 12:27:57Z INFO ExtensionManager] Getting extensions for interface: 'GitHub.Runner.Worker.IFileCommandExtension'
[2025-11-20 12:27:57Z INFO ExtensionManager] Creating instance: GitHub.Runner.Worker.AddPathFileCommand, Runner.Worker
[2025-11-20 12:27:57Z INFO ExtensionManager] Creating instance: GitHub.Runner.Worker.SetEnvFileCommand, Runner.Worker
[2025-11-20 12:27:57Z INFO ExtensionManager] Creating instance: GitHub.Runner.Worker.CreateStepSummaryCommand, Runner.Worker
[2025-11-20 12:27:57Z INFO ExtensionManager] Creating instance: GitHub.Runner.Worker.SaveStateFileCommand, Runner.Worker
[2025-11-20 12:27:57Z INFO ExtensionManager] Creating instance: GitHub.Runner.Worker.SetOutputFileCommand, Runner.Worker
[2025-11-20 12:27:57Z INFO ActionManifestManager] Input 'repository': default value evaluate result: {
  "type": 0,
  "file": 2,
  "line": 6,
  "col": 14,
  "lit": "AliAhmad1600/unity-build-pipeline"
***
[2025-11-20 12:27:57Z INFO ActionManifestManager] Input 'ref': default value evaluate result: ""
[2025-11-20 12:27:57Z INFO ActionManifestManager] Input 'ssh-key': default value evaluate result: ""
[2025-11-20 12:27:57Z INFO ActionManifestManager] Input 'ssh-known-hosts': default value evaluate result: ""
[2025-11-20 12:27:57Z INFO ActionManifestManager] Input 'ssh-strict': default value evaluate result: {
  "type": 0,
  "file": 2,
  "line": 47,
  "col": 14,
  "lit": "true"
***
[2025-11-20 12:27:57Z INFO ActionManifestManager] Input 'ssh-user': default value evaluate result: {
  "type": 0,
  "file": 2,
  "line": 51,
  "col": 14,
  "lit": "git"
***
[2025-11-20 12:27:57Z INFO ActionManifestManager] Input 'path': default value evaluate result: ""
[2025-11-20 12:27:57Z INFO ActionManifestManager] Input 'clean': default value evaluate result: {
  "type": 0,
  "file": 2,
  "line": 59,
  "col": 14,
  "lit": "true"
***
[2025-11-20 12:27:57Z INFO ActionManifestManager] Input 'filter': default value evaluate result: {
  "type": 0,
  "file": 2,
  "line": 64,
  "col": 14,
  "lit": ""
***
[2025-11-20 12:27:57Z INFO ActionManifestManager] Input 'sparse-checkout': default value evaluate result: {
  "type": 0,
  "file": 2,
  "line": 69,
  "col": 14,
  "lit": ""
***
[2025-11-20 12:27:57Z INFO ActionManifestManager] Input 'sparse-checkout-cone-mode': default value evaluate result: {
  "type": 0,
  "file": 2,
  "line": 73,
  "col": 14,
  "lit": "true"
***
[2025-11-20 12:27:57Z INFO ActionManifestManager] Input 'fetch-depth': default value evaluate result: {
  "type": 0,
  "file": 2,
  "line": 76,
  "col": 14,
  "lit": "1"
***
[2025-11-20 12:27:57Z INFO ActionManifestManager] Input 'fetch-tags': default value evaluate result: {
  "type": 0,
  "file": 2,
  "line": 79,
  "col": 14,
  "lit": "false"
***
[2025-11-20 12:27:57Z INFO ActionManifestManager] Input 'show-progress': default value evaluate result: {
  "type": 0,
  "file": 2,
  "line": 82,
  "col": 14,
  "lit": "true"
***
[2025-11-20 12:27:57Z INFO ActionManifestManager] Input 'lfs': default value evaluate result: {
  "type": 0,
  "file": 2,
  "line": 85,
  "col": 14,
  "lit": "false"
***
[2025-11-20 12:27:57Z INFO ActionManifestManager] Input 'set-safe-directory': default value evaluate result: {
  "type": 0,
  "file": 2,
  "line": 97,
  "col": 14,
  "lit": "true"
***
[2025-11-20 12:27:57Z INFO ActionManifestManager] Input 'github-server-url': default value evaluate result: ""
[2025-11-20 12:27:57Z INFO ExtensionManager] Getting extensions for interface: 'GitHub.Runner.Worker.IActionCommandExtension'
[2025-11-20 12:27:57Z INFO ExtensionManager] Creating instance: GitHub.Runner.Worker.InternalPluginSetRepoPathCommandExtension, Runner.Worker
[2025-11-20 12:27:57Z INFO ExtensionManager] Creating instance: GitHub.Runner.Worker.SetEnvCommandExtension, Runner.Worker
[2025-11-20 12:27:57Z INFO ExtensionManager] Creating instance: GitHub.Runner.Worker.SetOutputCommandExtension, Runner.Worker
[2025-11-20 12:27:57Z INFO ExtensionManager] Creating instance: GitHub.Runner.Worker.SaveStateCommandExtension, Runner.Worker
[2025-11-20 12:27:57Z INFO ExtensionManager] Creating instance: GitHub.Runner.Worker.AddPathCommandExtension, Runner.Worker
[2025-11-20 12:27:57Z INFO ExtensionManager] Creating instance: GitHub.Runner.Worker.AddMaskCommandExtension, Runner.Worker
[2025-11-20 12:27:57Z INFO ExtensionManager] Creating instance: GitHub.Runner.Worker.AddMatcherCommandExtension, Runner.Worker
[2025-11-20 12:27:57Z INFO ExtensionManager] Creating instance: GitHub.Runner.Worker.RemoveMatcherCommandExtension, Runner.Worker
[2025-11-20 12:27:57Z INFO ExtensionManager] Creating instance: GitHub.Runner.Worker.WarningCommandExtension, Runner.Worker
[2025-11-20 12:27:57Z INFO ExtensionManager] Creating instance: GitHub.Runner.Worker.ErrorCommandExtension, Runner.Worker
[2025-11-20 12:27:57Z INFO ExtensionManager] Creating instance: GitHub.Runner.Worker.NoticeCommandExtension, Runner.Worker
[2025-11-20 12:27:57Z INFO ExtensionManager] Creating instance: GitHub.Runner.Worker.DebugCommandExtension, Runner.Worker
[2025-11-20 12:27:57Z INFO ExtensionManager] Creating instance: GitHub.Runner.Worker.GroupCommandExtension, Runner.Worker
[2025-11-20 12:27:57Z INFO ExtensionManager] Creating instance: GitHub.Runner.Worker.EndGroupCommandExtension, Runner.Worker
[2025-11-20 12:27:57Z INFO ExtensionManager] Creating instance: GitHub.Runner.Worker.EchoCommandExtension, Runner.Worker
[2025-11-20 12:27:57Z INFO ActionCommandManager] Register action command extension for command internal-set-repo-path
[2025-11-20 12:27:57Z INFO ActionCommandManager] Register action command extension for command set-env
[2025-11-20 12:27:57Z INFO ActionCommandManager] Register action command extension for command set-output
[2025-11-20 12:27:57Z INFO ActionCommandManager] Register action command extension for command save-state
[2025-11-20 12:27:57Z INFO ActionCommandManager] Register action command extension for command add-path
[2025-11-20 12:27:57Z INFO ActionCommandManager] Register action command extension for command add-mask
[2025-11-20 12:27:57Z INFO ActionCommandManager] Register action command extension for command add-matcher
[2025-11-20 12:27:57Z INFO ActionCommandManager] Register action command extension for command remove-matcher
[2025-11-20 12:27:57Z INFO ActionCommandManager] Register action command extension for command warning
[2025-11-20 12:27:57Z INFO ActionCommandManager] Register action command extension for command error
[2025-11-20 12:27:57Z INFO ActionCommandManager] Register action command extension for command notice
[2025-11-20 12:27:57Z INFO ActionCommandManager] Register action command extension for command debug
[2025-11-20 12:27:57Z INFO ActionCommandManager] Register action command extension for command group
[2025-11-20 12:27:57Z INFO ActionCommandManager] Register action command extension for command endgroup
[2025-11-20 12:27:57Z INFO ActionCommandManager] Register action command extension for command echo
[2025-11-20 12:27:57Z INFO HostContext] Well known directory 'Bin': 'C:\Projects\unity-build-pipeline\actions-runner\bin'
[2025-11-20 12:27:57Z INFO HostContext] Well known directory 'Root': 'C:\Projects\unity-build-pipeline\actions-runner'
[2025-11-20 12:27:57Z INFO HostContext] Well known directory 'Externals': 'C:\Projects\unity-build-pipeline\actions-runner\externals'
[2025-11-20 12:27:58Z INFO ProcessInvokerWrapper] Starting process:
[2025-11-20 12:27:58Z INFO ProcessInvokerWrapper]   File name: 'C:\Projects\unity-build-pipeline\actions-runner\externals\node20\bin\node.exe'
[2025-11-20 12:27:58Z INFO ProcessInvokerWrapper]   Arguments: '"C:\Projects\unity-build-pipeline\actions-runner\_work\_actions\actions\checkout\v4\dist/index.js"'
[2025-11-20 12:27:58Z INFO ProcessInvokerWrapper]   Working directory: 'C:\Projects\unity-build-pipeline\actions-runner\_work\unity-build-pipeline\unity-build-pipeline'
[2025-11-20 12:27:58Z INFO ProcessInvokerWrapper]   Require exit code zero: 'False'
[2025-11-20 12:27:58Z INFO ProcessInvokerWrapper]   Encoding web name: utf-8 ; code page: '65001'
[2025-11-20 12:27:58Z INFO ProcessInvokerWrapper]   Force kill process on cancellation: 'False'
[2025-11-20 12:27:58Z INFO ProcessInvokerWrapper]   Redirected STDIN: 'False'
[2025-11-20 12:27:58Z INFO ProcessInvokerWrapper]   Persist current code page: 'True'
[2025-11-20 12:27:58Z INFO ProcessInvokerWrapper]   Keep redirected STDIN open: 'False'
[2025-11-20 12:27:58Z INFO ProcessInvokerWrapper]   High priority process: 'False'
[2025-11-20 12:27:58Z INFO ProcessInvokerWrapper] Process started with process id 54440, waiting for process exit.
[2025-11-20 12:27:58Z INFO JobServerQueue] Try to append 1 batches web console lines for record '35ce219f-90f8-4ccf-aeb4-37878bf65cbb', success rate: 1/1.
[2025-11-20 12:27:58Z INFO JobServerQueue] Got a step log file to send to results service.
[2025-11-20 12:27:58Z INFO JobServerQueue] Starting upload of step log file to results service ResultsLog, C:\Projects\unity-build-pipeline\actions-runner\_diag\blocks\6f069646-a9b8-427f-8a25-e9f21d65f8df_08ea9e1d-92f0-4970-ad5e-abb60f30b23b.1
[2025-11-20 12:27:58Z INFO JobServerQueue] Try to upload 1 log files or attachments, success rate: 1/1.
[2025-11-20 12:27:58Z INFO JobServerQueue] Try to append 1 batches web console lines for record '35ce219f-90f8-4ccf-aeb4-37878bf65cbb', success rate: 1/1.
[2025-11-20 12:27:58Z INFO AddMaskCommandExtension] Add new secret mask with length of 76
[2025-11-20 12:27:58Z INFO JobServerQueue] Try to append 1 batches web console lines for record '35ce219f-90f8-4ccf-aeb4-37878bf65cbb', success rate: 1/1.
[2025-11-20 12:27:58Z INFO JobServerQueue] Try to append 1 batches web console lines for record '35ce219f-90f8-4ccf-aeb4-37878bf65cbb', success rate: 1/1.
[2025-11-20 12:28:00Z INFO JobServerQueue] Tried to upload 1 file(s) to results, success rate: 1/1.
[2025-11-20 12:28:00Z INFO JobServerQueue] Try to append 1 batches web console lines for record '35ce219f-90f8-4ccf-aeb4-37878bf65cbb', success rate: 1/1.
[2025-11-20 12:28:00Z INFO JobServerQueue] Try to append 1 batches web console lines for record '35ce219f-90f8-4ccf-aeb4-37878bf65cbb', success rate: 1/1.
[2025-11-20 12:28:01Z INFO JobServerQueue] Try to append 1 batches web console lines for record '35ce219f-90f8-4ccf-aeb4-37878bf65cbb', success rate: 1/1.
[2025-11-20 12:28:02Z INFO JobServerQueue] Try to append 1 batches web console lines for record '35ce219f-90f8-4ccf-aeb4-37878bf65cbb', success rate: 1/1.
[2025-11-20 12:28:03Z INFO JobServerQueue] Try to append 1 batches web console lines for record '35ce219f-90f8-4ccf-aeb4-37878bf65cbb', success rate: 1/1.
[2025-11-20 12:28:03Z INFO JobServerQueue] Try to append 1 batches web console lines for record '35ce219f-90f8-4ccf-aeb4-37878bf65cbb', success rate: 1/1.
[2025-11-20 12:28:04Z INFO JobServerQueue] Try to append 1 batches web console lines for record '35ce219f-90f8-4ccf-aeb4-37878bf65cbb', success rate: 1/1.
[2025-11-20 12:28:04Z INFO JobServerQueue] Try to append 1 batches web console lines for record '35ce219f-90f8-4ccf-aeb4-37878bf65cbb', success rate: 1/1.
[2025-11-20 12:28:06Z INFO JobServerQueue] Try to append 1 batches web console lines for record '35ce219f-90f8-4ccf-aeb4-37878bf65cbb', success rate: 1/1.
[2025-11-20 12:28:06Z INFO JobServerQueue] Try to append 1 batches web console lines for record '35ce219f-90f8-4ccf-aeb4-37878bf65cbb', success rate: 1/1.
[2025-11-20 12:28:06Z INFO JobServerQueue] Try to append 1 batches web console lines for record '35ce219f-90f8-4ccf-aeb4-37878bf65cbb', success rate: 1/1.
[2025-11-20 12:28:07Z INFO JobServerQueue] Try to append 1 batches web console lines for record '35ce219f-90f8-4ccf-aeb4-37878bf65cbb', success rate: 1/1.
[2025-11-20 12:28:07Z INFO HostContext] Well known directory 'Bin': 'C:\Projects\unity-build-pipeline\actions-runner\bin'
[2025-11-20 12:28:07Z INFO HostContext] Well known directory 'Root': 'C:\Projects\unity-build-pipeline\actions-runner'
[2025-11-20 12:28:07Z INFO HostContext] Well known directory 'Work': 'C:\Projects\unity-build-pipeline\actions-runner\_work'
[2025-11-20 12:28:08Z INFO JobServerQueue] Try to append 1 batches web console lines for record '35ce219f-90f8-4ccf-aeb4-37878bf65cbb', success rate: 1/1.
[2025-11-20 12:28:10Z INFO JobServerQueue] Try to append 1 batches web console lines for record '35ce219f-90f8-4ccf-aeb4-37878bf65cbb', success rate: 1/1.
[2025-11-20 12:28:11Z INFO JobServerQueue] Try to append 1 batches web console lines for record '35ce219f-90f8-4ccf-aeb4-37878bf65cbb', success rate: 1/1.
[2025-11-20 12:28:11Z INFO JobServerQueue] Try to append 1 batches web console lines for record '35ce219f-90f8-4ccf-aeb4-37878bf65cbb', success rate: 1/1.
[2025-11-20 12:28:12Z INFO JobServerQueue] Try to append 1 batches web console lines for record '35ce219f-90f8-4ccf-aeb4-37878bf65cbb', success rate: 1/1.
[2025-11-20 12:28:12Z INFO JobServerQueue] Try to append 1 batches web console lines for record '35ce219f-90f8-4ccf-aeb4-37878bf65cbb', success rate: 1/1.
[2025-11-20 12:28:13Z INFO JobServerQueue] Try to append 1 batches web console lines for record '35ce219f-90f8-4ccf-aeb4-37878bf65cbb', success rate: 1/1.
[2025-11-20 12:28:13Z INFO JobServerQueue] Try to append 1 batches web console lines for record '35ce219f-90f8-4ccf-aeb4-37878bf65cbb', success rate: 1/1.
[2025-11-20 12:28:14Z INFO JobServerQueue] Try to append 1 batches web console lines for record '35ce219f-90f8-4ccf-aeb4-37878bf65cbb', success rate: 1/1.
[2025-11-20 12:28:15Z INFO ProcessInvokerWrapper] STDOUT/STDERR stream read finished.
[2025-11-20 12:28:15Z INFO ProcessInvokerWrapper] STDOUT/STDERR stream read finished.
[2025-11-20 12:28:15Z INFO ProcessInvokerWrapper] Finished process 54440 with exit code 0, and elapsed time 00:00:17.1961108.
[2025-11-20 12:28:15Z INFO CreateStepSummaryCommand] Step Summary file (C:\Projects\unity-build-pipeline\actions-runner\_work\_temp\_runner_file_commands\step_summary_8e186ff8-0519-4d5c-9ef1-66b919daffb9) is empty; skipping attachment upload
[2025-11-20 12:28:15Z INFO StepsRunner] Step result: 
[2025-11-20 12:28:15Z INFO ExecutionContext] Publish step telemetry for current step {
  "action": "actions/checkout",
  "ref": "v4",
  "type": "node20",
  "stage": "Main",
  "stepId": "35ce219f-90f8-4ccf-aeb4-37878bf65cbb",
  "stepContextName": "__actions_checkout",
  "hasPreStep": false,
  "hasPostStep": true,
  "result": "succeeded",
  "errorMessages": [],
  "executionTimeInSeconds": 18,
  "startTime": "2025-11-20T12:27:57.8766597Z",
  "finishTime": "2025-11-20T12:28:15.2049209Z"
***.
[2025-11-20 12:28:15Z INFO StepsRunner] No need for updating job result with current step result 'Succeeded'.
[2025-11-20 12:28:15Z INFO StepsRunner] Current state: job state = ''
[2025-11-20 12:28:15Z INFO StepsRunner] Processing step: DisplayName='Run Unity Build'
[2025-11-20 12:28:15Z INFO StepsRunner] Evaluating: success()
[2025-11-20 12:28:15Z INFO StepsRunner] Result: true
[2025-11-20 12:28:15Z INFO StepsRunner] Starting the step.
[2025-11-20 12:28:15Z INFO HostContext] Well known directory 'Bin': 'C:\Projects\unity-build-pipeline\actions-runner\bin'
[2025-11-20 12:28:15Z INFO HostContext] Well known directory 'Root': 'C:\Projects\unity-build-pipeline\actions-runner'
[2025-11-20 12:28:15Z INFO HostContext] Well known directory 'Work': 'C:\Projects\unity-build-pipeline\actions-runner\_work'
[2025-11-20 12:28:15Z INFO StepsRunner] Which2: 'chcp'
[2025-11-20 12:28:15Z INFO StepsRunner] Location: 'C:\WINDOWS\system32\chcp.COM'
[2025-11-20 12:28:15Z INFO ProcessInvokerWrapper] Starting process:
[2025-11-20 12:28:15Z INFO ProcessInvokerWrapper]   File name: 'C:\WINDOWS\system32\chcp.COM'
[2025-11-20 12:28:15Z INFO ProcessInvokerWrapper]   Arguments: '65001'
[2025-11-20 12:28:15Z INFO ProcessInvokerWrapper]   Working directory: 'C:\Projects\unity-build-pipeline\actions-runner\_work'
[2025-11-20 12:28:15Z INFO ProcessInvokerWrapper]   Require exit code zero: 'False'
[2025-11-20 12:28:15Z INFO ProcessInvokerWrapper]   Encoding web name:  ; code page: ''
[2025-11-20 12:28:15Z INFO ProcessInvokerWrapper]   Force kill process on cancellation: 'False'
[2025-11-20 12:28:15Z INFO ProcessInvokerWrapper]   Redirected STDIN: 'False'
[2025-11-20 12:28:15Z INFO ProcessInvokerWrapper]   Persist current code page: 'True'
[2025-11-20 12:28:15Z INFO ProcessInvokerWrapper]   Keep redirected STDIN open: 'False'
[2025-11-20 12:28:15Z INFO ProcessInvokerWrapper]   High priority process: 'False'
[2025-11-20 12:28:15Z INFO ProcessInvokerWrapper] Process started with process id 31464, waiting for process exit.
[2025-11-20 12:28:15Z INFO ProcessInvokerWrapper] STDOUT/STDERR stream read finished.
[2025-11-20 12:28:15Z INFO ProcessInvokerWrapper] STDOUT/STDERR stream read finished.
[2025-11-20 12:28:15Z INFO ProcessInvokerWrapper] Finished process 31464 with exit code 0, and elapsed time 00:00:00.0170810.
[2025-11-20 12:28:15Z INFO StepsRunner] Successfully returned to code page 65001 (UTF8)
[2025-11-20 12:28:15Z INFO HostContext] Well known directory 'Bin': 'C:\Projects\unity-build-pipeline\actions-runner\bin'
[2025-11-20 12:28:15Z INFO HostContext] Well known directory 'Root': 'C:\Projects\unity-build-pipeline\actions-runner'
[2025-11-20 12:28:15Z INFO HostContext] Well known directory 'Work': 'C:\Projects\unity-build-pipeline\actions-runner\_work'
[2025-11-20 12:28:15Z INFO HostContext] Well known directory 'Temp': 'C:\Projects\unity-build-pipeline\actions-runner\_work\_temp'
[2025-11-20 12:28:15Z INFO ExecutionContext] Write event payload to C:\Projects\unity-build-pipeline\actions-runner\_work\_temp\_github_workflow\event.json
[2025-11-20 12:28:15Z INFO HostContext] Well known directory 'Bin': 'C:\Projects\unity-build-pipeline\actions-runner\bin'
[2025-11-20 12:28:15Z INFO HostContext] Well known directory 'Root': 'C:\Projects\unity-build-pipeline\actions-runner'
[2025-11-20 12:28:15Z INFO HostContext] Well known directory 'Work': 'C:\Projects\unity-build-pipeline\actions-runner\_work'
[2025-11-20 12:28:15Z INFO HostContext] Well known directory 'Temp': 'C:\Projects\unity-build-pipeline\actions-runner\_work\_temp'
[2025-11-20 12:28:15Z INFO ExtensionManager] Getting extensions for interface: 'GitHub.Runner.Worker.IFileCommandExtension'
[2025-11-20 12:28:15Z INFO ExtensionManager] Getting extensions for interface: 'GitHub.Runner.Worker.IActionCommandExtension'
[2025-11-20 12:28:15Z INFO ActionCommandManager] Register action command extension for command internal-set-repo-path
[2025-11-20 12:28:15Z INFO ActionCommandManager] Register action command extension for command set-env
[2025-11-20 12:28:15Z INFO ActionCommandManager] Register action command extension for command set-output
[2025-11-20 12:28:15Z INFO ActionCommandManager] Register action command extension for command save-state
[2025-11-20 12:28:15Z INFO ActionCommandManager] Register action command extension for command add-path
[2025-11-20 12:28:15Z INFO ActionCommandManager] Register action command extension for command add-mask
[2025-11-20 12:28:15Z INFO ActionCommandManager] Register action command extension for command add-matcher
[2025-11-20 12:28:15Z INFO ActionCommandManager] Register action command extension for command remove-matcher
[2025-11-20 12:28:15Z INFO ActionCommandManager] Register action command extension for command warning
[2025-11-20 12:28:15Z INFO ActionCommandManager] Register action command extension for command error
[2025-11-20 12:28:15Z INFO ActionCommandManager] Register action command extension for command notice
[2025-11-20 12:28:15Z INFO ActionCommandManager] Register action command extension for command debug
[2025-11-20 12:28:15Z INFO ActionCommandManager] Register action command extension for command group
[2025-11-20 12:28:15Z INFO ActionCommandManager] Register action command extension for command endgroup
[2025-11-20 12:28:15Z INFO ActionCommandManager] Register action command extension for command echo
[2025-11-20 12:28:15Z INFO ScriptHandler] Which2: 'cmd'
[2025-11-20 12:28:15Z INFO ScriptHandler] Location: 'C:\WINDOWS\system32\cmd.EXE'
[2025-11-20 12:28:15Z INFO HostContext] Well known directory 'Bin': 'C:\Projects\unity-build-pipeline\actions-runner\bin'
[2025-11-20 12:28:15Z INFO JobServerQueue] Try to append 1 batches web console lines for record '35ce219f-90f8-4ccf-aeb4-37878bf65cbb', success rate: 1/1.
[2025-11-20 12:28:15Z INFO HostContext] Well known directory 'Root': 'C:\Projects\unity-build-pipeline\actions-runner'
[2025-11-20 12:28:15Z INFO HostContext] Well known directory 'Work': 'C:\Projects\unity-build-pipeline\actions-runner\_work'
[2025-11-20 12:28:15Z INFO JobServerQueue] Try to append 1 batches web console lines for record '43bb408b-c03f-49f1-85d3-dc99ae6bdba9', success rate: 1/1.
[2025-11-20 12:28:15Z INFO HostContext] Well known directory 'Temp': 'C:\Projects\unity-build-pipeline\actions-runner\_work\_temp'
[2025-11-20 12:28:15Z INFO ScriptHandler] Which2: 'cmd'
[2025-11-20 12:28:15Z INFO ScriptHandler] Location: 'C:\WINDOWS\system32\cmd.EXE'
[2025-11-20 12:28:15Z INFO ProcessInvokerWrapper] Starting process:
[2025-11-20 12:28:15Z INFO ProcessInvokerWrapper]   File name: 'C:\WINDOWS\system32\cmd.EXE'
[2025-11-20 12:28:15Z INFO ProcessInvokerWrapper]   Arguments: '/D /E:ON /V:OFF /S /C "CALL "C:\Projects\unity-build-pipeline\actions-runner\_work\_temp\bf9c9332-1626-4c70-adb9-8dad1c8da96e.cmd""'
[2025-11-20 12:28:15Z INFO ProcessInvokerWrapper]   Working directory: 'C:\Projects\unity-build-pipeline\actions-runner\_work\unity-build-pipeline\unity-build-pipeline'
[2025-11-20 12:28:15Z INFO ProcessInvokerWrapper]   Require exit code zero: 'False'
[2025-11-20 12:28:15Z INFO ProcessInvokerWrapper]   Encoding web name:  ; code page: ''
[2025-11-20 12:28:15Z INFO ProcessInvokerWrapper]   Force kill process on cancellation: 'False'
[2025-11-20 12:28:15Z INFO ProcessInvokerWrapper]   Redirected STDIN: 'False'
[2025-11-20 12:28:15Z INFO ProcessInvokerWrapper]   Persist current code page: 'True'
[2025-11-20 12:28:15Z INFO ProcessInvokerWrapper]   Keep redirected STDIN open: 'False'
[2025-11-20 12:28:15Z INFO ProcessInvokerWrapper]   High priority process: 'False'
[2025-11-20 12:28:15Z INFO ProcessInvokerWrapper] Process started with process id 49940, waiting for process exit.
[2025-11-20 12:28:15Z INFO JobServerQueue] Got a step log file to send to results service.
[2025-11-20 12:28:15Z INFO JobServerQueue] Starting upload of step log file to results service ResultsLog, C:\Projects\unity-build-pipeline\actions-runner\_diag\blocks\6f069646-a9b8-427f-8a25-e9f21d65f8df_35ce219f-90f8-4ccf-aeb4-37878bf65cbb.1
[2025-11-20 12:28:15Z INFO JobServerQueue] Try to append 1 batches web console lines for record '43bb408b-c03f-49f1-85d3-dc99ae6bdba9', success rate: 1/1.
[2025-11-20 12:28:15Z INFO JobServerQueue] Try to upload 1 log files or attachments, success rate: 1/1.
[2025-11-20 12:28:16Z INFO JobServerQueue] Tried to upload 1 file(s) to results, success rate: 1/1.
[2025-11-20 12:28:17Z INFO HostContext] Well known directory 'Bin': 'C:\Projects\unity-build-pipeline\actions-runner\bin'
[2025-11-20 12:28:17Z INFO HostContext] Well known directory 'Root': 'C:\Projects\unity-build-pipeline\actions-runner'
[2025-11-20 12:28:17Z INFO HostContext] Well known directory 'Work': 'C:\Projects\unity-build-pipeline\actions-runner\_work'
[2025-11-20 12:28:27Z INFO HostContext] Well known directory 'Bin': 'C:\Projects\unity-build-pipeline\actions-runner\bin'
[2025-11-20 12:28:27Z INFO HostContext] Well known directory 'Root': 'C:\Projects\unity-build-pipeline\actions-runner'
[2025-11-20 12:28:27Z INFO HostContext] Well known directory 'Work': 'C:\Projects\unity-build-pipeline\actions-runner\_work'
[2025-11-20 12:28:37Z INFO HostContext] Well known directory 'Bin': 'C:\Projects\unity-build-pipeline\actions-runner\bin'
[2025-11-20 12:28:37Z INFO HostContext] Well known directory 'Root': 'C:\Projects\unity-build-pipeline\actions-runner'
[2025-11-20 12:28:37Z INFO HostContext] Well known directory 'Work': 'C:\Projects\unity-build-pipeline\actions-runner\_work'
[2025-11-20 12:28:47Z INFO HostContext] Well known directory 'Bin': 'C:\Projects\unity-build-pipeline\actions-runner\bin'
[2025-11-20 12:28:47Z INFO HostContext] Well known directory 'Root': 'C:\Projects\unity-build-pipeline\actions-runner'
[2025-11-20 12:28:47Z INFO HostContext] Well known directory 'Work': 'C:\Projects\unity-build-pipeline\actions-runner\_work'
[2025-11-20 12:28:50Z INFO JobServerQueue] Stop aggressive process web console line queue.
[2025-11-20 12:28:57Z INFO HostContext] Well known directory 'Bin': 'C:\Projects\unity-build-pipeline\actions-runner\bin'
[2025-11-20 12:28:57Z INFO HostContext] Well known directory 'Root': 'C:\Projects\unity-build-pipeline\actions-runner'
[2025-11-20 12:28:57Z INFO HostContext] Well known directory 'Work': 'C:\Projects\unity-build-pipeline\actions-runner\_work'
[2025-11-20 12:29:07Z INFO HostContext] Well known directory 'Bin': 'C:\Projects\unity-build-pipeline\actions-runner\bin'
[2025-11-20 12:29:07Z INFO HostContext] Well known directory 'Root': 'C:\Projects\unity-build-pipeline\actions-runner'
[2025-11-20 12:29:07Z INFO HostContext] Well known directory 'Work': 'C:\Projects\unity-build-pipeline\actions-runner\_work'
[2025-11-20 12:29:17Z INFO HostContext] Well known directory 'Bin': 'C:\Projects\unity-build-pipeline\actions-runner\bin'
[2025-11-20 12:29:17Z INFO HostContext] Well known directory 'Root': 'C:\Projects\unity-build-pipeline\actions-runner'
[2025-11-20 12:29:17Z INFO HostContext] Well known directory 'Work': 'C:\Projects\unity-build-pipeline\actions-runner\_work'
[2025-11-20 12:29:20Z INFO JobServerQueue] Try to append 1 batches web console lines for record '43bb408b-c03f-49f1-85d3-dc99ae6bdba9', success rate: 1/1.
[2025-11-20 12:29:21Z INFO JobServerQueue] Try to append 1 batches web console lines for record '43bb408b-c03f-49f1-85d3-dc99ae6bdba9', success rate: 1/1.
[2025-11-20 12:29:25Z INFO ProcessInvokerWrapper] Scan all processes to find relationship between all processes.
[2025-11-20 12:29:25Z INFO ProcessInvokerWrapper] Find all child processes of process '49940'.
[2025-11-20 12:29:25Z INFO ProcessInvokerWrapper] Need kill all child processes trees before kill process '49940'.
[2025-11-20 12:29:25Z INFO ProcessInvokerWrapper] Child process '99588' needs be killed first.
[2025-11-20 12:29:25Z INFO ProcessInvokerWrapper] Find all child processes of process '99588'.
[2025-11-20 12:29:25Z INFO ProcessInvokerWrapper] Need kill all child processes trees before kill process '99588'.
[2025-11-20 12:29:25Z INFO ProcessInvokerWrapper] Child process '20384' needs be killed first.
[2025-11-20 12:29:25Z INFO ProcessInvokerWrapper] Find all child processes of process '20384'.
[2025-11-20 12:29:25Z INFO ProcessInvokerWrapper] Kill process '20384'.
[2025-11-20 12:29:25Z INFO ProcessInvokerWrapper] Kill process '99588'.
[2025-11-20 12:29:25Z INFO ProcessInvokerWrapper] Kill process '49940'.
[2025-11-20 12:29:25Z INFO ProcessInvokerWrapper] Finished process 49940 with exit code 0, and elapsed time 00:01:10.7084757.
[2025-11-20 12:29:25Z INFO CreateStepSummaryCommand] Step Summary file (C:\Projects\unity-build-pipeline\actions-runner\_work\_temp\_runner_file_commands\step_summary_6556e1db-4f04-4ab8-a887-fe5dbde08740) is empty; skipping attachment upload
[2025-11-20 12:29:25Z INFO ProcessInvokerWrapper] STDOUT/STDERR stream read finished.
[2025-11-20 12:29:25Z INFO StepsRunner] Step result: 
[2025-11-20 12:29:25Z INFO ProcessInvokerWrapper] STDOUT/STDERR stream read finished.
[2025-11-20 12:29:25Z INFO ExecutionContext] Publish step telemetry for current step {
  "action": "cmd",
  "type": "run",
  "stage": "Main",
  "stepId": "43bb408b-c03f-49f1-85d3-dc99ae6bdba9",
  "stepContextName": "__run",
  "result": "succeeded",
  "errorMessages": [],
  "executionTimeInSeconds": 71,
  "startTime": "2025-11-20T12:28:15.2055831Z",
  "finishTime": "2025-11-20T12:29:25.9571769Z"
***.
[2025-11-20 12:29:25Z INFO StepsRunner] No need for updating job result with current step result 'Succeeded'.
[2025-11-20 12:29:25Z INFO StepsRunner] Current state: job state = ''
[2025-11-20 12:29:25Z INFO StepsRunner] Processing step: DisplayName='Upload build to Google Drive'
[2025-11-20 12:29:25Z INFO StepsRunner] Evaluating: success()
[2025-11-20 12:29:25Z INFO StepsRunner] Result: true
[2025-11-20 12:29:25Z INFO StepsRunner] Starting the step.
[2025-11-20 12:29:25Z INFO HostContext] Well known directory 'Bin': 'C:\Projects\unity-build-pipeline\actions-runner\bin'
[2025-11-20 12:29:25Z INFO HostContext] Well known directory 'Root': 'C:\Projects\unity-build-pipeline\actions-runner'
[2025-11-20 12:29:25Z INFO HostContext] Well known directory 'Work': 'C:\Projects\unity-build-pipeline\actions-runner\_work'
[2025-11-20 12:29:25Z INFO StepsRunner] Which2: 'chcp'
[2025-11-20 12:29:25Z INFO StepsRunner] Location: 'C:\WINDOWS\system32\chcp.COM'
[2025-11-20 12:29:25Z INFO ProcessInvokerWrapper] Starting process:
[2025-11-20 12:29:25Z INFO ProcessInvokerWrapper]   File name: 'C:\WINDOWS\system32\chcp.COM'
[2025-11-20 12:29:25Z INFO ProcessInvokerWrapper]   Arguments: '65001'
[2025-11-20 12:29:25Z INFO ProcessInvokerWrapper]   Working directory: 'C:\Projects\unity-build-pipeline\actions-runner\_work'
[2025-11-20 12:29:25Z INFO ProcessInvokerWrapper]   Require exit code zero: 'False'
[2025-11-20 12:29:25Z INFO ProcessInvokerWrapper]   Encoding web name:  ; code page: ''
[2025-11-20 12:29:25Z INFO ProcessInvokerWrapper]   Force kill process on cancellation: 'False'
[2025-11-20 12:29:25Z INFO ProcessInvokerWrapper]   Redirected STDIN: 'False'
[2025-11-20 12:29:25Z INFO ProcessInvokerWrapper]   Persist current code page: 'True'
[2025-11-20 12:29:25Z INFO ProcessInvokerWrapper]   Keep redirected STDIN open: 'False'
[2025-11-20 12:29:25Z INFO ProcessInvokerWrapper]   High priority process: 'False'
[2025-11-20 12:29:25Z INFO ProcessInvokerWrapper] Process started with process id 64740, waiting for process exit.
[2025-11-20 12:29:25Z INFO ProcessInvokerWrapper] STDOUT/STDERR stream read finished.
[2025-11-20 12:29:25Z INFO ProcessInvokerWrapper] STDOUT/STDERR stream read finished.
[2025-11-20 12:29:25Z INFO ProcessInvokerWrapper] Finished process 64740 with exit code 0, and elapsed time 00:00:00.0167221.
[2025-11-20 12:29:25Z INFO StepsRunner] Successfully returned to code page 65001 (UTF8)
[2025-11-20 12:29:25Z INFO HostContext] Well known directory 'Bin': 'C:\Projects\unity-build-pipeline\actions-runner\bin'
[2025-11-20 12:29:25Z INFO HostContext] Well known directory 'Root': 'C:\Projects\unity-build-pipeline\actions-runner'
[2025-11-20 12:29:25Z INFO HostContext] Well known directory 'Work': 'C:\Projects\unity-build-pipeline\actions-runner\_work'
[2025-11-20 12:29:25Z INFO HostContext] Well known directory 'Temp': 'C:\Projects\unity-build-pipeline\actions-runner\_work\_temp'
[2025-11-20 12:29:25Z INFO ExecutionContext] Write event payload to C:\Projects\unity-build-pipeline\actions-runner\_work\_temp\_github_workflow\event.json
[2025-11-20 12:29:25Z INFO HostContext] Well known directory 'Bin': 'C:\Projects\unity-build-pipeline\actions-runner\bin'
[2025-11-20 12:29:25Z INFO HostContext] Well known directory 'Root': 'C:\Projects\unity-build-pipeline\actions-runner'
[2025-11-20 12:29:25Z INFO HostContext] Well known directory 'Work': 'C:\Projects\unity-build-pipeline\actions-runner\_work'
[2025-11-20 12:29:25Z INFO HostContext] Well known directory 'Temp': 'C:\Projects\unity-build-pipeline\actions-runner\_work\_temp'
[2025-11-20 12:29:25Z INFO ExtensionManager] Getting extensions for interface: 'GitHub.Runner.Worker.IFileCommandExtension'
[2025-11-20 12:29:25Z INFO ExtensionManager] Getting extensions for interface: 'GitHub.Runner.Worker.IActionCommandExtension'
[2025-11-20 12:29:25Z INFO ActionCommandManager] Register action command extension for command internal-set-repo-path
[2025-11-20 12:29:25Z INFO ActionCommandManager] Register action command extension for command set-env
[2025-11-20 12:29:25Z INFO ActionCommandManager] Register action command extension for command set-output
[2025-11-20 12:29:25Z INFO ActionCommandManager] Register action command extension for command save-state
[2025-11-20 12:29:25Z INFO ActionCommandManager] Register action command extension for command add-path
[2025-11-20 12:29:25Z INFO ActionCommandManager] Register action command extension for command add-mask
[2025-11-20 12:29:25Z INFO ActionCommandManager] Register action command extension for command add-matcher
[2025-11-20 12:29:25Z INFO ActionCommandManager] Register action command extension for command remove-matcher
[2025-11-20 12:29:25Z INFO ActionCommandManager] Register action command extension for command warning
[2025-11-20 12:29:25Z INFO ActionCommandManager] Register action command extension for command error
[2025-11-20 12:29:25Z INFO ActionCommandManager] Register action command extension for command notice
[2025-11-20 12:29:25Z INFO ActionCommandManager] Register action command extension for command debug
[2025-11-20 12:29:25Z INFO ActionCommandManager] Register action command extension for command group
[2025-11-20 12:29:25Z INFO ActionCommandManager] Register action command extension for command endgroup
[2025-11-20 12:29:25Z INFO ActionCommandManager] Register action command extension for command echo
[2025-11-20 12:29:25Z INFO ScriptHandler] Which2: 'cmd'
[2025-11-20 12:29:25Z INFO ScriptHandler] Location: 'C:\WINDOWS\system32\cmd.EXE'
[2025-11-20 12:29:25Z INFO HostContext] Well known directory 'Bin': 'C:\Projects\unity-build-pipeline\actions-runner\bin'
[2025-11-20 12:29:25Z INFO HostContext] Well known directory 'Root': 'C:\Projects\unity-build-pipeline\actions-runner'
[2025-11-20 12:29:25Z INFO HostContext] Well known directory 'Work': 'C:\Projects\unity-build-pipeline\actions-runner\_work'
[2025-11-20 12:29:25Z INFO HostContext] Well known directory 'Temp': 'C:\Projects\unity-build-pipeline\actions-runner\_work\_temp'
[2025-11-20 12:29:25Z INFO ScriptHandler] Which2: 'cmd'
[2025-11-20 12:29:25Z INFO ScriptHandler] Location: 'C:\WINDOWS\system32\cmd.EXE'
[2025-11-20 12:29:25Z INFO ProcessInvokerWrapper] Starting process:
[2025-11-20 12:29:25Z INFO ProcessInvokerWrapper]   File name: 'C:\WINDOWS\system32\cmd.EXE'
[2025-11-20 12:29:25Z INFO ProcessInvokerWrapper]   Arguments: '/D /E:ON /V:OFF /S /C "CALL "C:\Projects\unity-build-pipeline\actions-runner\_work\_temp\ddaac675-2403-4e65-93bc-b5cb9bd8ddea.cmd""'
[2025-11-20 12:29:25Z INFO ProcessInvokerWrapper]   Working directory: 'C:\Projects\unity-build-pipeline\actions-runner\_work\unity-build-pipeline\unity-build-pipeline'
[2025-11-20 12:29:25Z INFO ProcessInvokerWrapper]   Require exit code zero: 'False'
[2025-11-20 12:29:25Z INFO ProcessInvokerWrapper]   Encoding web name:  ; code page: ''
[2025-11-20 12:29:25Z INFO ProcessInvokerWrapper]   Force kill process on cancellation: 'False'
[2025-11-20 12:29:25Z INFO ProcessInvokerWrapper]   Redirected STDIN: 'False'
[2025-11-20 12:29:25Z INFO ProcessInvokerWrapper]   Persist current code page: 'True'
[2025-11-20 12:29:25Z INFO ProcessInvokerWrapper]   Keep redirected STDIN open: 'False'
[2025-11-20 12:29:25Z INFO ProcessInvokerWrapper]   High priority process: 'False'
[2025-11-20 12:29:25Z INFO ProcessInvokerWrapper] Process started with process id 77052, waiting for process exit.
[2025-11-20 12:29:26Z INFO JobServerQueue] Try to upload 1 log files or attachments, success rate: 1/1.
[2025-11-20 12:29:26Z INFO JobServerQueue] Try to append 1 batches web console lines for record '43bb408b-c03f-49f1-85d3-dc99ae6bdba9', success rate: 1/1.
[2025-11-20 12:29:26Z INFO JobServerQueue] Try to append 1 batches web console lines for record '76444c05-3082-4971-af8d-410b8d2f89c3', success rate: 1/1.
[2025-11-20 12:29:26Z INFO JobServerQueue] Got a step log file to send to results service.
[2025-11-20 12:29:26Z INFO JobServerQueue] Starting upload of step log file to results service ResultsLog, C:\Projects\unity-build-pipeline\actions-runner\_diag\blocks\6f069646-a9b8-427f-8a25-e9f21d65f8df_43bb408b-c03f-49f1-85d3-dc99ae6bdba9.1
[2025-11-20 12:29:26Z INFO JobServerQueue] Try to append 1 batches web console lines for record '76444c05-3082-4971-af8d-410b8d2f89c3', success rate: 1/1.
[2025-11-20 12:29:27Z INFO JobServerQueue] Try to append 1 batches web console lines for record '76444c05-3082-4971-af8d-410b8d2f89c3', success rate: 1/1.
[2025-11-20 12:29:27Z INFO JobServerQueue] Tried to upload 1 file(s) to results, success rate: 1/1.
[2025-11-20 12:29:27Z INFO ProcessInvokerWrapper] STDOUT/STDERR stream read finished.
[2025-11-20 12:29:27Z INFO ProcessInvokerWrapper] STDOUT/STDERR stream read finished.
[2025-11-20 12:29:27Z INFO ProcessInvokerWrapper] Finished process 77052 with exit code 0, and elapsed time 00:00:01.8745852.
[2025-11-20 12:29:27Z INFO CreateStepSummaryCommand] Step Summary file (C:\Projects\unity-build-pipeline\actions-runner\_work\_temp\_runner_file_commands\step_summary_d2ab0a55-0393-41c3-b82f-561d02401ba1) is empty; skipping attachment upload
[2025-11-20 12:29:27Z INFO StepsRunner] Step result: 
[2025-11-20 12:29:27Z INFO ExecutionContext] Publish step telemetry for current step {
  "action": "cmd",
  "type": "run",
  "stage": "Main",
  "stepId": "76444c05-3082-4971-af8d-410b8d2f89c3",
  "stepContextName": "__run_2",
  "result": "succeeded",
  "errorMessages": [],
  "executionTimeInSeconds": 2,
  "startTime": "2025-11-20T12:29:25.9599939Z",
  "finishTime": "2025-11-20T12:29:27.8655559Z"
***.
[2025-11-20 12:29:27Z INFO StepsRunner] No need for updating job result with current step result 'Succeeded'.
[2025-11-20 12:29:27Z INFO StepsRunner] Current state: job state = ''
[2025-11-20 12:29:27Z INFO StepsRunner] Processing step: DisplayName='Slack Notification Success'
[2025-11-20 12:29:27Z INFO StepsRunner] Evaluating: success()
[2025-11-20 12:29:27Z INFO StepsRunner] Result: true
[2025-11-20 12:29:27Z INFO StepsRunner] Starting the step.
[2025-11-20 12:29:27Z INFO HostContext] Well known directory 'Bin': 'C:\Projects\unity-build-pipeline\actions-runner\bin'
[2025-11-20 12:29:27Z INFO HostContext] Well known directory 'Root': 'C:\Projects\unity-build-pipeline\actions-runner'
[2025-11-20 12:29:27Z INFO HostContext] Well known directory 'Work': 'C:\Projects\unity-build-pipeline\actions-runner\_work'
[2025-11-20 12:29:27Z INFO StepsRunner] Which2: 'chcp'
[2025-11-20 12:29:27Z INFO StepsRunner] Location: 'C:\WINDOWS\system32\chcp.COM'
[2025-11-20 12:29:27Z INFO ProcessInvokerWrapper] Starting process:
[2025-11-20 12:29:27Z INFO ProcessInvokerWrapper]   File name: 'C:\WINDOWS\system32\chcp.COM'
[2025-11-20 12:29:27Z INFO ProcessInvokerWrapper]   Arguments: '65001'
[2025-11-20 12:29:27Z INFO ProcessInvokerWrapper]   Working directory: 'C:\Projects\unity-build-pipeline\actions-runner\_work'
[2025-11-20 12:29:27Z INFO ProcessInvokerWrapper]   Require exit code zero: 'False'
[2025-11-20 12:29:27Z INFO ProcessInvokerWrapper]   Encoding web name:  ; code page: ''
[2025-11-20 12:29:27Z INFO ProcessInvokerWrapper]   Force kill process on cancellation: 'False'
[2025-11-20 12:29:27Z INFO ProcessInvokerWrapper]   Redirected STDIN: 'False'
[2025-11-20 12:29:27Z INFO ProcessInvokerWrapper]   Persist current code page: 'True'
[2025-11-20 12:29:27Z INFO ProcessInvokerWrapper]   Keep redirected STDIN open: 'False'
[2025-11-20 12:29:27Z INFO ProcessInvokerWrapper]   High priority process: 'False'
[2025-11-20 12:29:27Z INFO ProcessInvokerWrapper] Process started with process id 35520, waiting for process exit.
[2025-11-20 12:29:27Z INFO ProcessInvokerWrapper] STDOUT/STDERR stream read finished.
[2025-11-20 12:29:27Z INFO ProcessInvokerWrapper] STDOUT/STDERR stream read finished.
[2025-11-20 12:29:27Z INFO ProcessInvokerWrapper] Finished process 35520 with exit code 0, and elapsed time 00:00:00.0124296.
[2025-11-20 12:29:27Z INFO StepsRunner] Successfully returned to code page 65001 (UTF8)
[2025-11-20 12:29:27Z INFO HostContext] Well known directory 'Bin': 'C:\Projects\unity-build-pipeline\actions-runner\bin'
[2025-11-20 12:29:27Z INFO HostContext] Well known directory 'Root': 'C:\Projects\unity-build-pipeline\actions-runner'
[2025-11-20 12:29:27Z INFO HostContext] Well known directory 'Work': 'C:\Projects\unity-build-pipeline\actions-runner\_work'
[2025-11-20 12:29:27Z INFO HostContext] Well known directory 'Actions': 'C:\Projects\unity-build-pipeline\actions-runner\_work\_actions'
[2025-11-20 12:29:27Z INFO ActionManager] Load action that reference repository from 'C:\Projects\unity-build-pipeline\actions-runner\_work\_actions\rtCamp\action-slack-notify\v2'
[2025-11-20 12:29:27Z INFO HostContext] Well known directory 'Bin': 'C:\Projects\unity-build-pipeline\actions-runner\bin'
[2025-11-20 12:29:27Z INFO HostContext] Well known directory 'Root': 'C:\Projects\unity-build-pipeline\actions-runner'
[2025-11-20 12:29:27Z INFO HostContext] Well known directory 'Work': 'C:\Projects\unity-build-pipeline\actions-runner\_work'
[2025-11-20 12:29:27Z INFO HostContext] Well known directory 'Actions': 'C:\Projects\unity-build-pipeline\actions-runner\_work\_actions'
[2025-11-20 12:29:27Z INFO ActionManifestManager] Ignore action property author.
[2025-11-20 12:29:27Z INFO ActionManifestManager] Ignore action property branding.
[2025-11-20 12:29:27Z INFO ActionManifestManager] Loaded action.yml file: {
  "name": "Slack Notify",
  "description": "This action will send a notification to Slack",
  "inputs": null,
  "execution": {
    "executionType": "composite",
    "hasPre": false,
    "hasPost": false,
    "preSteps": [],
    "steps": [
      {
        "type": "action",
        "reference": {
          "type": "repository",
          "name": "LoveToKnow/slackify-markdown-action",
          "ref": "698a1d4d0ff1794152a93c03ee8ca5e03a310d4e",
          "repositoryType": "GitHub",
          "path": ""
        ***,
        "displayNameToken": {
          "type": 0,
          "file": 3,
          "line": 7,
          "col": 15,
          "lit": "Slack-Markdown Message Conversion"
        ***,
        "contextName": "slackify_message",
        "inputs": {
          "type": 2,
          "file": 3,
          "line": 12,
          "col": 11,
          "map": [
            {
              "key": {
                "type": 0,
                "file": 3,
                "line": 12,
                "col": 11,
                "lit": "text"
              ***,
              "value": {
                "type": 3,
                "file": 3,
                "line": 12,
                "col": 17,
                "expr": "env.SLACK_MESSAGE"
              ***
            ***
          ]
        ***,
        "condition": "success() && (env.SLACKIFY_MARKDOWN == 'true' && env.SLACK_MESSAGE != '')"
      ***,
      {
        "type": "action",
        "reference": {
          "type": "repository",
          "name": "LoveToKnow/slackify-markdown-action",
          "ref": "698a1d4d0ff1794152a93c03ee8ca5e03a310d4e",
          "repositoryType": "GitHub",
          "path": ""
        ***,
        "displayNameToken": {
          "type": 0,
          "file": 3,
          "line": 14,
          "col": 15,
          "lit": "Slack-Markdown Success Message Conversion"
        ***,
        "contextName": "slackify_success_message",
        "inputs": {
          "type": 2,
          "file": 3,
          "line": 19,
          "col": 11,
          "map": [
            {
              "key": {
                "type": 0,
                "file": 3,
                "line": 19,
                "col": 11,
                "lit": "text"
              ***,
              "value": {
                "type": 3,
                "file": 3,
                "line": 19,
                "col": 17,
                "expr": "env.SLACK_MESSAGE_ON_SUCCESS"
              ***
            ***
          ]
        ***,
        "condition": "success() && (env.SLACKIFY_MARKDOWN == 'true' && env.SLACK_MESSAGE_ON_SUCCESS != '')"
      ***,
      {
        "type": "action",
        "reference": {
          "type": "repository",
          "name": "LoveToKnow/slackify-markdown-action",
          "ref": "698a1d4d0ff1794152a93c03ee8ca5e03a310d4e",
          "repositoryType": "GitHub",
          "path": ""
        ***,
        "displayNameToken": {
          "type": 0,
          "file": 3,
          "line": 21,
          "col": 15,
          "lit": "Slack-Markdown Failure Message Conversion"
        ***,
        "contextName": "slackify_failure_message",
        "inputs": {
          "type": 2,
          "file": 3,
          "line": 26,
          "col": 11,
          "map": [
            {
              "key": {
                "type": 0,
                "file": 3,
                "line": 26,
                "col": 11,
                "lit": "text"
              ***,
              "value": {
                "type": 3,
                "file": 3,
                "line": 26,
                "col": 17,
                "expr": "env.SLACK_MESSAGE_ON_FAILURE"
              ***
            ***
          ]
        ***,
        "condition": "success() && (env.SLACKIFY_MARKDOWN == 'true' && env.SLACK_MESSAGE_ON_FAILURE != '')"
      ***,
      {
        "type": "action",
        "reference": {
          "type": "repository",
          "name": "LoveToKnow/slackify-markdown-action",
          "ref": "698a1d4d0ff1794152a93c03ee8ca5e03a310d4e",
          "repositoryType": "GitHub",
          "path": ""
        ***,
        "displayNameToken": {
          "type": 0,
          "file": 3,
          "line": 28,
          "col": 15,
          "lit": "Slack-Markdown Cancel Message Conversion"
        ***,
        "contextName": "slackify_cancel_message",
        "inputs": {
          "type": 2,
          "file": 3,
          "line": 33,
          "col": 11,
          "map": [
            {
              "key": {
                "type": 0,
                "file": 3,
                "line": 33,
                "col": 11,
                "lit": "text"
              ***,
              "value": {
                "type": 3,
                "file": 3,
                "line": 33,
                "col": 17,
                "expr": "env.SLACK_MESSAGE_ON_CANCEL"
              ***
            ***
          ]
        ***,
        "condition": "success() && (env.SLACKIFY_MARKDOWN == 'true' && env.SLACK_MESSAGE_ON_CANCEL != '')"
      ***,
      {
        "type": "action",
        "reference": {
          "type": "containerRegistry",
          "image": "ghcr.io/rtcamp/action-slack-notify:v2.3.3"
        ***,
        "displayNameToken": {
          "type": 0,
          "file": 3,
          "line": 35,
          "col": 15,
          "lit": "Slack Notification (Formatted)"
        ***,
        "contextName": "__ghcr_io_rtcamp_action-slack-notify_v2_3_3",
        "environment": {
          "type": 2,
          "file": 3,
          "line": 38,
          "col": 11,
          "map": [
            {
              "key": {
                "type": 0,
                "file": 3,
                "line": 38,
                "col": 11,
                "lit": "SLACK_MESSAGE"
              ***,
              "value": {
                "type": 3,
                "file": 3,
                "line": 38,
                "col": 26,
                "expr": "steps.slackify_message.outputs.text || env.SLACK_MESSAGE"
              ***
            ***,
            {
              "key": {
                "type": 0,
                "file": 3,
                "line": 39,
                "col": 11,
                "lit": "SLACK_MESSAGE_ON_SUCCESS"
              ***,
              "value": {
                "type": 3,
                "file": 3,
                "line": 39,
                "col": 37,
                "expr": "steps.slackify_success_message.outputs.text || env.SLACK_MESSAGE_ON_SUCCESS"
              ***
            ***,
            {
              "key": {
                "type": 0,
                "file": 3,
                "line": 40,
                "col": 11,
                "lit": "SLACK_MESSAGE_ON_FAILURE"
              ***,
              "value": {
                "type": 3,
                "file": 3,
                "line": 40,
                "col": 37,
                "expr": "steps.slackify_failure_message.outputs.text || env.SLACK_MESSAGE_ON_FAILURE"
              ***
            ***,
            {
              "key": {
                "type": 0,
                "file": 3,
                "line": 41,
                "col": 11,
                "lit": "SLACK_MESSAGE_ON_CANCEL"
              ***,
              "value": {
                "type": 3,
                "file": 3,
                "line": 41,
                "col": 36,
                "expr": "steps.slackify_cancel_message.outputs.text || env.SLACK_MESSAGE_ON_CANCEL"
              ***
            ***,
            {
              "key": {
                "type": 0,
                "file": 3,
                "line": 42,
                "col": 11,
                "lit": "GITHUB_RUN"
              ***,
              "value": {
                "type": 3,
                "file": 3,
                "line": 42,
                "col": 23,
                "expr": "format('{0***/actions/runs/{1***', github.event.repository.html_url, github.run_id)"
              ***
            ***,
            {
              "key": {
                "type": 0,
                "file": 3,
                "line": 43,
                "col": 11,
                "lit": "ENABLE_ESCAPES"
              ***,
              "value": {
                "type": 0,
                "file": 3,
                "line": 43,
                "col": 27,
                "lit": "true"
              ***
            ***
          ]
        ***,
        "condition": "success() && (env.SLACKIFY_MARKDOWN == 'true')"
      ***,
      {
        "type": "action",
        "reference": {
          "type": "containerRegistry",
          "image": "ghcr.io/rtcamp/action-slack-notify:v2.3.3"
        ***,
        "displayNameToken": {
          "type": 0,
          "file": 3,
          "line": 46,
          "col": 15,
          "lit": "Slack Notification (Unformatted)"
        ***,
        "contextName": "__ghcr_io_rtcamp_action-slack-notify_v2_3_3_2",
        "environment": {
          "type": 2,
          "file": 3,
          "line": 50,
          "col": 11,
          "map": [
            {
              "key": {
                "type": 0,
                "file": 3,
                "line": 50,
                "col": 11,
                "lit": "GITHUB_RUN"
              ***,
              "value": {
                "type": 3,
                "file": 3,
                "line": 50,
                "col": 23,
                "expr": "format('{0***/actions/runs/{1***', github.event.repository.html_url, github.run_id)"
              ***
            ***
          ]
        ***,
        "condition": "success() && (env.SLACKIFY_MARKDOWN != 'true')"
      ***
    ],
    "postSteps": [],
    "outputs": null,
    "cleanupCondition": "always()",
    "initCondition": "always()"
  ***,
  "deprecated": null
***
[2025-11-20 12:29:27Z INFO ActionManager] Load 6 action steps.
[2025-11-20 12:29:27Z INFO ActionManager] Load: 0 number of outputs
[2025-11-20 12:29:27Z INFO ActionManager] Details: null
[2025-11-20 12:29:27Z INFO HostContext] Well known directory 'Bin': 'C:\Projects\unity-build-pipeline\actions-runner\bin'
[2025-11-20 12:29:27Z INFO HostContext] Well known directory 'Root': 'C:\Projects\unity-build-pipeline\actions-runner'
[2025-11-20 12:29:27Z INFO HostContext] Well known directory 'Work': 'C:\Projects\unity-build-pipeline\actions-runner\_work'
[2025-11-20 12:29:27Z INFO HostContext] Well known directory 'Temp': 'C:\Projects\unity-build-pipeline\actions-runner\_work\_temp'
[2025-11-20 12:29:27Z INFO ExecutionContext] Write event payload to C:\Projects\unity-build-pipeline\actions-runner\_work\_temp\_github_workflow\event.json
[2025-11-20 12:29:27Z INFO HostContext] Well known directory 'Bin': 'C:\Projects\unity-build-pipeline\actions-runner\bin'
[2025-11-20 12:29:27Z INFO HostContext] Well known directory 'Root': 'C:\Projects\unity-build-pipeline\actions-runner'
[2025-11-20 12:29:27Z INFO HostContext] Well known directory 'Work': 'C:\Projects\unity-build-pipeline\actions-runner\_work'
[2025-11-20 12:29:27Z INFO HostContext] Well known directory 'Temp': 'C:\Projects\unity-build-pipeline\actions-runner\_work\_temp'
[2025-11-20 12:29:27Z INFO ExtensionManager] Getting extensions for interface: 'GitHub.Runner.Worker.IFileCommandExtension'
[2025-11-20 12:29:27Z INFO ExtensionManager] Getting extensions for interface: 'GitHub.Runner.Worker.IActionCommandExtension'
[2025-11-20 12:29:27Z INFO ActionCommandManager] Register action command extension for command internal-set-repo-path
[2025-11-20 12:29:27Z INFO ActionCommandManager] Register action command extension for command set-env
[2025-11-20 12:29:27Z INFO ActionCommandManager] Register action command extension for command set-output
[2025-11-20 12:29:27Z INFO ActionCommandManager] Register action command extension for command save-state
[2025-11-20 12:29:27Z INFO ActionCommandManager] Register action command extension for command add-path
[2025-11-20 12:29:27Z INFO ActionCommandManager] Register action command extension for command add-mask
[2025-11-20 12:29:27Z INFO ActionCommandManager] Register action command extension for command add-matcher
[2025-11-20 12:29:27Z INFO ActionCommandManager] Register action command extension for command remove-matcher
[2025-11-20 12:29:27Z INFO ActionCommandManager] Register action command extension for command warning
[2025-11-20 12:29:27Z INFO ActionCommandManager] Register action command extension for command error
[2025-11-20 12:29:27Z INFO ActionCommandManager] Register action command extension for command notice
[2025-11-20 12:29:27Z INFO ActionCommandManager] Register action command extension for command debug
[2025-11-20 12:29:27Z INFO ActionCommandManager] Register action command extension for command group
[2025-11-20 12:29:27Z INFO ActionCommandManager] Register action command extension for command endgroup
[2025-11-20 12:29:27Z INFO ActionCommandManager] Register action command extension for command echo
[2025-11-20 12:29:27Z INFO CompositeActionHandler] Processing embedded step: DisplayName='run'
[2025-11-20 12:29:27Z INFO CompositeActionHandler] Initialize Env context for embedded step
[2025-11-20 12:29:27Z INFO CompositeActionHandler] Evaluating: (success() && (env.SLACKIFY_MARKDOWN == 'true') && (env.SLACK_MESSAGE != ''))
[2025-11-20 12:29:27Z INFO CompositeActionHandler] Expanded: (true && (null == 'true') && (env['SLACK_MESSAGE'] != ''))
[2025-11-20 12:29:27Z INFO CompositeActionHandler] Result: false
[2025-11-20 12:29:27Z INFO CompositeActionHandler] Skipping step due to condition evaluation.
[2025-11-20 12:29:27Z INFO CompositeActionHandler] Processing embedded step: DisplayName='run'
[2025-11-20 12:29:27Z INFO CompositeActionHandler] Initialize Env context for embedded step
[2025-11-20 12:29:27Z INFO CompositeActionHandler] Evaluating: (success() && (env.SLACKIFY_MARKDOWN == 'true') && (env.SLACK_MESSAGE_ON_SUCCESS != ''))
[2025-11-20 12:29:27Z INFO CompositeActionHandler] Expanded: (true && (null == 'true') && (env['SLACK_MESSAGE_ON_SUCCESS'] != ''))
[2025-11-20 12:29:27Z INFO CompositeActionHandler] Result: false
[2025-11-20 12:29:27Z INFO CompositeActionHandler] Skipping step due to condition evaluation.
[2025-11-20 12:29:27Z INFO CompositeActionHandler] Processing embedded step: DisplayName='run'
[2025-11-20 12:29:27Z INFO CompositeActionHandler] Initialize Env context for embedded step
[2025-11-20 12:29:27Z INFO CompositeActionHandler] Evaluating: (success() && (env.SLACKIFY_MARKDOWN == 'true') && (env.SLACK_MESSAGE_ON_FAILURE != ''))
[2025-11-20 12:29:27Z INFO CompositeActionHandler] Expanded: (true && (null == 'true') && (env['SLACK_MESSAGE_ON_FAILURE'] != ''))
[2025-11-20 12:29:27Z INFO CompositeActionHandler] Result: false
[2025-11-20 12:29:27Z INFO CompositeActionHandler] Skipping step due to condition evaluation.
[2025-11-20 12:29:27Z INFO CompositeActionHandler] Processing embedded step: DisplayName='run'
[2025-11-20 12:29:27Z INFO CompositeActionHandler] Initialize Env context for embedded step
[2025-11-20 12:29:27Z INFO CompositeActionHandler] Evaluating: (success() && (env.SLACKIFY_MARKDOWN == 'true') && (env.SLACK_MESSAGE_ON_CANCEL != ''))
[2025-11-20 12:29:27Z INFO CompositeActionHandler] Expanded: (true && (null == 'true') && (env['SLACK_MESSAGE_ON_CANCEL'] != ''))
[2025-11-20 12:29:27Z INFO CompositeActionHandler] Result: false
[2025-11-20 12:29:27Z INFO CompositeActionHandler] Skipping step due to condition evaluation.
[2025-11-20 12:29:27Z INFO CompositeActionHandler] Processing embedded step: DisplayName='run'
[2025-11-20 12:29:27Z INFO CompositeActionHandler] Initialize Env context for embedded step
[2025-11-20 12:29:27Z INFO CompositeActionHandler] Evaluating: (success() && (env.SLACKIFY_MARKDOWN == 'true'))
[2025-11-20 12:29:27Z INFO CompositeActionHandler] Expanded: (true && (null == 'true'))
[2025-11-20 12:29:27Z INFO CompositeActionHandler] Result: false
[2025-11-20 12:29:27Z INFO CompositeActionHandler] Skipping step due to condition evaluation.
[2025-11-20 12:29:27Z INFO CompositeActionHandler] Processing embedded step: DisplayName='run'
[2025-11-20 12:29:27Z INFO CompositeActionHandler] Initialize Env context for embedded step
[2025-11-20 12:29:27Z INFO CompositeActionHandler] Evaluating: (success() && (env.SLACKIFY_MARKDOWN != 'true'))
[2025-11-20 12:29:27Z INFO CompositeActionHandler] Expanded: (true && (null != 'true'))
[2025-11-20 12:29:27Z INFO CompositeActionHandler] Result: true
[2025-11-20 12:29:27Z INFO CompositeActionHandler] Starting: run
[2025-11-20 12:29:27Z INFO HostContext] Well known directory 'Bin': 'C:\Projects\unity-build-pipeline\actions-runner\bin'
[2025-11-20 12:29:27Z INFO HostContext] Well known directory 'Root': 'C:\Projects\unity-build-pipeline\actions-runner'
[2025-11-20 12:29:27Z INFO HostContext] Well known directory 'Work': 'C:\Projects\unity-build-pipeline\actions-runner\_work'
[2025-11-20 12:29:27Z INFO CompositeActionHandler] Which2: 'chcp'
[2025-11-20 12:29:27Z INFO CompositeActionHandler] Location: 'C:\WINDOWS\system32\chcp.COM'
[2025-11-20 12:29:27Z INFO ProcessInvokerWrapper] Starting process:
[2025-11-20 12:29:27Z INFO ProcessInvokerWrapper]   File name: 'C:\WINDOWS\system32\chcp.COM'
[2025-11-20 12:29:27Z INFO ProcessInvokerWrapper]   Arguments: '65001'
[2025-11-20 12:29:27Z INFO ProcessInvokerWrapper]   Working directory: 'C:\Projects\unity-build-pipeline\actions-runner\_work'
[2025-11-20 12:29:27Z INFO ProcessInvokerWrapper]   Require exit code zero: 'False'
[2025-11-20 12:29:27Z INFO ProcessInvokerWrapper]   Encoding web name:  ; code page: ''
[2025-11-20 12:29:27Z INFO ProcessInvokerWrapper]   Force kill process on cancellation: 'False'
[2025-11-20 12:29:27Z INFO ProcessInvokerWrapper]   Redirected STDIN: 'False'
[2025-11-20 12:29:27Z INFO ProcessInvokerWrapper]   Persist current code page: 'True'
[2025-11-20 12:29:27Z INFO ProcessInvokerWrapper]   Keep redirected STDIN open: 'False'
[2025-11-20 12:29:27Z INFO ProcessInvokerWrapper]   High priority process: 'False'
[2025-11-20 12:29:27Z INFO ProcessInvokerWrapper] Process started with process id 94224, waiting for process exit.
[2025-11-20 12:29:27Z INFO ProcessInvokerWrapper] STDOUT/STDERR stream read finished.
[2025-11-20 12:29:27Z INFO ProcessInvokerWrapper] STDOUT/STDERR stream read finished.
[2025-11-20 12:29:27Z INFO ProcessInvokerWrapper] Finished process 94224 with exit code 0, and elapsed time 00:00:00.0176439.
[2025-11-20 12:29:27Z INFO CompositeActionHandler] Successfully returned to code page 65001 (UTF8)
[2025-11-20 12:29:27Z INFO ActionManager] Load action that reference container from registry.
[2025-11-20 12:29:27Z ERR  CompositeActionHandler] Caught exception from step: System.ArgumentNullException: Value cannot be null. (Parameter 'container')
   at GitHub.Runner.Sdk.ArgUtil.NotNull(Object value, String name)
   at GitHub.Runner.Worker.ActionManager.LoadAction(IExecutionContext executionContext, ActionStep action)
   at GitHub.Runner.Worker.ActionRunner.RunAsync()
   at GitHub.Runner.Worker.Handlers.CompositeActionHandler.RunStepAsync(IStep step)
[2025-11-20 12:29:27Z INFO CompositeActionHandler] Step result: Failed
[2025-11-20 12:29:27Z INFO CompositeActionHandler] Update job result with current composite step result 'Failed'.
[2025-11-20 12:29:27Z INFO CreateStepSummaryCommand] Step Summary file (C:\Projects\unity-build-pipeline\actions-runner\_work\_temp\_runner_file_commands\step_summary_b0d3a8b9-27c5-4c95-959f-98eba576b73e) is empty; skipping attachment upload
[2025-11-20 12:29:27Z INFO StepsRunner] Step result: Failed
[2025-11-20 12:29:27Z INFO HostContext] Well known directory 'Bin': 'C:\Projects\unity-build-pipeline\actions-runner\bin'
[2025-11-20 12:29:27Z INFO JobServerQueue] Try to append 1 batches web console lines for record '76444c05-3082-4971-af8d-410b8d2f89c3', success rate: 1/1.
[2025-11-20 12:29:27Z INFO HostContext] Well known directory 'Root': 'C:\Projects\unity-build-pipeline\actions-runner'
[2025-11-20 12:29:27Z INFO HostContext] Well known directory 'Work': 'C:\Projects\unity-build-pipeline\actions-runner\_work'
[2025-11-20 12:29:27Z INFO JobServerQueue] Try to append 4 batches web console lines for record 'c3bbae0a-fec0-4cab-a955-3341fcf3efbd', success rate: 4/4.
[2025-11-20 12:29:27Z INFO ExecutionContext] Publish step telemetry for current step {
  "action": "rtCamp/action-slack-notify",
  "ref": "v2",
  "type": "composite",
  "stage": "Main",
  "stepId": "c3bbae0a-fec0-4cab-a955-3341fcf3efbd",
  "stepContextName": "__rtCamp_action-slack-notify",
  "hasRunsStep": false,
  "hasUsesStep": true,
  "hasPreStep": false,
  "hasPostStep": false,
  "stepCount": 6,
  "result": "failed",
  "errorMessages": [
    "Value cannot be null. (Parameter 'container')"
  ],
  "executionTimeInSeconds": 1,
  "startTime": "2025-11-20T12:29:27.8660907Z",
  "finishTime": "2025-11-20T12:29:27.9296622Z"
***.
[2025-11-20 12:29:27Z INFO StepsRunner] Update job result with current step result 'Failed'.
[2025-11-20 12:29:27Z INFO StepsRunner] Current state: job state = 'Failed'
[2025-11-20 12:29:27Z INFO StepsRunner] Processing step: DisplayName='Slack Notification Failure'
[2025-11-20 12:29:27Z INFO StepsRunner] Evaluating: failure()
[2025-11-20 12:29:27Z INFO StepsRunner] Result: true
[2025-11-20 12:29:27Z INFO StepsRunner] Starting the step.
[2025-11-20 12:29:27Z INFO HostContext] Well known directory 'Bin': 'C:\Projects\unity-build-pipeline\actions-runner\bin'
[2025-11-20 12:29:27Z INFO HostContext] Well known directory 'Root': 'C:\Projects\unity-build-pipeline\actions-runner'
[2025-11-20 12:29:27Z INFO HostContext] Well known directory 'Work': 'C:\Projects\unity-build-pipeline\actions-runner\_work'
[2025-11-20 12:29:27Z INFO StepsRunner] Which2: 'chcp'
[2025-11-20 12:29:27Z INFO StepsRunner] Location: 'C:\WINDOWS\system32\chcp.COM'
[2025-11-20 12:29:27Z INFO ProcessInvokerWrapper] Starting process:
[2025-11-20 12:29:27Z INFO ProcessInvokerWrapper]   File name: 'C:\WINDOWS\system32\chcp.COM'
[2025-11-20 12:29:27Z INFO ProcessInvokerWrapper]   Arguments: '65001'
[2025-11-20 12:29:27Z INFO ProcessInvokerWrapper]   Working directory: 'C:\Projects\unity-build-pipeline\actions-runner\_work'
[2025-11-20 12:29:27Z INFO ProcessInvokerWrapper]   Require exit code zero: 'False'
[2025-11-20 12:29:27Z INFO ProcessInvokerWrapper]   Encoding web name:  ; code page: ''
[2025-11-20 12:29:27Z INFO ProcessInvokerWrapper]   Force kill process on cancellation: 'False'
[2025-11-20 12:29:27Z INFO ProcessInvokerWrapper]   Redirected STDIN: 'False'
[2025-11-20 12:29:27Z INFO ProcessInvokerWrapper]   Persist current code page: 'True'
[2025-11-20 12:29:27Z INFO ProcessInvokerWrapper]   Keep redirected STDIN open: 'False'
[2025-11-20 12:29:27Z INFO ProcessInvokerWrapper]   High priority process: 'False'
[2025-11-20 12:29:27Z INFO ProcessInvokerWrapper] Process started with process id 54100, waiting for process exit.
[2025-11-20 12:29:27Z INFO ProcessInvokerWrapper] STDOUT/STDERR stream read finished.
[2025-11-20 12:29:27Z INFO ProcessInvokerWrapper] STDOUT/STDERR stream read finished.
[2025-11-20 12:29:27Z INFO ProcessInvokerWrapper] Finished process 54100 with exit code 0, and elapsed time 00:00:00.0218087.
[2025-11-20 12:29:27Z INFO StepsRunner] Successfully returned to code page 65001 (UTF8)
[2025-11-20 12:29:27Z INFO HostContext] Well known directory 'Bin': 'C:\Projects\unity-build-pipeline\actions-runner\bin'
[2025-11-20 12:29:27Z INFO HostContext] Well known directory 'Root': 'C:\Projects\unity-build-pipeline\actions-runner'
[2025-11-20 12:29:27Z INFO HostContext] Well known directory 'Work': 'C:\Projects\unity-build-pipeline\actions-runner\_work'
[2025-11-20 12:29:27Z INFO HostContext] Well known directory 'Actions': 'C:\Projects\unity-build-pipeline\actions-runner\_work\_actions'
[2025-11-20 12:29:27Z INFO ActionManager] Load action that reference repository from 'C:\Projects\unity-build-pipeline\actions-runner\_work\_actions\rtCamp\action-slack-notify\v2'
[2025-11-20 12:29:27Z INFO HostContext] Well known directory 'Bin': 'C:\Projects\unity-build-pipeline\actions-runner\bin'
[2025-11-20 12:29:27Z INFO HostContext] Well known directory 'Root': 'C:\Projects\unity-build-pipeline\actions-runner'
[2025-11-20 12:29:27Z INFO HostContext] Well known directory 'Work': 'C:\Projects\unity-build-pipeline\actions-runner\_work'
[2025-11-20 12:29:27Z INFO HostContext] Well known directory 'Actions': 'C:\Projects\unity-build-pipeline\actions-runner\_work\_actions'
[2025-11-20 12:29:27Z INFO ActionManifestManager] Ignore action property author.
[2025-11-20 12:29:27Z INFO ActionManifestManager] Ignore action property branding.
[2025-11-20 12:29:27Z INFO ActionManifestManager] Loaded action.yml file: {
  "name": "Slack Notify",
  "description": "This action will send a notification to Slack",
  "inputs": null,
  "execution": {
    "executionType": "composite",
    "hasPre": false,
    "hasPost": false,
    "preSteps": [],
    "steps": [
      {
        "type": "action",
        "reference": {
          "type": "repository",
          "name": "LoveToKnow/slackify-markdown-action",
          "ref": "698a1d4d0ff1794152a93c03ee8ca5e03a310d4e",
          "repositoryType": "GitHub",
          "path": ""
        ***,
        "displayNameToken": {
          "type": 0,
          "file": 3,
          "line": 7,
          "col": 15,
          "lit": "Slack-Markdown Message Conversion"
        ***,
        "contextName": "slackify_message",
        "inputs": {
          "type": 2,
          "file": 3,
          "line": 12,
          "col": 11,
          "map": [
            {
              "key": {
                "type": 0,
                "file": 3,
                "line": 12,
                "col": 11,
                "lit": "text"
              ***,
              "value": {
                "type": 3,
                "file": 3,
                "line": 12,
                "col": 17,
                "expr": "env.SLACK_MESSAGE"
              ***
            ***
          ]
        ***,
        "condition": "success() && (env.SLACKIFY_MARKDOWN == 'true' && env.SLACK_MESSAGE != '')"
      ***,
      {
        "type": "action",
        "reference": {
          "type": "repository",
          "name": "LoveToKnow/slackify-markdown-action",
          "ref": "698a1d4d0ff1794152a93c03ee8ca5e03a310d4e",
          "repositoryType": "GitHub",
          "path": ""
        ***,
        "displayNameToken": {
          "type": 0,
          "file": 3,
          "line": 14,
          "col": 15,
          "lit": "Slack-Markdown Success Message Conversion"
        ***,
        "contextName": "slackify_success_message",
        "inputs": {
          "type": 2,
          "file": 3,
          "line": 19,
          "col": 11,
          "map": [
            {
              "key": {
                "type": 0,
                "file": 3,
                "line": 19,
                "col": 11,
                "lit": "text"
              ***,
              "value": {
                "type": 3,
                "file": 3,
                "line": 19,
                "col": 17,
                "expr": "env.SLACK_MESSAGE_ON_SUCCESS"
              ***
            ***
          ]
        ***,
        "condition": "success() && (env.SLACKIFY_MARKDOWN == 'true' && env.SLACK_MESSAGE_ON_SUCCESS != '')"
      ***,
      {
        "type": "action",
        "reference": {
          "type": "repository",
          "name": "LoveToKnow/slackify-markdown-action",
          "ref": "698a1d4d0ff1794152a93c03ee8ca5e03a310d4e",
          "repositoryType": "GitHub",
          "path": ""
        ***,
        "displayNameToken": {
          "type": 0,
          "file": 3,
          "line": 21,
          "col": 15,
          "lit": "Slack-Markdown Failure Message Conversion"
        ***,
        "contextName": "slackify_failure_message",
        "inputs": {
          "type": 2,
          "file": 3,
          "line": 26,
          "col": 11,
          "map": [
            {
              "key": {
                "type": 0,
                "file": 3,
                "line": 26,
                "col": 11,
                "lit": "text"
              ***,
              "value": {
                "type": 3,
                "file": 3,
                "line": 26,
                "col": 17,
                "expr": "env.SLACK_MESSAGE_ON_FAILURE"
              ***
            ***
          ]
        ***,
        "condition": "success() && (env.SLACKIFY_MARKDOWN == 'true' && env.SLACK_MESSAGE_ON_FAILURE != '')"
      ***,
      {
        "type": "action",
        "reference": {
          "type": "repository",
          "name": "LoveToKnow/slackify-markdown-action",
          "ref": "698a1d4d0ff1794152a93c03ee8ca5e03a310d4e",
          "repositoryType": "GitHub",
          "path": ""
        ***,
        "displayNameToken": {
          "type": 0,
          "file": 3,
          "line": 28,
          "col": 15,
          "lit": "Slack-Markdown Cancel Message Conversion"
        ***,
        "contextName": "slackify_cancel_message",
        "inputs": {
          "type": 2,
          "file": 3,
          "line": 33,
          "col": 11,
          "map": [
            {
              "key": {
                "type": 0,
                "file": 3,
                "line": 33,
                "col": 11,
                "lit": "text"
              ***,
              "value": {
                "type": 3,
                "file": 3,
                "line": 33,
                "col": 17,
                "expr": "env.SLACK_MESSAGE_ON_CANCEL"
              ***
            ***
          ]
        ***,
        "condition": "success() && (env.SLACKIFY_MARKDOWN == 'true' && env.SLACK_MESSAGE_ON_CANCEL != '')"
      ***,
      {
        "type": "action",
        "reference": {
          "type": "containerRegistry",
          "image": "ghcr.io/rtcamp/action-slack-notify:v2.3.3"
        ***,
        "displayNameToken": {
          "type": 0,
          "file": 3,
          "line": 35,
          "col": 15,
          "lit": "Slack Notification (Formatted)"
        ***,
        "contextName": "__ghcr_io_rtcamp_action-slack-notify_v2_3_3",
        "environment": {
          "type": 2,
          "file": 3,
          "line": 38,
          "col": 11,
          "map": [
            {
              "key": {
                "type": 0,
                "file": 3,
                "line": 38,
                "col": 11,
                "lit": "SLACK_MESSAGE"
              ***,
              "value": {
                "type": 3,
                "file": 3,
                "line": 38,
                "col": 26,
                "expr": "steps.slackify_message.outputs.text || env.SLACK_MESSAGE"
              ***
            ***,
            {
              "key": {
                "type": 0,
                "file": 3,
                "line": 39,
                "col": 11,
                "lit": "SLACK_MESSAGE_ON_SUCCESS"
              ***,
              "value": {
                "type": 3,
                "file": 3,
                "line": 39,
                "col": 37,
                "expr": "steps.slackify_success_message.outputs.text || env.SLACK_MESSAGE_ON_SUCCESS"
              ***
            ***,
            {
              "key": {
                "type": 0,
                "file": 3,
                "line": 40,
                "col": 11,
                "lit": "SLACK_MESSAGE_ON_FAILURE"
              ***,
              "value": {
                "type": 3,
                "file": 3,
                "line": 40,
                "col": 37,
                "expr": "steps.slackify_failure_message.outputs.text || env.SLACK_MESSAGE_ON_FAILURE"
              ***
            ***,
            {
              "key": {
                "type": 0,
                "file": 3,
                "line": 41,
                "col": 11,
                "lit": "SLACK_MESSAGE_ON_CANCEL"
              ***,
              "value": {
                "type": 3,
                "file": 3,
                "line": 41,
                "col": 36,
                "expr": "steps.slackify_cancel_message.outputs.text || env.SLACK_MESSAGE_ON_CANCEL"
              ***
            ***,
            {
              "key": {
                "type": 0,
                "file": 3,
                "line": 42,
                "col": 11,
                "lit": "GITHUB_RUN"
              ***,
              "value": {
                "type": 3,
                "file": 3,
                "line": 42,
                "col": 23,
                "expr": "format('{0***/actions/runs/{1***', github.event.repository.html_url, github.run_id)"
              ***
            ***,
            {
              "key": {
                "type": 0,
                "file": 3,
                "line": 43,
                "col": 11,
                "lit": "ENABLE_ESCAPES"
              ***,
              "value": {
                "type": 0,
                "file": 3,
                "line": 43,
                "col": 27,
                "lit": "true"
              ***
            ***
          ]
        ***,
        "condition": "success() && (env.SLACKIFY_MARKDOWN == 'true')"
      ***,
      {
        "type": "action",
        "reference": {
          "type": "containerRegistry",
          "image": "ghcr.io/rtcamp/action-slack-notify:v2.3.3"
        ***,
        "displayNameToken": {
          "type": 0,
          "file": 3,
          "line": 46,
          "col": 15,
          "lit": "Slack Notification (Unformatted)"
        ***,
        "contextName": "__ghcr_io_rtcamp_action-slack-notify_v2_3_3_2",
        "environment": {
          "type": 2,
          "file": 3,
          "line": 50,
          "col": 11,
          "map": [
            {
              "key": {
                "type": 0,
                "file": 3,
                "line": 50,
                "col": 11,
                "lit": "GITHUB_RUN"
              ***,
              "value": {
                "type": 3,
                "file": 3,
                "line": 50,
                "col": 23,
                "expr": "format('{0***/actions/runs/{1***', github.event.repository.html_url, github.run_id)"
              ***
            ***
          ]
        ***,
        "condition": "success() && (env.SLACKIFY_MARKDOWN != 'true')"
      ***
    ],
    "postSteps": [],
    "outputs": null,
    "cleanupCondition": "always()",
    "initCondition": "always()"
  ***,
  "deprecated": null
***
[2025-11-20 12:29:27Z INFO ActionManager] Load 6 action steps.
[2025-11-20 12:29:27Z INFO ActionManager] Load: 0 number of outputs
[2025-11-20 12:29:27Z INFO ActionManager] Details: null
[2025-11-20 12:29:27Z INFO HostContext] Well known directory 'Bin': 'C:\Projects\unity-build-pipeline\actions-runner\bin'
[2025-11-20 12:29:27Z INFO HostContext] Well known directory 'Root': 'C:\Projects\unity-build-pipeline\actions-runner'
[2025-11-20 12:29:27Z INFO HostContext] Well known directory 'Work': 'C:\Projects\unity-build-pipeline\actions-runner\_work'
[2025-11-20 12:29:27Z INFO HostContext] Well known directory 'Temp': 'C:\Projects\unity-build-pipeline\actions-runner\_work\_temp'
[2025-11-20 12:29:27Z INFO ExecutionContext] Write event payload to C:\Projects\unity-build-pipeline\actions-runner\_work\_temp\_github_workflow\event.json
[2025-11-20 12:29:27Z INFO HostContext] Well known directory 'Bin': 'C:\Projects\unity-build-pipeline\actions-runner\bin'
[2025-11-20 12:29:27Z INFO HostContext] Well known directory 'Root': 'C:\Projects\unity-build-pipeline\actions-runner'
[2025-11-20 12:29:27Z INFO HostContext] Well known directory 'Work': 'C:\Projects\unity-build-pipeline\actions-runner\_work'
[2025-11-20 12:29:27Z INFO HostContext] Well known directory 'Temp': 'C:\Projects\unity-build-pipeline\actions-runner\_work\_temp'
[2025-11-20 12:29:27Z INFO ExtensionManager] Getting extensions for interface: 'GitHub.Runner.Worker.IFileCommandExtension'
[2025-11-20 12:29:27Z INFO ExtensionManager] Getting extensions for interface: 'GitHub.Runner.Worker.IActionCommandExtension'
[2025-11-20 12:29:27Z INFO ActionCommandManager] Register action command extension for command internal-set-repo-path
[2025-11-20 12:29:27Z INFO ActionCommandManager] Register action command extension for command set-env
[2025-11-20 12:29:27Z INFO ActionCommandManager] Register action command extension for command set-output
[2025-11-20 12:29:27Z INFO ActionCommandManager] Register action command extension for command save-state
[2025-11-20 12:29:27Z INFO ActionCommandManager] Register action command extension for command add-path
[2025-11-20 12:29:27Z INFO ActionCommandManager] Register action command extension for command add-mask
[2025-11-20 12:29:27Z INFO ActionCommandManager] Register action command extension for command add-matcher
[2025-11-20 12:29:27Z INFO ActionCommandManager] Register action command extension for command remove-matcher
[2025-11-20 12:29:27Z INFO ActionCommandManager] Register action command extension for command warning
[2025-11-20 12:29:27Z INFO ActionCommandManager] Register action command extension for command error
[2025-11-20 12:29:27Z INFO ActionCommandManager] Register action command extension for command notice
[2025-11-20 12:29:27Z INFO ActionCommandManager] Register action command extension for command debug
[2025-11-20 12:29:27Z INFO ActionCommandManager] Register action command extension for command group
[2025-11-20 12:29:27Z INFO ActionCommandManager] Register action command extension for command endgroup
[2025-11-20 12:29:27Z INFO ActionCommandManager] Register action command extension for command echo
[2025-11-20 12:29:27Z INFO CompositeActionHandler] Processing embedded step: DisplayName='run'
[2025-11-20 12:29:27Z INFO CompositeActionHandler] Initialize Env context for embedded step
[2025-11-20 12:29:27Z INFO CompositeActionHandler] Evaluating: (success() && (env.SLACKIFY_MARKDOWN == 'true') && (env.SLACK_MESSAGE != ''))
[2025-11-20 12:29:27Z INFO CompositeActionHandler] Expanded: (true && (null == 'true') && (env['SLACK_MESSAGE'] != ''))
[2025-11-20 12:29:27Z INFO CompositeActionHandler] Result: false
[2025-11-20 12:29:27Z INFO CompositeActionHandler] Skipping step due to condition evaluation.
[2025-11-20 12:29:27Z INFO CompositeActionHandler] Processing embedded step: DisplayName='run'
[2025-11-20 12:29:27Z INFO CompositeActionHandler] Initialize Env context for embedded step
[2025-11-20 12:29:27Z INFO CompositeActionHandler] Evaluating: (success() && (env.SLACKIFY_MARKDOWN == 'true') && (env.SLACK_MESSAGE_ON_SUCCESS != ''))
[2025-11-20 12:29:27Z INFO CompositeActionHandler] Expanded: (true && (null == 'true') && (env['SLACK_MESSAGE_ON_SUCCESS'] != ''))
[2025-11-20 12:29:27Z INFO CompositeActionHandler] Result: false
[2025-11-20 12:29:27Z INFO CompositeActionHandler] Skipping step due to condition evaluation.
[2025-11-20 12:29:27Z INFO CompositeActionHandler] Processing embedded step: DisplayName='run'
[2025-11-20 12:29:27Z INFO CompositeActionHandler] Initialize Env context for embedded step
[2025-11-20 12:29:27Z INFO CompositeActionHandler] Evaluating: (success() && (env.SLACKIFY_MARKDOWN == 'true') && (env.SLACK_MESSAGE_ON_FAILURE != ''))
[2025-11-20 12:29:27Z INFO CompositeActionHandler] Expanded: (true && (null == 'true') && (env['SLACK_MESSAGE_ON_FAILURE'] != ''))
[2025-11-20 12:29:27Z INFO CompositeActionHandler] Result: false
[2025-11-20 12:29:27Z INFO CompositeActionHandler] Skipping step due to condition evaluation.
[2025-11-20 12:29:27Z INFO CompositeActionHandler] Processing embedded step: DisplayName='run'
[2025-11-20 12:29:27Z INFO CompositeActionHandler] Initialize Env context for embedded step
[2025-11-20 12:29:27Z INFO CompositeActionHandler] Evaluating: (success() && (env.SLACKIFY_MARKDOWN == 'true') && (env.SLACK_MESSAGE_ON_CANCEL != ''))
[2025-11-20 12:29:27Z INFO CompositeActionHandler] Expanded: (true && (null == 'true') && (env['SLACK_MESSAGE_ON_CANCEL'] != ''))
[2025-11-20 12:29:27Z INFO CompositeActionHandler] Result: false
[2025-11-20 12:29:27Z INFO CompositeActionHandler] Skipping step due to condition evaluation.
[2025-11-20 12:29:27Z INFO CompositeActionHandler] Processing embedded step: DisplayName='run'
[2025-11-20 12:29:27Z INFO CompositeActionHandler] Initialize Env context for embedded step
[2025-11-20 12:29:28Z INFO CompositeActionHandler] Evaluating: (success() && (env.SLACKIFY_MARKDOWN == 'true'))
[2025-11-20 12:29:28Z INFO CompositeActionHandler] Expanded: (true && (null == 'true'))
[2025-11-20 12:29:28Z INFO CompositeActionHandler] Result: false
[2025-11-20 12:29:28Z INFO CompositeActionHandler] Skipping step due to condition evaluation.
[2025-11-20 12:29:28Z INFO CompositeActionHandler] Processing embedded step: DisplayName='run'
[2025-11-20 12:29:28Z INFO CompositeActionHandler] Initialize Env context for embedded step
[2025-11-20 12:29:28Z INFO CompositeActionHandler] Evaluating: (success() && (env.SLACKIFY_MARKDOWN != 'true'))
[2025-11-20 12:29:28Z INFO CompositeActionHandler] Expanded: (true && (null != 'true'))
[2025-11-20 12:29:28Z INFO CompositeActionHandler] Result: true
[2025-11-20 12:29:28Z INFO CompositeActionHandler] Starting: run
[2025-11-20 12:29:28Z INFO HostContext] Well known directory 'Bin': 'C:\Projects\unity-build-pipeline\actions-runner\bin'
[2025-11-20 12:29:28Z INFO HostContext] Well known directory 'Root': 'C:\Projects\unity-build-pipeline\actions-runner'
[2025-11-20 12:29:28Z INFO HostContext] Well known directory 'Work': 'C:\Projects\unity-build-pipeline\actions-runner\_work'
[2025-11-20 12:29:28Z INFO CompositeActionHandler] Which2: 'chcp'
[2025-11-20 12:29:28Z INFO CompositeActionHandler] Location: 'C:\WINDOWS\system32\chcp.COM'
[2025-11-20 12:29:28Z INFO ProcessInvokerWrapper] Starting process:
[2025-11-20 12:29:28Z INFO ProcessInvokerWrapper]   File name: 'C:\WINDOWS\system32\chcp.COM'
[2025-11-20 12:29:28Z INFO ProcessInvokerWrapper]   Arguments: '65001'
[2025-11-20 12:29:28Z INFO ProcessInvokerWrapper]   Working directory: 'C:\Projects\unity-build-pipeline\actions-runner\_work'
[2025-11-20 12:29:28Z INFO ProcessInvokerWrapper]   Require exit code zero: 'False'
[2025-11-20 12:29:28Z INFO ProcessInvokerWrapper]   Encoding web name:  ; code page: ''
[2025-11-20 12:29:28Z INFO ProcessInvokerWrapper]   Force kill process on cancellation: 'False'
[2025-11-20 12:29:28Z INFO ProcessInvokerWrapper]   Redirected STDIN: 'False'
[2025-11-20 12:29:28Z INFO ProcessInvokerWrapper]   Persist current code page: 'True'
[2025-11-20 12:29:28Z INFO ProcessInvokerWrapper]   Keep redirected STDIN open: 'False'
[2025-11-20 12:29:28Z INFO ProcessInvokerWrapper]   High priority process: 'False'
[2025-11-20 12:29:28Z INFO ProcessInvokerWrapper] Process started with process id 40748, waiting for process exit.
[2025-11-20 12:29:28Z INFO ProcessInvokerWrapper] STDOUT/STDERR stream read finished.
[2025-11-20 12:29:28Z INFO ProcessInvokerWrapper] STDOUT/STDERR stream read finished.
[2025-11-20 12:29:28Z INFO ProcessInvokerWrapper] Finished process 40748 with exit code 0, and elapsed time 00:00:00.0168027.
[2025-11-20 12:29:28Z INFO CompositeActionHandler] Successfully returned to code page 65001 (UTF8)
[2025-11-20 12:29:28Z INFO ActionManager] Load action that reference container from registry.
[2025-11-20 12:29:28Z ERR  CompositeActionHandler] Caught exception from step: System.ArgumentNullException: Value cannot be null. (Parameter 'container')
   at GitHub.Runner.Sdk.ArgUtil.NotNull(Object value, String name)
   at GitHub.Runner.Worker.ActionManager.LoadAction(IExecutionContext executionContext, ActionStep action)
   at GitHub.Runner.Worker.ActionRunner.RunAsync()
   at GitHub.Runner.Worker.Handlers.CompositeActionHandler.RunStepAsync(IStep step)
[2025-11-20 12:29:28Z INFO CompositeActionHandler] Step result: Failed
[2025-11-20 12:29:28Z INFO CompositeActionHandler] Update job result with current composite step result 'Failed'.
[2025-11-20 12:29:28Z INFO CreateStepSummaryCommand] Step Summary file (C:\Projects\unity-build-pipeline\actions-runner\_work\_temp\_runner_file_commands\step_summary_5ea9ad67-2427-4b1d-8a28-1e2754ddc1c7) is empty; skipping attachment upload
[2025-11-20 12:29:28Z INFO StepsRunner] Step result: Failed
[2025-11-20 12:29:28Z INFO ExecutionContext] Publish step telemetry for current step {
  "action": "rtCamp/action-slack-notify",
  "ref": "v2",
  "type": "composite",
  "stage": "Main",
  "stepId": "f8a7d9d5-7d60-4f97-b155-80f34c7006ce",
  "stepContextName": "__rtCamp_action-slack-notify_2",
  "hasRunsStep": false,
  "hasUsesStep": true,
  "hasPreStep": false,
  "hasPostStep": false,
  "stepCount": 6,
  "result": "failed",
  "errorMessages": [
    "Value cannot be null. (Parameter 'container')"
  ],
  "executionTimeInSeconds": 1,
  "startTime": "2025-11-20T12:29:27.9360854Z",
  "finishTime": "2025-11-20T12:29:28.0338706Z"
***.
[2025-11-20 12:29:28Z INFO StepsRunner] Update job result with current step result 'Failed'.
[2025-11-20 12:29:28Z INFO StepsRunner] Current state: job state = 'Failed'
[2025-11-20 12:29:28Z INFO StepsRunner] Processing step: DisplayName='Post Checkout repo with private submodule authentication'
[2025-11-20 12:29:28Z INFO StepsRunner] Evaluating: always()
[2025-11-20 12:29:28Z INFO StepsRunner] Result: true
[2025-11-20 12:29:28Z INFO StepsRunner] Starting the step.
[2025-11-20 12:29:28Z INFO HostContext] Well known directory 'Bin': 'C:\Projects\unity-build-pipeline\actions-runner\bin'
[2025-11-20 12:29:28Z INFO HostContext] Well known directory 'Root': 'C:\Projects\unity-build-pipeline\actions-runner'
[2025-11-20 12:29:28Z INFO HostContext] Well known directory 'Work': 'C:\Projects\unity-build-pipeline\actions-runner\_work'
[2025-11-20 12:29:28Z INFO StepsRunner] Which2: 'chcp'
[2025-11-20 12:29:28Z INFO StepsRunner] Location: 'C:\WINDOWS\system32\chcp.COM'
[2025-11-20 12:29:28Z INFO ProcessInvokerWrapper] Starting process:
[2025-11-20 12:29:28Z INFO ProcessInvokerWrapper]   File name: 'C:\WINDOWS\system32\chcp.COM'
[2025-11-20 12:29:28Z INFO ProcessInvokerWrapper]   Arguments: '65001'
[2025-11-20 12:29:28Z INFO ProcessInvokerWrapper]   Working directory: 'C:\Projects\unity-build-pipeline\actions-runner\_work'
[2025-11-20 12:29:28Z INFO ProcessInvokerWrapper]   Require exit code zero: 'False'
[2025-11-20 12:29:28Z INFO ProcessInvokerWrapper]   Encoding web name:  ; code page: ''
[2025-11-20 12:29:28Z INFO ProcessInvokerWrapper]   Force kill process on cancellation: 'False'
[2025-11-20 12:29:28Z INFO ProcessInvokerWrapper]   Redirected STDIN: 'False'
[2025-11-20 12:29:28Z INFO ProcessInvokerWrapper]   Persist current code page: 'True'
[2025-11-20 12:29:28Z INFO ProcessInvokerWrapper]   Keep redirected STDIN open: 'False'
[2025-11-20 12:29:28Z INFO ProcessInvokerWrapper]   High priority process: 'False'
[2025-11-20 12:29:28Z INFO ProcessInvokerWrapper] Process started with process id 42892, waiting for process exit.
[2025-11-20 12:29:28Z INFO ProcessInvokerWrapper] STDOUT/STDERR stream read finished.
[2025-11-20 12:29:28Z INFO ProcessInvokerWrapper] STDOUT/STDERR stream read finished.
[2025-11-20 12:29:28Z INFO ProcessInvokerWrapper] Finished process 42892 with exit code 0, and elapsed time 00:00:00.0178791.
[2025-11-20 12:29:28Z INFO StepsRunner] Successfully returned to code page 65001 (UTF8)
[2025-11-20 12:29:28Z INFO HostContext] Well known directory 'Bin': 'C:\Projects\unity-build-pipeline\actions-runner\bin'
[2025-11-20 12:29:28Z INFO HostContext] Well known directory 'Root': 'C:\Projects\unity-build-pipeline\actions-runner'
[2025-11-20 12:29:28Z INFO HostContext] Well known directory 'Work': 'C:\Projects\unity-build-pipeline\actions-runner\_work'
[2025-11-20 12:29:28Z INFO HostContext] Well known directory 'Actions': 'C:\Projects\unity-build-pipeline\actions-runner\_work\_actions'
[2025-11-20 12:29:28Z INFO ActionManager] Load action that reference repository from 'C:\Projects\unity-build-pipeline\actions-runner\_work\_actions\actions\checkout\v4'
[2025-11-20 12:29:28Z INFO HostContext] Well known directory 'Bin': 'C:\Projects\unity-build-pipeline\actions-runner\bin'
[2025-11-20 12:29:28Z INFO HostContext] Well known directory 'Root': 'C:\Projects\unity-build-pipeline\actions-runner'
[2025-11-20 12:29:28Z INFO HostContext] Well known directory 'Work': 'C:\Projects\unity-build-pipeline\actions-runner\_work'
[2025-11-20 12:29:28Z INFO HostContext] Well known directory 'Actions': 'C:\Projects\unity-build-pipeline\actions-runner\_work\_actions'
[2025-11-20 12:29:28Z INFO ActionManifestManager] Loaded action.yml file: {
  "name": "Checkout",
  "description": "Checkout a Git repository at a particular version",
  "inputs": {
    "type": 2,
    "map": [
      {
        "key": {
          "type": 0,
          "file": 2,
          "line": 4,
          "col": 3,
          "lit": "repository"
        ***,
        "value": {
          "type": 3,
          "file": 2,
          "line": 6,
          "col": 14,
          "expr": "github.repository"
        ***
      ***,
      {
        "key": {
          "type": 0,
          "file": 2,
          "line": 7,
          "col": 3,
          "lit": "ref"
        ***,
        "value": ""
      ***,
      {
        "key": {
          "type": 0,
          "file": 2,
          "line": 12,
          "col": 3,
          "lit": "token"
        ***,
        "value": {
          "type": 3,
          "file": 2,
          "line": 24,
          "col": 14,
          "expr": "github.token"
        ***
      ***,
      {
        "key": {
          "type": 0,
          "file": 2,
          "line": 25,
          "col": 3,
          "lit": "ssh-key"
        ***,
        "value": ""
      ***,
      {
        "key": {
          "type": 0,
          "file": 2,
          "line": 37,
          "col": 3,
          "lit": "ssh-known-hosts"
        ***,
        "value": ""
      ***,
      {
        "key": {
          "type": 0,
          "file": 2,
          "line": 42,
          "col": 3,
          "lit": "ssh-strict"
        ***,
        "value": {
          "type": 0,
          "file": 2,
          "line": 47,
          "col": 14,
          "lit": "true"
        ***
      ***,
      {
        "key": {
          "type": 0,
          "file": 2,
          "line": 48,
          "col": 3,
          "lit": "ssh-user"
        ***,
        "value": {
          "type": 0,
          "file": 2,
          "line": 51,
          "col": 14,
          "lit": "git"
        ***
      ***,
      {
        "key": {
          "type": 0,
          "file": 2,
          "line": 52,
          "col": 3,
          "lit": "persist-credentials"
        ***,
        "value": {
          "type": 0,
          "file": 2,
          "line": 54,
          "col": 14,
          "lit": "true"
        ***
      ***,
      {
        "key": {
          "type": 0,
          "file": 2,
          "line": 55,
          "col": 3,
          "lit": "path"
        ***,
        "value": ""
      ***,
      {
        "key": {
          "type": 0,
          "file": 2,
          "line": 57,
          "col": 3,
          "lit": "clean"
        ***,
        "value": {
          "type": 0,
          "file": 2,
          "line": 59,
          "col": 14,
          "lit": "true"
        ***
      ***,
      {
        "key": {
          "type": 0,
          "file": 2,
          "line": 60,
          "col": 3,
          "lit": "filter"
        ***,
        "value": {
          "type": 0,
          "file": 2,
          "line": 64,
          "col": 14,
          "lit": ""
        ***
      ***,
      {
        "key": {
          "type": 0,
          "file": 2,
          "line": 65,
          "col": 3,
          "lit": "sparse-checkout"
        ***,
        "value": {
          "type": 0,
          "file": 2,
          "line": 69,
          "col": 14,
          "lit": ""
        ***
      ***,
      {
        "key": {
          "type": 0,
          "file": 2,
          "line": 70,
          "col": 3,
          "lit": "sparse-checkout-cone-mode"
        ***,
        "value": {
          "type": 0,
          "file": 2,
          "line": 73,
          "col": 14,
          "lit": "true"
        ***
      ***,
      {
        "key": {
          "type": 0,
          "file": 2,
          "line": 74,
          "col": 3,
          "lit": "fetch-depth"
        ***,
        "value": {
          "type": 0,
          "file": 2,
          "line": 76,
          "col": 14,
          "lit": "1"
        ***
      ***,
      {
        "key": {
          "type": 0,
          "file": 2,
          "line": 77,
          "col": 3,
          "lit": "fetch-tags"
        ***,
        "value": {
          "type": 0,
          "file": 2,
          "line": 79,
          "col": 14,
          "lit": "false"
        ***
      ***,
      {
        "key": {
          "type": 0,
          "file": 2,
          "line": 80,
          "col": 3,
          "lit": "show-progress"
        ***,
        "value": {
          "type": 0,
          "file": 2,
          "line": 82,
          "col": 14,
          "lit": "true"
        ***
      ***,
      {
        "key": {
          "type": 0,
          "file": 2,
          "line": 83,
          "col": 3,
          "lit": "lfs"
        ***,
        "value": {
          "type": 0,
          "file": 2,
          "line": 85,
          "col": 14,
          "lit": "false"
        ***
      ***,
      {
        "key": {
          "type": 0,
          "file": 2,
          "line": 86,
          "col": 3,
          "lit": "submodules"
        ***,
        "value": {
          "type": 0,
          "file": 2,
          "line": 94,
          "col": 14,
          "lit": "false"
        ***
      ***,
      {
        "key": {
          "type": 0,
          "file": 2,
          "line": 95,
          "col": 3,
          "lit": "set-safe-directory"
        ***,
        "value": {
          "type": 0,
          "file": 2,
          "line": 97,
          "col": 14,
          "lit": "true"
        ***
      ***,
      {
        "key": {
          "type": 0,
          "file": 2,
          "line": 98,
          "col": 3,
          "lit": "github-server-url"
        ***,
        "value": ""
      ***
    ]
  ***,
  "execution": {
    "executionType": "nodeJS",
    "hasPre": false,
    "hasPost": true,
    "script": "dist/index.js",
    "pre": null,
    "post": "dist/index.js",
    "nodeVersion": "node20",
    "cleanupCondition": "always()",
    "initCondition": "always()"
  ***,
  "deprecated": null
***
[2025-11-20 12:29:28Z INFO ActionManager] Action pre node.js file: N/A.
[2025-11-20 12:29:28Z INFO ActionManager] Action node.js file: dist/index.js.
[2025-11-20 12:29:28Z INFO ActionManager] Action post node.js file: dist/index.js.
[2025-11-20 12:29:28Z INFO HostContext] Well known directory 'Bin': 'C:\Projects\unity-build-pipeline\actions-runner\bin'
[2025-11-20 12:29:28Z INFO HostContext] Well known directory 'Root': 'C:\Projects\unity-build-pipeline\actions-runner'
[2025-11-20 12:29:28Z INFO HostContext] Well known directory 'Work': 'C:\Projects\unity-build-pipeline\actions-runner\_work'
[2025-11-20 12:29:28Z INFO HostContext] Well known directory 'Temp': 'C:\Projects\unity-build-pipeline\actions-runner\_work\_temp'
[2025-11-20 12:29:28Z INFO ExecutionContext] Write event payload to C:\Projects\unity-build-pipeline\actions-runner\_work\_temp\_github_workflow\event.json
[2025-11-20 12:29:28Z INFO HostContext] Well known directory 'Bin': 'C:\Projects\unity-build-pipeline\actions-runner\bin'
[2025-11-20 12:29:28Z INFO HostContext] Well known directory 'Root': 'C:\Projects\unity-build-pipeline\actions-runner'
[2025-11-20 12:29:28Z INFO HostContext] Well known directory 'Work': 'C:\Projects\unity-build-pipeline\actions-runner\_work'
[2025-11-20 12:29:28Z INFO HostContext] Well known directory 'Temp': 'C:\Projects\unity-build-pipeline\actions-runner\_work\_temp'
[2025-11-20 12:29:28Z INFO ExtensionManager] Getting extensions for interface: 'GitHub.Runner.Worker.IFileCommandExtension'
[2025-11-20 12:29:28Z INFO ActionManifestManager] Input 'repository': default value evaluate result: {
  "type": 0,
  "file": 2,
  "line": 6,
  "col": 14,
  "lit": "AliAhmad1600/unity-build-pipeline"
***
[2025-11-20 12:29:28Z INFO ActionManifestManager] Input 'ref': default value evaluate result: ""
[2025-11-20 12:29:28Z INFO ActionManifestManager] Input 'ssh-key': default value evaluate result: ""
[2025-11-20 12:29:28Z INFO ActionManifestManager] Input 'ssh-known-hosts': default value evaluate result: ""
[2025-11-20 12:29:28Z INFO ActionManifestManager] Input 'ssh-strict': default value evaluate result: {
  "type": 0,
  "file": 2,
  "line": 47,
  "col": 14,
  "lit": "true"
***
[2025-11-20 12:29:28Z INFO ActionManifestManager] Input 'ssh-user': default value evaluate result: {
  "type": 0,
  "file": 2,
  "line": 51,
  "col": 14,
  "lit": "git"
***
[2025-11-20 12:29:28Z INFO ActionManifestManager] Input 'path': default value evaluate result: ""
[2025-11-20 12:29:28Z INFO ActionManifestManager] Input 'clean': default value evaluate result: {
  "type": 0,
  "file": 2,
  "line": 59,
  "col": 14,
  "lit": "true"
***
[2025-11-20 12:29:28Z INFO ActionManifestManager] Input 'filter': default value evaluate result: {
  "type": 0,
  "file": 2,
  "line": 64,
  "col": 14,
  "lit": ""
***
[2025-11-20 12:29:28Z INFO ActionManifestManager] Input 'sparse-checkout': default value evaluate result: {
  "type": 0,
  "file": 2,
  "line": 69,
  "col": 14,
  "lit": ""
***
[2025-11-20 12:29:28Z INFO ActionManifestManager] Input 'sparse-checkout-cone-mode': default value evaluate result: {
  "type": 0,
  "file": 2,
  "line": 73,
  "col": 14,
  "lit": "true"
***
[2025-11-20 12:29:28Z INFO ActionManifestManager] Input 'fetch-depth': default value evaluate result: {
  "type": 0,
  "file": 2,
  "line": 76,
  "col": 14,
  "lit": "1"
***
[2025-11-20 12:29:28Z INFO ActionManifestManager] Input 'fetch-tags': default value evaluate result: {
  "type": 0,
  "file": 2,
  "line": 79,
  "col": 14,
  "lit": "false"
***
[2025-11-20 12:29:28Z INFO ActionManifestManager] Input 'show-progress': default value evaluate result: {
  "type": 0,
  "file": 2,
  "line": 82,
  "col": 14,
  "lit": "true"
***
[2025-11-20 12:29:28Z INFO ActionManifestManager] Input 'lfs': default value evaluate result: {
  "type": 0,
  "file": 2,
  "line": 85,
  "col": 14,
  "lit": "false"
***
[2025-11-20 12:29:28Z INFO ActionManifestManager] Input 'set-safe-directory': default value evaluate result: {
  "type": 0,
  "file": 2,
  "line": 97,
  "col": 14,
  "lit": "true"
***
[2025-11-20 12:29:28Z INFO ActionManifestManager] Input 'github-server-url': default value evaluate result: ""
[2025-11-20 12:29:28Z INFO ExtensionManager] Getting extensions for interface: 'GitHub.Runner.Worker.IActionCommandExtension'
[2025-11-20 12:29:28Z INFO ActionCommandManager] Register action command extension for command internal-set-repo-path
[2025-11-20 12:29:28Z INFO ActionCommandManager] Register action command extension for command set-env
[2025-11-20 12:29:28Z INFO ActionCommandManager] Register action command extension for command set-output
[2025-11-20 12:29:28Z INFO ActionCommandManager] Register action command extension for command save-state
[2025-11-20 12:29:28Z INFO ActionCommandManager] Register action command extension for command add-path
[2025-11-20 12:29:28Z INFO ActionCommandManager] Register action command extension for command add-mask
[2025-11-20 12:29:28Z INFO ActionCommandManager] Register action command extension for command add-matcher
[2025-11-20 12:29:28Z INFO ActionCommandManager] Register action command extension for command remove-matcher
[2025-11-20 12:29:28Z INFO ActionCommandManager] Register action command extension for command warning
[2025-11-20 12:29:28Z INFO ActionCommandManager] Register action command extension for command error
[2025-11-20 12:29:28Z INFO ActionCommandManager] Register action command extension for command notice
[2025-11-20 12:29:28Z INFO ActionCommandManager] Register action command extension for command debug
[2025-11-20 12:29:28Z INFO ActionCommandManager] Register action command extension for command group
[2025-11-20 12:29:28Z INFO ActionCommandManager] Register action command extension for command endgroup
[2025-11-20 12:29:28Z INFO ActionCommandManager] Register action command extension for command echo
[2025-11-20 12:29:28Z INFO HostContext] Well known directory 'Bin': 'C:\Projects\unity-build-pipeline\actions-runner\bin'
[2025-11-20 12:29:28Z INFO HostContext] Well known directory 'Root': 'C:\Projects\unity-build-pipeline\actions-runner'
[2025-11-20 12:29:28Z INFO HostContext] Well known directory 'Externals': 'C:\Projects\unity-build-pipeline\actions-runner\externals'
[2025-11-20 12:29:28Z INFO ProcessInvokerWrapper] Starting process:
[2025-11-20 12:29:28Z INFO ProcessInvokerWrapper]   File name: 'C:\Projects\unity-build-pipeline\actions-runner\externals\node20\bin\node.exe'
[2025-11-20 12:29:28Z INFO ProcessInvokerWrapper]   Arguments: '"C:\Projects\unity-build-pipeline\actions-runner\_work\_actions\actions\checkout\v4\dist/index.js"'
[2025-11-20 12:29:28Z INFO ProcessInvokerWrapper]   Working directory: 'C:\Projects\unity-build-pipeline\actions-runner\_work\unity-build-pipeline\unity-build-pipeline'
[2025-11-20 12:29:28Z INFO ProcessInvokerWrapper]   Require exit code zero: 'False'
[2025-11-20 12:29:28Z INFO ProcessInvokerWrapper]   Encoding web name: utf-8 ; code page: '65001'
[2025-11-20 12:29:28Z INFO ProcessInvokerWrapper]   Force kill process on cancellation: 'False'
[2025-11-20 12:29:28Z INFO ProcessInvokerWrapper]   Redirected STDIN: 'False'
[2025-11-20 12:29:28Z INFO ProcessInvokerWrapper]   Persist current code page: 'True'
[2025-11-20 12:29:28Z INFO ProcessInvokerWrapper]   Keep redirected STDIN open: 'False'
[2025-11-20 12:29:28Z INFO ProcessInvokerWrapper]   High priority process: 'False'
[2025-11-20 12:29:28Z INFO ProcessInvokerWrapper] Process started with process id 43544, waiting for process exit.
[2025-11-20 12:29:28Z INFO JobServerQueue] Try to upload 3 log files or attachments, success rate: 3/3.
[2025-11-20 12:29:28Z INFO JobServerQueue] Try to append 4 batches web console lines for record 'f8a7d9d5-7d60-4f97-b155-80f34c7006ce', success rate: 4/4.
[2025-11-20 12:29:28Z INFO JobServerQueue] Try to append 1 batches web console lines for record '36bcb5d5-1487-496f-bb9e-3a423234cac0', success rate: 1/1.
[2025-11-20 12:29:28Z INFO AddMaskCommandExtension] Add new secret mask with length of 32
[2025-11-20 12:29:28Z INFO JobServerQueue] Got a step log file to send to results service.
[2025-11-20 12:29:28Z INFO JobServerQueue] Starting upload of step log file to results service ResultsLog, C:\Projects\unity-build-pipeline\actions-runner\_diag\blocks\6f069646-a9b8-427f-8a25-e9f21d65f8df_76444c05-3082-4971-af8d-410b8d2f89c3.1
[2025-11-20 12:29:28Z INFO JobServerQueue] Try to append 1 batches web console lines for record '36bcb5d5-1487-496f-bb9e-3a423234cac0', success rate: 1/1.
[2025-11-20 12:29:29Z INFO JobServerQueue] Got a step log file to send to results service.
[2025-11-20 12:29:29Z INFO JobServerQueue] Starting upload of step log file to results service ResultsLog, C:\Projects\unity-build-pipeline\actions-runner\_diag\blocks\6f069646-a9b8-427f-8a25-e9f21d65f8df_c3bbae0a-fec0-4cab-a955-3341fcf3efbd.1
[2025-11-20 12:29:29Z INFO JobServerQueue] Try to append 1 batches web console lines for record '36bcb5d5-1487-496f-bb9e-3a423234cac0', success rate: 1/1.
[2025-11-20 12:29:30Z INFO JobServerQueue] Got a step log file to send to results service.
[2025-11-20 12:29:30Z INFO JobServerQueue] Starting upload of step log file to results service ResultsLog, C:\Projects\unity-build-pipeline\actions-runner\_diag\blocks\6f069646-a9b8-427f-8a25-e9f21d65f8df_f8a7d9d5-7d60-4f97-b155-80f34c7006ce.1
[2025-11-20 12:29:30Z INFO JobServerQueue] Tried to upload 3 file(s) to results, success rate: 3/3.
[2025-11-20 12:29:30Z INFO JobServerQueue] Try to append 1 batches web console lines for record '36bcb5d5-1487-496f-bb9e-3a423234cac0', success rate: 1/1.
[2025-11-20 12:29:31Z INFO JobServerQueue] Try to append 1 batches web console lines for record '36bcb5d5-1487-496f-bb9e-3a423234cac0', success rate: 1/1.
[2025-11-20 12:29:32Z INFO ProcessInvokerWrapper] STDOUT/STDERR stream read finished.
[2025-11-20 12:29:32Z INFO ProcessInvokerWrapper] STDOUT/STDERR stream read finished.
[2025-11-20 12:29:32Z INFO ProcessInvokerWrapper] Finished process 43544 with exit code 0, and elapsed time 00:00:04.3506791.
[2025-11-20 12:29:32Z INFO CreateStepSummaryCommand] Step Summary file (C:\Projects\unity-build-pipeline\actions-runner\_work\_temp\_runner_file_commands\step_summary_bc67429b-885b-4426-9926-8f8075cd69ca) is empty; skipping attachment upload
[2025-11-20 12:29:32Z INFO StepsRunner] Step result: 
[2025-11-20 12:29:32Z INFO ExecutionContext] Publish step telemetry for current step {
  "action": "actions/checkout",
  "ref": "v4",
  "type": "node20",
  "stage": "Post",
  "stepId": "36bcb5d5-1487-496f-bb9e-3a423234cac0",
  "result": "succeeded",
  "errorMessages": [],
  "executionTimeInSeconds": 5,
  "startTime": "2025-11-20T12:29:28.0345693Z",
  "finishTime": "2025-11-20T12:29:32.4221789Z"
***.
[2025-11-20 12:29:32Z INFO StepsRunner] No need for updating job result with current step result 'Succeeded'.
[2025-11-20 12:29:32Z INFO StepsRunner] Current state: job state = 'Failed'
[2025-11-20 12:29:32Z INFO JobRunner] Finalize job.
[2025-11-20 12:29:32Z INFO HostContext] Well known directory 'Bin': 'C:\Projects\unity-build-pipeline\actions-runner\bin'
[2025-11-20 12:29:32Z INFO HostContext] Well known directory 'Root': 'C:\Projects\unity-build-pipeline\actions-runner'
[2025-11-20 12:29:32Z INFO HostContext] Well known directory 'Diag': 'C:\Projects\unity-build-pipeline\actions-runner\_diag'
[2025-11-20 12:29:32Z INFO HostContext] Well known directory 'Bin': 'C:\Projects\unity-build-pipeline\actions-runner\bin'
[2025-11-20 12:29:32Z INFO HostContext] Well known directory 'Root': 'C:\Projects\unity-build-pipeline\actions-runner'
[2025-11-20 12:29:32Z INFO HostContext] Well known directory 'Diag': 'C:\Projects\unity-build-pipeline\actions-runner\_diag'
[2025-11-20 12:29:32Z INFO JobExtension] Initialize Env context
[2025-11-20 12:29:32Z INFO JobExtension] Initialize steps context
[2025-11-20 12:29:32Z INFO JobExtension] Support log upload starting.
[2025-11-20 12:29:32Z INFO HostContext] Well known directory 'Bin': 'C:\Projects\unity-build-pipeline\actions-runner\bin'
[2025-11-20 12:29:32Z INFO HostContext] Well known directory 'Root': 'C:\Projects\unity-build-pipeline\actions-runner'
[2025-11-20 12:29:32Z INFO HostContext] Well known directory 'Work': 'C:\Projects\unity-build-pipeline\actions-runner\_work'
[2025-11-20 12:29:32Z INFO HostContext] Well known directory 'Temp': 'C:\Projects\unity-build-pipeline\actions-runner\_work\_temp'
[2025-11-20 12:29:32Z INFO HostContext] Well known directory 'Bin': 'C:\Projects\unity-build-pipeline\actions-runner\bin'
[2025-11-20 12:29:32Z INFO HostContext] Well known directory 'Root': 'C:\Projects\unity-build-pipeline\actions-runner'
[2025-11-20 12:29:32Z INFO HostContext] Well known directory 'Diag': 'C:\Projects\unity-build-pipeline\actions-runner\_diag'
[2025-11-20 12:29:32Z INFO HostContext] Well known directory 'Bin': 'C:\Projects\unity-build-pipeline\actions-runner\bin'
[2025-11-20 12:29:32Z INFO HostContext] Well known directory 'Root': 'C:\Projects\unity-build-pipeline\actions-runner'
[2025-11-20 12:29:32Z INFO HostContext] Well known directory 'Diag': 'C:\Projects\unity-build-pipeline\actions-runner\_diag'
[2025-11-20 12:29:32Z INFO JobExtension] Support log upload complete.
[2025-11-20 12:29:32Z INFO JobExtension] Total accessible running process: 391.
[2025-11-20 12:29:32Z INFO JobExtension] Inspecting process environment variables. PID: 48704 (WmiApSrv)
[2025-11-20 12:29:32Z INFO JobExtension] Inspecting process environment variables. PID: 87884 (WmiPrvSE)
[2025-11-20 12:29:32Z INFO JobExtension] Inspecting process environment variables. PID: 87832 (SearchProtocolHost)
[2025-11-20 12:29:32Z INFO JobExtension] Inspecting process environment variables. PID: 67528 (chrome)
[2025-11-20 12:29:32Z INFO ExecutionContext] Publish step telemetry for current step {
  "action": "complete_job",
  "type": "runner",
  "stage": "Post",
  "stepId": "6627e29d-eab0-4ecb-9063-92e51545a195",
  "result": "succeeded",
  "errorMessages": [],
  "executionTimeInSeconds": 1,
  "startTime": "2025-11-20T12:29:32.425091Z",
  "finishTime": "2025-11-20T12:29:32.5016149Z"
***.
[2025-11-20 12:29:32Z INFO JobRunner] Job result after all job steps finish: Failed
[2025-11-20 12:29:32Z INFO JobRunner] Completing the job execution context.
[2025-11-20 12:29:32Z INFO JobRunner] Shutting down the job server queue.
[2025-11-20 12:29:32Z INFO JobServerQueue] Fire signal to shutdown all queues.
[2025-11-20 12:29:33Z INFO JobServerQueue] All queue process task stopped.
[2025-11-20 12:29:33Z INFO JobServerQueue] Try to append 1 batches web console lines for record '36bcb5d5-1487-496f-bb9e-3a423234cac0', success rate: 1/1.
[2025-11-20 12:29:33Z INFO JobServerQueue] Try to append 1 batches web console lines for record '6627e29d-eab0-4ecb-9063-92e51545a195', success rate: 1/1.
[2025-11-20 12:29:33Z INFO JobServerQueue] Try to append 1 batches web console lines for record '6f5e59ed-27d1-5e67-a132-f35040768d29', success rate: 1/1.
[2025-11-20 12:29:33Z INFO JobServerQueue] Web console line queue drained.
[2025-11-20 12:29:33Z INFO JobServerQueue] Uploading 5 files in one shot.
[2025-11-20 12:29:33Z INFO JobServerQueue] Try to upload 5 log files or attachments, success rate: 5/5.
[2025-11-20 12:29:33Z INFO JobServerQueue] File upload queue drained.
[2025-11-20 12:29:33Z INFO JobServerQueue] Starting results-based upload queue...
[2025-11-20 12:29:33Z INFO JobServerQueue] Uploading 4 file(s) in one shot through results service.
[2025-11-20 12:29:33Z INFO JobServerQueue] Got a step log file to send to results service.
[2025-11-20 12:29:33Z INFO JobServerQueue] Starting upload of step log file to results service ResultsLog, C:\Projects\unity-build-pipeline\actions-runner\_diag\blocks\6f069646-a9b8-427f-8a25-e9f21d65f8df_36bcb5d5-1487-496f-bb9e-3a423234cac0.1
[2025-11-20 12:29:33Z INFO JobServerQueue] Starting to upload diagnostic logs file to results service Build UnknownBuildNumber-build.zip, C:\Projects\unity-build-pipeline\actions-runner\_work\_temp\__default-support\Build UnknownBuildNumber-build.zip
[2025-11-20 12:29:34Z INFO JobServerQueue] Got a step log file to send to results service.
[2025-11-20 12:29:34Z INFO JobServerQueue] Starting upload of step log file to results service ResultsLog, C:\Projects\unity-build-pipeline\actions-runner\_diag\blocks\6f069646-a9b8-427f-8a25-e9f21d65f8df_6627e29d-eab0-4ecb-9063-92e51545a195.1
[2025-11-20 12:29:35Z INFO JobServerQueue] Got a job log file to send to results service.
[2025-11-20 12:29:35Z INFO JobServerQueue] Starting upload of job log file to results service ResultsLog, C:\Projects\unity-build-pipeline\actions-runner\_diag\blocks\6f069646-a9b8-427f-8a25-e9f21d65f8df_6f5e59ed-27d1-5e67-a132-f35040768d29.1
[2025-11-20 12:29:36Z INFO JobServerQueue] Tried to upload 4 file(s) to results, success rate: 4/4.
[2025-11-20 12:29:36Z INFO JobServerQueue] Results upload queue drained.
[2025-11-20 12:29:36Z INFO JobServerQueue] Timeline update queue drained.
[2025-11-20 12:29:36Z INFO JobServerQueue] Disposing job server ...
[2025-11-20 12:29:36Z INFO JobServerQueue] Disposing results server ...
[2025-11-20 12:29:36Z INFO JobServerQueue] All queue process tasks have been stopped, and all queues are drained.
[2025-11-20 12:29:36Z INFO TempDirectoryManager] Cleaning runner temp folder: C:\Projects\unity-build-pipeline\actions-runner\_work\_temp
[2025-11-20 12:29:36Z INFO HostContext] Well known directory 'Bin': 'C:\Projects\unity-build-pipeline\actions-runner\bin'
[2025-11-20 12:29:36Z INFO HostContext] Well known directory 'Root': 'C:\Projects\unity-build-pipeline\actions-runner'
[2025-11-20 12:29:36Z INFO HostContext] Well known directory 'Diag': 'C:\Projects\unity-build-pipeline\actions-runner\_diag'
[2025-11-20 12:29:36Z INFO HostContext] Well known config file 'Telemetry': 'C:\Projects\unity-build-pipeline\actions-runner\_diag\.telemetry'
[2025-11-20 12:29:36Z INFO JobRunner] Raising job completed against run service
[2025-11-20 12:29:37Z INFO Worker] Job completed.
