[2025-11-20 09:44:15Z INFO HostContext] No proxy settings were found based on environmental variables (http_proxy/https_proxy/HTTP_PROXY/HTTPS_PROXY)
[2025-11-20 09:44:15Z INFO HostContext] Well known directory 'Bin': 'C:\Projects\unity-build-pipeline\actions-runner\bin'
[2025-11-20 09:44:15Z INFO HostContext] Well known directory 'Root': 'C:\Projects\unity-build-pipeline\actions-runner'
[2025-11-20 09:44:15Z INFO HostContext] Well known config file 'Credentials': 'C:\Projects\unity-build-pipeline\actions-runner\.credentials'
[2025-11-20 09:44:15Z INFO HostContext] Well known directory 'Bin': 'C:\Projects\unity-build-pipeline\actions-runner\bin'
[2025-11-20 09:44:15Z INFO HostContext] Well known directory 'Root': 'C:\Projects\unity-build-pipeline\actions-runner'
[2025-11-20 09:44:15Z INFO HostContext] Well known config file 'Runner': 'C:\Projects\unity-build-pipeline\actions-runner\.runner'
[2025-11-20 09:44:15Z INFO Worker] Version: 2.329.0
[2025-11-20 09:44:15Z INFO Worker] Commit: c76c59996c8fa32e989164a5a695efb12608ae5a
[2025-11-20 09:44:15Z INFO Worker] Culture: en-PK
[2025-11-20 09:44:15Z INFO Worker] UI Culture: en-US
[2025-11-20 09:44:15Z INFO Worker] Waiting to receive the job message from the channel.
[2025-11-20 09:44:15Z INFO ProcessChannel] Receiving message of length 19882, with hash 'a948c0ae3685ef3b9155239ed462c5024e8940c584be4659a18dedac053ee1c0'
[2025-11-20 09:44:15Z INFO Worker] Message received.
[2025-11-20 09:44:15Z INFO Worker] Job message:
 {
  "fileTable": [
    ".github/workflows/unity-build.yml"
  ],
  "mask": [
    {
      "type": "regex",
      "value": "***"
    ***,
    {
      "type": "regex",
      "value": "***"
    ***,
    {
      "type": "regex",
      "value": "***"
    ***,
    {
      "type": "regex",
      "value": "***"
    ***,
    {
      "type": "regex",
      "value": "***"
    ***,
    {
      "type": "regex",
      "value": "***"
    ***,
    {
      "type": "regex",
      "value": "***"
    ***,
    {
      "type": "regex",
      "value": "***"
    ***,
    {
      "type": "regex",
      "value": "***"
    ***,
    {
      "type": "regex",
      "value": "***"
    ***,
    {
      "type": "regex",
      "value": "***"
    ***,
    {
      "type": "regex",
      "value": "***"
    ***,
    {
      "type": "regex",
      "value": "***"
    ***,
    {
      "type": "regex",
      "value": "***"
    ***,
    {
      "type": "regex",
      "value": "***"
    ***,
    {
      "type": "regex",
      "value": "***"
    ***,
    {
      "type": "regex",
      "value": "***"
    ***,
    {
      "type": "regex",
      "value": "***"
    ***
  ],
  "steps": [
    {
      "type": "action",
      "reference": {
        "type": "repository",
        "name": "actions/checkout",
        "ref": "v4",
        "repositoryType": "GitHub"
      ***,
      "displayNameToken": {
        "type": 0,
        "file": 1,
        "line": 11,
        "col": 15,
        "lit": "Checkout repo with private submodule authentication"
      ***,
      "contextName": "__actions_checkout",
      "inputs": {
        "type": 2,
        "file": 1,
        "line": 14,
        "col": 11,
        "map": [
          {
            "key": {
              "type": 0,
              "file": 1,
              "line": 14,
              "col": 11,
              "lit": "token"
            ***,
            "value": {
              "type": 3,
              "file": 1,
              "line": 14,
              "col": 18,
              "expr": "secrets.PRIVATE_REPO_ACCESS_TOKEN"
            ***
          ***,
          {
            "key": {
              "type": 0,
              "file": 1,
              "line": 15,
              "col": 11,
              "lit": "submodules"
            ***,
            "value": {
              "type": 0,
              "file": 1,
              "line": 15,
              "col": 23,
              "lit": "true"
            ***
          ***,
          {
            "key": {
              "type": 0,
              "file": 1,
              "line": 16,
              "col": 11,
              "lit": "persist-credentials"
            ***,
            "value": {
              "type": 0,
              "file": 1,
              "line": 16,
              "col": 32,
              "lit": "true"
            ***
          ***
        ]
      ***,
      "condition": "success()",
      "id": "758c2c07-2ffc-45a7-bd3f-e397ab7d3bf7",
      "name": "__actions_checkout"
    ***,
    {
      "type": "action",
      "reference": {
        "type": "script"
      ***,
      "displayNameToken": {
        "type": 0,
        "file": 1,
        "line": 18,
        "col": 15,
        "lit": "Run Unity Build"
      ***,
      "contextName": "__run",
      "inputs": {
        "type": 2,
        "map": [
          {
            "key": "script",
            "value": {
              "type": 0,
              "file": 1,
              "line": 20,
              "col": 14,
              "lit": "call C:\\Users\\Aaron\\Desktop\\Builds\\TestBuildAndroid.bat\n"
            ***
          ***,
          {
            "key": "shell",
            "value": {
              "type": 0,
              "file": 1,
              "line": 19,
              "col": 16,
              "lit": "cmd"
            ***
          ***
        ]
      ***,
      "condition": "success()",
      "id": "51112d6b-7e88-47f6-b15b-bf5a5c710145",
      "name": "__run"
    ***,
    {
      "type": "action",
      "reference": {
        "type": "script"
      ***,
      "displayNameToken": {
        "type": 0,
        "file": 1,
        "line": 23,
        "col": 15,
        "lit": "Upload build to Google Drive"
      ***,
      "contextName": "__run_2",
      "environment": {
        "type": 2,
        "file": 1,
        "line": 26,
        "col": 11,
        "map": [
          {
            "key": {
              "type": 0,
              "file": 1,
              "line": 26,
              "col": 11,
              "lit": "RCLONE_CONFIG_GDRIVE_TOKEN"
            ***,
            "value": {
              "type": 3,
              "file": 1,
              "line": 26,
              "col": 39,
              "expr": "secrets.RCLONE_GDRIVE_TOKEN"
            ***
          ***
        ]
      ***,
      "inputs": {
        "type": 2,
        "map": [
          {
            "key": "script",
            "value": {
              "type": 0,
              "file": 1,
              "line": 27,
              "col": 14,
              "lit": "REM Replace the path below with your local build output folder\nset BUILD_PATH=C:\\Users\\Aaron\\Desktop\\Builds\\Builds\nREM Upload to your Google Drive folder\nC:\\rclone\\rclone.exe copy \"%BUILD_PATH%\" gdrive:/ --drive-root-folder-id 1bI--U7S70jspBkr7cgY8IBMkFAZqzkoM --progress\n"
            ***
          ***,
          {
            "key": "shell",
            "value": {
              "type": 0,
              "file": 1,
              "line": 24,
              "col": 16,
              "lit": "cmd"
            ***
          ***
        ]
      ***,
      "condition": "success()",
      "id": "d30e0d30-f7d5-4e84-9192-426c51cc3353",
      "name": "__run_2"
    ***
  ],
  "variables": {
    "ACTIONS_RUNNER_DEBUG": {
      "value": "true",
      "isSecret": true
    ***,
    "ACTIONS_STEP_DEBUG": {
      "value": "true",
      "isSecret": true
    ***,
    "Actions.EnableHttpRedirects": {
      "value": "true"
    ***,
    "DistributedTask.AddWarningToNode12Action": {
      "value": "true"
    ***,
    "DistributedTask.AddWarningToNode16Action": {
      "value": "true"
    ***,
    "DistributedTask.AllowRunnerContainerHooks": {
      "value": "true"
    ***,
    "DistributedTask.DeprecateStepOutputCommands": {
      "value": "true"
    ***,
    "DistributedTask.DetailUntarFailure": {
      "value": "true"
    ***,
    "DistributedTask.EnableCompositeActions": {
      "value": "true"
    ***,
    "DistributedTask.EnableJobServerQueueTelemetry": {
      "value": "true"
    ***,
    "DistributedTask.EnhancedAnnotations": {
      "value": "true"
    ***,
    "DistributedTask.ForceGithubJavascriptActionsToNode16": {
      "value": "true"
    ***,
    "DistributedTask.ForceGithubJavascriptActionsToNode20": {
      "value": "true"
    ***,
    "DistributedTask.LogTemplateErrorsAsDebugMessages": {
      "value": "true"
    ***,
    "DistributedTask.MarkJobAsFailedOnWorkerCrash": {
      "value": "true"
    ***,
    "DistributedTask.NewActionMetadata": {
      "value": "true"
    ***,
    "DistributedTask.UploadStepSummary": {
      "value": "true"
    ***,
    "DistributedTask.UseActionArchiveCache": {
      "value": "true"
    ***,
    "DistributedTask.UseWhich2": {
      "value": "true"
    ***,
    "PRIVATE_REPO_ACCESS_TOKEN": {
      "value": "***",
      "isSecret": true
    ***,
    "RCLONE_GDRIVE_TOKEN": {
      "value": "***",
      "isSecret": true
    ***,
    "RunService.FixEmbeddedIssues": {
      "value": "true"
    ***,
    "actions_add_check_run_id_to_job_context": {
      "value": "true"
    ***,
    "actions_container_action_runner_temp": {
      "value": "false"
    ***,
    "actions_display_helpful_actions_download_errors": {
      "value": "true"
    ***,
    "actions_skip_retry_complete_job_upon_known_errors": {
      "value": "true"
    ***,
    "actions_uses_cache_service_v2": {
      "value": "true"
    ***,
    "github_token": {
      "value": "***",
      "isSecret": true
    ***,
    "system.from_run_service": {
      "value": "true"
    ***,
    "system.github.job": {
      "value": "build"
    ***,
    "system.github.launch_endpoint": {
      "value": "https://launch.actions.githubusercontent.com"
    ***,
    "system.github.results_endpoint": {
      "value": "https://results-receiver.actions.githubusercontent.com/"
    ***,
    "system.github.results_upload_with_sdk": {
      "value": "true"
    ***,
    "system.github.token": {
      "value": "***",
      "isSecret": true
    ***,
    "system.github.token.permissions": {
      "value": "{\"Contents\":\"read\",\"Metadata\":\"read\",\"Packages\":\"read\"***"
    ***,
    "system.orchestrationId": {
      "value": "a99415f1-ef27-4f65-b3a2-76a9713c4adb.build.__default"
    ***,
    "system.phaseDisplayName": {
      "value": "build"
    ***,
    "system.runner.lowdiskspacethreshold": {
      "value": "100"
    ***,
    "system.runnerEnvironment": {
      "value": "self-hosted"
    ***,
    "system.runnerGroupName": {
      "value": "Default"
    ***
  ***,
  "messageType": "RunnerJobRequest",
  "plan": {
    "scopeIdentifier": "00000000-0000-0000-0000-000000000000",
    "planType": "actions",
    "version": 0,
    "planId": "a99415f1-ef27-4f65-b3a2-76a9713c4adb",
    "planGroup": null,
    "artifactUri": null,
    "artifactLocation": null,
    "definition": null,
    "owner": null
  ***,
  "timeline": {
    "id": "a99415f1-ef27-4f65-b3a2-76a9713c4adb",
    "changeId": 0,
    "location": null
  ***,
  "jobId": "8edd0b86-7b9f-5c0a-8477-097a9b3f14fe",
  "jobDisplayName": "build",
  "jobName": "__default",
  "requestId": 0,
  "lockedUntil": "0001-01-01T00:00:00",
  "resources": {
    "endpoints": [
      {
        "data": {
          "ServerId": "",
          "ServerName": "",
          "CacheServerUrl": "https://artifactcache.actions.githubusercontent.com/vSVftLgodSJ2diePV08cjkEtdQyiOueGsCbkZNPWZuZoHP3cDj/",
          "FeedStreamUrl": "wss://results-receiver.actions.githubusercontent.com/_ws/ingest.sock",
          "ResultsServiceUrl": "https://results-receiver.actions.githubusercontent.com/",
          "PipelinesServiceUrl": "https://pipelinesghubeus15.actions.githubusercontent.com/vSVftLgodSJ2diePV08cjkEtdQyiOueGsCbkZNPWZuZoHP3cDj/",
          "GenerateIdTokenUrl": ""
        ***,
        "name": "SystemVssConnection",
        "url": "https://run-actions-1-azure-eastus.actions.githubusercontent.com/22/",
        "authorization": {
          "parameters": {
            "AccessToken": "***"
          ***,
          "scheme": "OAuth"
        ***,
        "isShared": false,
        "isReady": true
      ***
    ]
  ***,
  "contextData": {
    "github": {
      "t": 2,
      "d": [
        {
          "k": "ref",
          "v": "refs/heads/main"
        ***,
        {
          "k": "sha",
          "v": "a23f1a804c3e4efb8e0b132369bf1c448d748030"
        ***,
        {
          "k": "repository",
          "v": "AliAhmad1600/unity-build-pipeline"
        ***,
        {
          "k": "repository_owner",
          "v": "AliAhmad1600"
        ***,
        {
          "k": "repository_owner_id",
          "v": "167503690"
        ***,
        {
          "k": "repositoryUrl",
          "v": "git://github.com/AliAhmad1600/unity-build-pipeline.git"
        ***,
        {
          "k": "run_id",
          "v": "19532201270"
        ***,
        {
          "k": "run_number",
          "v": "19"
        ***,
        {
          "k": "retention_days",
          "v": "90"
        ***,
        {
          "k": "run_attempt",
          "v": "2"
        ***,
        {
          "k": "artifact_cache_size_limit",
          "v": "10"
        ***,
        {
          "k": "repository_visibility",
          "v": "public"
        ***,
        {
          "k": "actor_id",
          "v": "167503690"
        ***,
        {
          "k": "actor",
          "v": "AliAhmad1600"
        ***,
        {
          "k": "workflow",
          "v": "Unity Build and Upload"
        ***,
        {
          "k": "head_ref",
          "v": ""
        ***,
        {
          "k": "base_ref",
          "v": ""
        ***,
        {
          "k": "event_name",
          "v": "workflow_dispatch"
        ***,
        {
          "k": "server_url",
          "v": "https://github.com"
        ***,
        {
          "k": "api_url",
          "v": "https://api.github.com"
        ***,
        {
          "k": "graphql_url",
          "v": "https://api.github.com/graphql"
        ***,
        {
          "k": "ref_name",
          "v": "main"
        ***,
        {
          "k": "ref_protected",
          "v": false
        ***,
        {
          "k": "ref_type",
          "v": "branch"
        ***,
        {
          "k": "secret_source",
          "v": "Actions"
        ***,
        {
          "k": "event",
          "v": {
            "t": 2,
            "d": [
              {
                "k": "inputs",
                "v": null
              ***,
              {
                "k": "ref",
                "v": "refs/heads/main"
              ***,
              {
                "k": "repository",
                "v": {
                  "t": 2,
                  "d": [
                    {
                      "k": "allow_forking",
                      "v": true
                    ***,
                    {
                      "k": "archive_url",
                      "v": "https://api.github.com/repos/AliAhmad1600/unity-build-pipeline/{archive_format***{/ref***"
                    ***,
                    {
                      "k": "archived",
                      "v": false
                    ***,
                    {
                      "k": "assignees_url",
                      "v": "https://api.github.com/repos/AliAhmad1600/unity-build-pipeline/assignees{/user***"
                    ***,
                    {
                      "k": "blobs_url",
                      "v": "https://api.github.com/repos/AliAhmad1600/unity-build-pipeline/git/blobs{/sha***"
                    ***,
                    {
                      "k": "branches_url",
                      "v": "https://api.github.com/repos/AliAhmad1600/unity-build-pipeline/branches{/branch***"
                    ***,
                    {
                      "k": "clone_url",
                      "v": "https://github.com/AliAhmad1600/unity-build-pipeline.git"
                    ***,
                    {
                      "k": "collaborators_url",
                      "v": "https://api.github.com/repos/AliAhmad1600/unity-build-pipeline/collaborators{/collaborator***"
                    ***,
                    {
                      "k": "comments_url",
                      "v": "https://api.github.com/repos/AliAhmad1600/unity-build-pipeline/comments{/number***"
                    ***,
                    {
                      "k": "commits_url",
                      "v": "https://api.github.com/repos/AliAhmad1600/unity-build-pipeline/commits{/sha***"
                    ***,
                    {
                      "k": "compare_url",
                      "v": "https://api.github.com/repos/AliAhmad1600/unity-build-pipeline/compare/{base***...{head***"
                    ***,
                    {
                      "k": "contents_url",
                      "v": "https://api.github.com/repos/AliAhmad1600/unity-build-pipeline/contents/{+path***"
                    ***,
                    {
                      "k": "contributors_url",
                      "v": "https://api.github.com/repos/AliAhmad1600/unity-build-pipeline/contributors"
                    ***,
                    {
                      "k": "created_at",
                      "v": "2025-11-11T11:30:32Z"
                    ***,
                    {
                      "k": "default_branch",
                      "v": "main"
                    ***,
                    {
                      "k": "deployments_url",
                      "v": "https://api.github.com/repos/AliAhmad1600/unity-build-pipeline/deployments"
                    ***,
                    {
                      "k": "description",
                      "v": "its build pipeline that is publicly available."
                    ***,
                    {
                      "k": "disabled",
                      "v": false
                    ***,
                    {
                      "k": "downloads_url",
                      "v": "https://api.github.com/repos/AliAhmad1600/unity-build-pipeline/downloads"
                    ***,
                    {
                      "k": "events_url",
                      "v": "https://api.github.com/repos/AliAhmad1600/unity-build-pipeline/events"
                    ***,
                    {
                      "k": "fork",
                      "v": false
                    ***,
                    {
                      "k": "forks",
                      "v": 0.0
                    ***,
                    {
                      "k": "forks_count",
                      "v": 0.0
                    ***,
                    {
                      "k": "forks_url",
                      "v": "https://api.github.com/repos/AliAhmad1600/unity-build-pipeline/forks"
                    ***,
                    {
                      "k": "full_name",
                      "v": "AliAhmad1600/unity-build-pipeline"
                    ***,
                    {
                      "k": "git_commits_url",
                      "v": "https://api.github.com/repos/AliAhmad1600/unity-build-pipeline/git/commits{/sha***"
                    ***,
                    {
                      "k": "git_refs_url",
                      "v": "https://api.github.com/repos/AliAhmad1600/unity-build-pipeline/git/refs{/sha***"
                    ***,
                    {
                      "k": "git_tags_url",
                      "v": "https://api.github.com/repos/AliAhmad1600/unity-build-pipeline/git/tags{/sha***"
                    ***,
                    {
                      "k": "git_url",
                      "v": "git://github.com/AliAhmad1600/unity-build-pipeline.git"
                    ***,
                    {
                      "k": "has_discussions",
                      "v": false
                    ***,
                    {
                      "k": "has_downloads",
                      "v": true
                    ***,
                    {
                      "k": "has_issues",
                      "v": true
                    ***,
                    {
                      "k": "has_pages",
                      "v": false
                    ***,
                    {
                      "k": "has_projects",
                      "v": true
                    ***,
                    {
                      "k": "has_wiki",
                      "v": true
                    ***,
                    {
                      "k": "homepage",
                      "v": null
                    ***,
                    {
                      "k": "hooks_url",
                      "v": "https://api.github.com/repos/AliAhmad1600/unity-build-pipeline/hooks"
                    ***,
                    {
                      "k": "html_url",
                      "v": "https://github.com/AliAhmad1600/unity-build-pipeline"
                    ***,
                    {
                      "k": "id",
                      "v": 1094189050.0
                    ***,
                    {
                      "k": "is_template",
                      "v": false
                    ***,
                    {
                      "k": "issue_comment_url",
                      "v": "https://api.github.com/repos/AliAhmad1600/unity-build-pipeline/issues/comments{/number***"
                    ***,
                    {
                      "k": "issue_events_url",
                      "v": "https://api.github.com/repos/AliAhmad1600/unity-build-pipeline/issues/events{/number***"
                    ***,
                    {
                      "k": "issues_url",
                      "v": "https://api.github.com/repos/AliAhmad1600/unity-build-pipeline/issues{/number***"
                    ***,
                    {
                      "k": "keys_url",
                      "v": "https://api.github.com/repos/AliAhmad1600/unity-build-pipeline/keys{/key_id***"
                    ***,
                    {
                      "k": "labels_url",
                      "v": "https://api.github.com/repos/AliAhmad1600/unity-build-pipeline/labels{/name***"
                    ***,
                    {
                      "k": "language",
                      "v": "JavaScript"
                    ***,
                    {
                      "k": "languages_url",
                      "v": "https://api.github.com/repos/AliAhmad1600/unity-build-pipeline/languages"
                    ***,
                    {
                      "k": "license",
                      "v": null
                    ***,
                    {
                      "k": "merges_url",
                      "v": "https://api.github.com/repos/AliAhmad1600/unity-build-pipeline/merges"
                    ***,
                    {
                      "k": "milestones_url",
                      "v": "https://api.github.com/repos/AliAhmad1600/unity-build-pipeline/milestones{/number***"
                    ***,
                    {
                      "k": "mirror_url",
                      "v": null
                    ***,
                    {
                      "k": "name",
                      "v": "unity-build-pipeline"
                    ***,
                    {
                      "k": "node_id",
                      "v": "R_kgDOQTf_-g"
                    ***,
                    {
                      "k": "notifications_url",
                      "v": "https://api.github.com/repos/AliAhmad1600/unity-build-pipeline/notifications{?since,all,participating***"
                    ***,
                    {
                      "k": "open_issues",
                      "v": 0.0
                    ***,
                    {
                      "k": "open_issues_count",
                      "v": 0.0
                    ***,
                    {
                      "k": "owner",
                      "v": {
                        "t": 2,
                        "d": [
                          {
                            "k": "avatar_url",
                            "v": "https://avatars.githubusercontent.com/u/167503690?v=4"
                          ***,
                          {
                            "k": "events_url",
                            "v": "https://api.github.com/users/AliAhmad1600/events{/privacy***"
                          ***,
                          {
                            "k": "followers_url",
                            "v": "https://api.github.com/users/AliAhmad1600/followers"
                          ***,
                          {
                            "k": "following_url",
                            "v": "https://api.github.com/users/AliAhmad1600/following{/other_user***"
                          ***,
                          {
                            "k": "gists_url",
                            "v": "https://api.github.com/users/AliAhmad1600/gists{/gist_id***"
                          ***,
                          {
                            "k": "gravatar_id",
                            "v": ""
                          ***,
                          {
                            "k": "html_url",
                            "v": "https://github.com/AliAhmad1600"
                          ***,
                          {
                            "k": "id",
                            "v": 167503690.0
                          ***,
                          {
                            "k": "login",
                            "v": "AliAhmad1600"
                          ***,
                          {
                            "k": "node_id",
                            "v": "U_kgDOCfvnSg"
                          ***,
                          {
                            "k": "organizations_url",
                            "v": "https://api.github.com/users/AliAhmad1600/orgs"
                          ***,
                          {
                            "k": "received_events_url",
                            "v": "https://api.github.com/users/AliAhmad1600/received_events"
                          ***,
                          {
                            "k": "repos_url",
                            "v": "https://api.github.com/users/AliAhmad1600/repos"
                          ***,
                          {
                            "k": "site_admin",
                            "v": false
                          ***,
                          {
                            "k": "starred_url",
                            "v": "https://api.github.com/users/AliAhmad1600/starred{/owner***{/repo***"
                          ***,
                          {
                            "k": "subscriptions_url",
                            "v": "https://api.github.com/users/AliAhmad1600/subscriptions"
                          ***,
                          {
                            "k": "type",
                            "v": "User"
                          ***,
                          {
                            "k": "url",
                            "v": "https://api.github.com/users/AliAhmad1600"
                          ***,
                          {
                            "k": "user_view_type",
                            "v": "public"
                          ***
                        ]
                      ***
                    ***,
                    {
                      "k": "private",
                      "v": false
                    ***,
                    {
                      "k": "pulls_url",
                      "v": "https://api.github.com/repos/AliAhmad1600/unity-build-pipeline/pulls{/number***"
                    ***,
                    {
                      "k": "pushed_at",
                      "v": "2025-11-17T07:03:29Z"
                    ***,
                    {
                      "k": "releases_url",
                      "v": "https://api.github.com/repos/AliAhmad1600/unity-build-pipeline/releases{/id***"
                    ***,
                    {
                      "k": "size",
                      "v": 176037.0
                    ***,
                    {
                      "k": "ssh_url",
                      "v": "git@github.com:AliAhmad1600/unity-build-pipeline.git"
                    ***,
                    {
                      "k": "stargazers_count",
                      "v": 0.0
                    ***,
                    {
                      "k": "stargazers_url",
                      "v": "https://api.github.com/repos/AliAhmad1600/unity-build-pipeline/stargazers"
                    ***,
                    {
                      "k": "statuses_url",
                      "v": "https://api.github.com/repos/AliAhmad1600/unity-build-pipeline/statuses/{sha***"
                    ***,
                    {
                      "k": "subscribers_url",
                      "v": "https://api.github.com/repos/AliAhmad1600/unity-build-pipeline/subscribers"
                    ***,
                    {
                      "k": "subscription_url",
                      "v": "https://api.github.com/repos/AliAhmad1600/unity-build-pipeline/subscription"
                    ***,
                    {
                      "k": "svn_url",
                      "v": "https://github.com/AliAhmad1600/unity-build-pipeline"
                    ***,
                    {
                      "k": "tags_url",
                      "v": "https://api.github.com/repos/AliAhmad1600/unity-build-pipeline/tags"
                    ***,
                    {
                      "k": "teams_url",
                      "v": "https://api.github.com/repos/AliAhmad1600/unity-build-pipeline/teams"
                    ***,
                    {
                      "k": "topics",
                      "v": {
                        "t": 1
                      ***
                    ***,
                    {
                      "k": "trees_url",
                      "v": "https://api.github.com/repos/AliAhmad1600/unity-build-pipeline/git/trees{/sha***"
                    ***,
                    {
                      "k": "updated_at",
                      "v": "2025-11-17T07:03:33Z"
                    ***,
                    {
                      "k": "url",
                      "v": "https://api.github.com/repos/AliAhmad1600/unity-build-pipeline"
                    ***,
                    {
                      "k": "visibility",
                      "v": "public"
                    ***,
                    {
                      "k": "watchers",
                      "v": 0.0
                    ***,
                    {
                      "k": "watchers_count",
                      "v": 0.0
                    ***,
                    {
                      "k": "web_commit_signoff_required",
                      "v": false
                    ***
                  ]
                ***
              ***,
              {
                "k": "sender",
                "v": {
                  "t": 2,
                  "d": [
                    {
                      "k": "avatar_url",
                      "v": "https://avatars.githubusercontent.com/u/167503690?v=4"
                    ***,
                    {
                      "k": "events_url",
                      "v": "https://api.github.com/users/AliAhmad1600/events{/privacy***"
                    ***,
                    {
                      "k": "followers_url",
                      "v": "https://api.github.com/users/AliAhmad1600/followers"
                    ***,
                    {
                      "k": "following_url",
                      "v": "https://api.github.com/users/AliAhmad1600/following{/other_user***"
                    ***,
                    {
                      "k": "gists_url",
                      "v": "https://api.github.com/users/AliAhmad1600/gists{/gist_id***"
                    ***,
                    {
                      "k": "gravatar_id",
                      "v": ""
                    ***,
                    {
                      "k": "html_url",
                      "v": "https://github.com/AliAhmad1600"
                    ***,
                    {
                      "k": "id",
                      "v": 167503690.0
                    ***,
                    {
                      "k": "login",
                      "v": "AliAhmad1600"
                    ***,
                    {
                      "k": "node_id",
                      "v": "U_kgDOCfvnSg"
                    ***,
                    {
                      "k": "organizations_url",
                      "v": "https://api.github.com/users/AliAhmad1600/orgs"
                    ***,
                    {
                      "k": "received_events_url",
                      "v": "https://api.github.com/users/AliAhmad1600/received_events"
                    ***,
                    {
                      "k": "repos_url",
                      "v": "https://api.github.com/users/AliAhmad1600/repos"
                    ***,
                    {
                      "k": "site_admin",
                      "v": false
                    ***,
                    {
                      "k": "starred_url",
                      "v": "https://api.github.com/users/AliAhmad1600/starred{/owner***{/repo***"
                    ***,
                    {
                      "k": "subscriptions_url",
                      "v": "https://api.github.com/users/AliAhmad1600/subscriptions"
                    ***,
                    {
                      "k": "type",
                      "v": "User"
                    ***,
                    {
                      "k": "url",
                      "v": "https://api.github.com/users/AliAhmad1600"
                    ***,
                    {
                      "k": "user_view_type",
                      "v": "public"
                    ***
                  ]
                ***
              ***,
              {
                "k": "workflow",
                "v": ".github/workflows/unity-build.yml"
              ***
            ]
          ***
        ***,
        {
          "k": "workflow_ref",
          "v": "AliAhmad1600/unity-build-pipeline/.github/workflows/unity-build.yml@refs/heads/main"
        ***,
        {
          "k": "workflow_sha",
          "v": "a23f1a804c3e4efb8e0b132369bf1c448d748030"
        ***,
        {
          "k": "repository_id",
          "v": "1094189050"
        ***,
        {
          "k": "triggering_actor",
          "v": "AliAhmad1600"
        ***
      ]
    ***,
    "inputs": {
      "t": 2
    ***,
    "job": {
      "t": 2,
      "d": [
        {
          "k": "check_run_id",
          "v": 55918466457.0
        ***
      ]
    ***,
    "matrix": null,
    "needs": {
      "t": 2
    ***,
    "strategy": {
      "t": 2,
      "d": [
        {
          "k": "fail-fast",
          "v": true
        ***,
        {
          "k": "job-index",
          "v": 0.0
        ***,
        {
          "k": "job-total",
          "v": 1.0
        ***,
        {
          "k": "max-parallel",
          "v": 1.0
        ***
      ]
    ***,
    "vars": {
      "t": 2
    ***
  ***,
  "billingOwnerId": "U_kgDOCfvnSg"
***
[2025-11-20 09:44:15Z INFO JobRunner] Job ID 8edd0b86-7b9f-5c0a-8477-097a9b3f14fe
[2025-11-20 09:44:15Z INFO ConfigurationStore] currentAssemblyLocation: C:\Projects\unity-build-pipeline\actions-runner\bin\Runner.Worker.dll
[2025-11-20 09:44:15Z INFO HostContext] Well known directory 'Bin': 'C:\Projects\unity-build-pipeline\actions-runner\bin'
[2025-11-20 09:44:15Z INFO ConfigurationStore] binPath: C:\Projects\unity-build-pipeline\actions-runner\bin
[2025-11-20 09:44:15Z INFO HostContext] Well known directory 'Bin': 'C:\Projects\unity-build-pipeline\actions-runner\bin'
[2025-11-20 09:44:15Z INFO HostContext] Well known directory 'Root': 'C:\Projects\unity-build-pipeline\actions-runner'
[2025-11-20 09:44:15Z INFO ConfigurationStore] RootFolder: C:\Projects\unity-build-pipeline\actions-runner
[2025-11-20 09:44:15Z INFO HostContext] Well known directory 'Bin': 'C:\Projects\unity-build-pipeline\actions-runner\bin'
[2025-11-20 09:44:15Z INFO HostContext] Well known directory 'Root': 'C:\Projects\unity-build-pipeline\actions-runner'
[2025-11-20 09:44:15Z INFO HostContext] Well known config file 'Runner': 'C:\Projects\unity-build-pipeline\actions-runner\.runner'
[2025-11-20 09:44:15Z INFO ConfigurationStore] ConfigFilePath: C:\Projects\unity-build-pipeline\actions-runner\.runner
[2025-11-20 09:44:15Z INFO HostContext] Well known directory 'Bin': 'C:\Projects\unity-build-pipeline\actions-runner\bin'
[2025-11-20 09:44:15Z INFO HostContext] Well known directory 'Root': 'C:\Projects\unity-build-pipeline\actions-runner'
[2025-11-20 09:44:15Z INFO HostContext] Well known config file 'MigratedRunner': 'C:\Projects\unity-build-pipeline\actions-runner\.runner_migrated'
[2025-11-20 09:44:15Z INFO ConfigurationStore] MigratedConfigFilePath: C:\Projects\unity-build-pipeline\actions-runner\.runner_migrated
[2025-11-20 09:44:15Z INFO HostContext] Well known directory 'Bin': 'C:\Projects\unity-build-pipeline\actions-runner\bin'
[2025-11-20 09:44:15Z INFO HostContext] Well known directory 'Root': 'C:\Projects\unity-build-pipeline\actions-runner'
[2025-11-20 09:44:15Z INFO HostContext] Well known config file 'Credentials': 'C:\Projects\unity-build-pipeline\actions-runner\.credentials'
[2025-11-20 09:44:15Z INFO ConfigurationStore] CredFilePath: C:\Projects\unity-build-pipeline\actions-runner\.credentials
[2025-11-20 09:44:15Z INFO HostContext] Well known directory 'Bin': 'C:\Projects\unity-build-pipeline\actions-runner\bin'
[2025-11-20 09:44:15Z INFO HostContext] Well known directory 'Root': 'C:\Projects\unity-build-pipeline\actions-runner'
[2025-11-20 09:44:15Z INFO HostContext] Well known config file 'MigratedCredentials': 'C:\Projects\unity-build-pipeline\actions-runner\.credentials_migrated'
[2025-11-20 09:44:15Z INFO ConfigurationStore] MigratedCredFilePath: C:\Projects\unity-build-pipeline\actions-runner\.credentials_migrated
[2025-11-20 09:44:15Z INFO HostContext] Well known directory 'Bin': 'C:\Projects\unity-build-pipeline\actions-runner\bin'
[2025-11-20 09:44:15Z INFO HostContext] Well known directory 'Root': 'C:\Projects\unity-build-pipeline\actions-runner'
[2025-11-20 09:44:15Z INFO HostContext] Well known config file 'Service': 'C:\Projects\unity-build-pipeline\actions-runner\.service'
[2025-11-20 09:44:15Z INFO ConfigurationStore] ServiceConfigFilePath: C:\Projects\unity-build-pipeline\actions-runner\.service
[2025-11-20 09:44:15Z INFO ConfigurationStore] Read setting file: 401 chars
[2025-11-20 09:44:15Z INFO JobRunner] Initializing launch client
[2025-11-20 09:44:15Z INFO JobServerQueue] Initializing results client
[2025-11-20 09:44:15Z INFO ResultServer] Creating websocket client ...wss://results-receiver.actions.githubusercontent.com/_ws/ingest.sock
[2025-11-20 09:44:15Z INFO ResultServer] Attempting to start websocket client with delay 00:00:00.
[2025-11-20 09:44:15Z INFO JobServerQueue] Start process web console line queue.
[2025-11-20 09:44:15Z INFO JobServerQueue] Start process file upload queue.
[2025-11-20 09:44:15Z INFO JobServerQueue] Start results file upload queue.
[2025-11-20 09:44:15Z INFO JobServerQueue] Starting results-based upload queue...
[2025-11-20 09:44:15Z INFO JobServerQueue] Start process timeline update queue.
[2025-11-20 09:44:15Z INFO ExecutionContext] Initializing Job context
[2025-11-20 09:44:15Z INFO ExecutionContext] Initialize GitHub context
[2025-11-20 09:44:15Z INFO ExecutionContext] Initialize Env context
[2025-11-20 09:44:15Z INFO HostContext] Well known directory 'Bin': 'C:\Projects\unity-build-pipeline\actions-runner\bin'
[2025-11-20 09:44:15Z INFO HostContext] Well known directory 'Root': 'C:\Projects\unity-build-pipeline\actions-runner'
[2025-11-20 09:44:15Z INFO HostContext] Well known directory 'Diag': 'C:\Projects\unity-build-pipeline\actions-runner\_diag'
[2025-11-20 09:44:15Z INFO HostContext] Well known directory 'Bin': 'C:\Projects\unity-build-pipeline\actions-runner\bin'
[2025-11-20 09:44:15Z INFO HostContext] Well known directory 'Root': 'C:\Projects\unity-build-pipeline\actions-runner'
[2025-11-20 09:44:15Z INFO HostContext] Well known directory 'Diag': 'C:\Projects\unity-build-pipeline\actions-runner\_diag'
[2025-11-20 09:44:15Z INFO JobRunner] Starting the job execution context.
[2025-11-20 09:44:15Z INFO HostContext] Well known directory 'Bin': 'C:\Projects\unity-build-pipeline\actions-runner\bin'
[2025-11-20 09:44:15Z INFO HostContext] Well known directory 'Root': 'C:\Projects\unity-build-pipeline\actions-runner'
[2025-11-20 09:44:15Z INFO HostContext] Well known directory 'Work': 'C:\Projects\unity-build-pipeline\actions-runner\_work'
[2025-11-20 09:44:15Z INFO JobRunner] Validating directory permissions for: 'C:\Projects\unity-build-pipeline\actions-runner\_work'
[2025-11-20 09:44:15Z INFO HostContext] Well known directory 'Bin': 'C:\Projects\unity-build-pipeline\actions-runner\bin'
[2025-11-20 09:44:15Z INFO HostContext] Well known directory 'Root': 'C:\Projects\unity-build-pipeline\actions-runner'
[2025-11-20 09:44:15Z INFO HostContext] Well known directory 'Work': 'C:\Projects\unity-build-pipeline\actions-runner\_work'
[2025-11-20 09:44:15Z INFO HostContext] Well known directory 'Tools': 'C:\Projects\unity-build-pipeline\actions-runner\_work\_tool'
[2025-11-20 09:44:15Z INFO HostContext] Well known directory 'Bin': 'C:\Projects\unity-build-pipeline\actions-runner\bin'
[2025-11-20 09:44:15Z INFO HostContext] Well known directory 'Root': 'C:\Projects\unity-build-pipeline\actions-runner'
[2025-11-20 09:44:15Z INFO HostContext] Well known directory 'Work': 'C:\Projects\unity-build-pipeline\actions-runner\_work'
[2025-11-20 09:44:15Z INFO HostContext] Well known directory 'Temp': 'C:\Projects\unity-build-pipeline\actions-runner\_work\_temp'
[2025-11-20 09:44:15Z INFO JobRunner] Getting job extension.
[2025-11-20 09:44:15Z INFO JobRunner] Initialize job. Getting all job steps.
[2025-11-20 09:44:15Z INFO HostContext] Well known directory 'Bin': 'C:\Projects\unity-build-pipeline\actions-runner\bin'
[2025-11-20 09:44:15Z INFO HostContext] Well known directory 'Root': 'C:\Projects\unity-build-pipeline\actions-runner'
[2025-11-20 09:44:15Z INFO HostContext] Well known directory 'Diag': 'C:\Projects\unity-build-pipeline\actions-runner\_diag'
[2025-11-20 09:44:15Z INFO HostContext] Well known directory 'Bin': 'C:\Projects\unity-build-pipeline\actions-runner\bin'
[2025-11-20 09:44:15Z INFO HostContext] Well known directory 'Root': 'C:\Projects\unity-build-pipeline\actions-runner'
[2025-11-20 09:44:15Z INFO HostContext] Well known directory 'Diag': 'C:\Projects\unity-build-pipeline\actions-runner\_diag'
[2025-11-20 09:44:15Z INFO HostContext] Well known directory 'Bin': 'C:\Projects\unity-build-pipeline\actions-runner\bin'
[2025-11-20 09:44:15Z INFO HostContext] Well known directory 'Root': 'C:\Projects\unity-build-pipeline\actions-runner'
[2025-11-20 09:44:15Z INFO HostContext] Well known config file 'Credentials': 'C:\Projects\unity-build-pipeline\actions-runner\.credentials'
[2025-11-20 09:44:15Z INFO HostContext] Well known directory 'Bin': 'C:\Projects\unity-build-pipeline\actions-runner\bin'
[2025-11-20 09:44:15Z INFO HostContext] Well known directory 'Root': 'C:\Projects\unity-build-pipeline\actions-runner'
[2025-11-20 09:44:15Z INFO HostContext] Well known config file 'SetupInfo': 'C:\Projects\unity-build-pipeline\actions-runner\.setup_info'
[2025-11-20 09:44:15Z INFO HostContext] Well known directory 'Bin': 'C:\Projects\unity-build-pipeline\actions-runner\bin'
[2025-11-20 09:44:15Z INFO HostContext] Well known directory 'Root': 'C:\Projects\unity-build-pipeline\actions-runner'
[2025-11-20 09:44:15Z INFO HostContext] Well known directory 'Work': 'C:\Projects\unity-build-pipeline\actions-runner\_work'
[2025-11-20 09:44:15Z INFO PipelineDirectoryManager] Loading tracking config if exists: C:\Projects\unity-build-pipeline\actions-runner\_work\_PipelineMapping\AliAhmad1600/unity-build-pipeline\PipelineFolder.json
[2025-11-20 09:44:15Z INFO PipelineDirectoryManager] Updating job run properties.
[2025-11-20 09:44:15Z INFO HostContext] Well known directory 'Bin': 'C:\Projects\unity-build-pipeline\actions-runner\bin'
[2025-11-20 09:44:15Z INFO HostContext] Well known directory 'Root': 'C:\Projects\unity-build-pipeline\actions-runner'
[2025-11-20 09:44:15Z INFO HostContext] Well known directory 'Work': 'C:\Projects\unity-build-pipeline\actions-runner\_work'
[2025-11-20 09:44:15Z INFO HostContext] Well known directory 'Bin': 'C:\Projects\unity-build-pipeline\actions-runner\bin'
[2025-11-20 09:44:15Z INFO HostContext] Well known directory 'Root': 'C:\Projects\unity-build-pipeline\actions-runner'
[2025-11-20 09:44:15Z INFO HostContext] Well known directory 'Work': 'C:\Projects\unity-build-pipeline\actions-runner\_work'
[2025-11-20 09:44:15Z INFO HostContext] Well known directory 'Bin': 'C:\Projects\unity-build-pipeline\actions-runner\bin'
[2025-11-20 09:44:15Z INFO HostContext] Well known directory 'Root': 'C:\Projects\unity-build-pipeline\actions-runner'
[2025-11-20 09:44:15Z INFO HostContext] Well known directory 'Work': 'C:\Projects\unity-build-pipeline\actions-runner\_work'
[2025-11-20 09:44:15Z INFO JobExtension] Downloading actions
[2025-11-20 09:44:15Z INFO HostContext] Well known directory 'Bin': 'C:\Projects\unity-build-pipeline\actions-runner\bin'
[2025-11-20 09:44:15Z INFO HostContext] Well known directory 'Root': 'C:\Projects\unity-build-pipeline\actions-runner'
[2025-11-20 09:44:15Z INFO HostContext] Well known directory 'Work': 'C:\Projects\unity-build-pipeline\actions-runner\_work'
[2025-11-20 09:44:15Z INFO HostContext] Well known directory 'Actions': 'C:\Projects\unity-build-pipeline\actions-runner\_work\_actions'
[2025-11-20 09:44:16Z INFO Worker] Listening for cancel message from the channel.
[2025-11-20 09:44:16Z INFO Worker] Waiting for the job to complete or for a cancel message from the channel.
[2025-11-20 09:44:17Z INFO ResultServer] Successfully started websocket client.
[2025-11-20 09:44:17Z INFO JobServerQueue] Try to append 1 batches web console lines for record '8edd0b86-7b9f-5c0a-8477-097a9b3f14fe', success rate: 1/1.
[2025-11-20 09:44:17Z INFO JobServerQueue] Try to append 1 batches web console lines for record '8e244a60-14b1-429f-b326-3e996e0c1e22', success rate: 1/1.
[2025-11-20 09:44:17Z INFO HostContext] Well known directory 'Bin': 'C:\Projects\unity-build-pipeline\actions-runner\bin'
[2025-11-20 09:44:17Z INFO HostContext] Well known directory 'Root': 'C:\Projects\unity-build-pipeline\actions-runner'
[2025-11-20 09:44:17Z INFO HostContext] Well known directory 'Work': 'C:\Projects\unity-build-pipeline\actions-runner\_work'
[2025-11-20 09:44:17Z INFO HostContext] Well known directory 'Actions': 'C:\Projects\unity-build-pipeline\actions-runner\_work\_actions'
[2025-11-20 09:44:17Z INFO HostContext] Well known directory 'Bin': 'C:\Projects\unity-build-pipeline\actions-runner\bin'
[2025-11-20 09:44:17Z INFO HostContext] Well known directory 'Root': 'C:\Projects\unity-build-pipeline\actions-runner'
[2025-11-20 09:44:17Z INFO HostContext] Well known directory 'Work': 'C:\Projects\unity-build-pipeline\actions-runner\_work'
[2025-11-20 09:44:17Z INFO HostContext] Well known directory 'Actions': 'C:\Projects\unity-build-pipeline\actions-runner\_work\_actions'
[2025-11-20 09:44:17Z INFO ActionManager] Save archive 'https://api.github.com/repos/actions/checkout/zipball/34e114876b0b11c390a56381ad16ebd13914f8d5' into C:\Projects\unity-build-pipeline\actions-runner\_work\_actions\_temp_56740181-dc82-4750-bc8d-93abc22baa02\05249d0f-3871-4a3a-9aba-4567255f9301.zip.
[2025-11-20 09:44:17Z INFO JobServerQueue] Try to append 1 batches web console lines for record '8e244a60-14b1-429f-b326-3e996e0c1e22', success rate: 1/1.
[2025-11-20 09:44:17Z INFO JobServerQueue] Job timeline record has been updated for the first time.
[2025-11-20 09:44:19Z INFO ActionManager] Request URL: https://api.github.com/repos/actions/checkout/zipball/34e114876b0b11c390a56381ad16ebd13914f8d5 X-GitHub-Request-Id: CFBE:11B21D:D639:6A4ED:691EE2F2 Http Status: OK
[2025-11-20 09:44:19Z INFO JobServerQueue] Try to append 1 batches web console lines for record '8e244a60-14b1-429f-b326-3e996e0c1e22', success rate: 1/1.
[2025-11-20 09:44:20Z INFO ActionManager] Finished getting action repository.
[2025-11-20 09:44:20Z INFO HostContext] Well known directory 'Bin': 'C:\Projects\unity-build-pipeline\actions-runner\bin'
[2025-11-20 09:44:20Z INFO HostContext] Well known directory 'Root': 'C:\Projects\unity-build-pipeline\actions-runner'
[2025-11-20 09:44:20Z INFO HostContext] Well known directory 'Work': 'C:\Projects\unity-build-pipeline\actions-runner\_work'
[2025-11-20 09:44:20Z INFO HostContext] Well known directory 'Actions': 'C:\Projects\unity-build-pipeline\actions-runner\_work\_actions'
[2025-11-20 09:44:20Z INFO ActionManifestManager] Load schema file with definitions: [
  "null",
  "boolean",
  "number",
  "string",
  "sequence",
  "mapping",
  "any",
  "action-root",
  "inputs",
  "input",
  "outputs",
  "output-definition",
  "runs",
  "container-runs",
  "container-runs-args",
  "container-runs-env",
  "node-runs",
  "plugin-runs",
  "composite-runs",
  "composite-steps",
  "composite-step",
  "run-step",
  "uses-step",
  "container-runs-context",
  "output-value",
  "input-default-context",
  "non-empty-string",
  "string-steps-context",
  "boolean-steps-context",
  "step-env",
  "step-if",
  "step-with"
]
[2025-11-20 09:44:20Z INFO HostContext] Well known directory 'Bin': 'C:\Projects\unity-build-pipeline\actions-runner\bin'
[2025-11-20 09:44:20Z INFO HostContext] Well known directory 'Root': 'C:\Projects\unity-build-pipeline\actions-runner'
[2025-11-20 09:44:20Z INFO HostContext] Well known directory 'Work': 'C:\Projects\unity-build-pipeline\actions-runner\_work'
[2025-11-20 09:44:20Z INFO HostContext] Well known directory 'Actions': 'C:\Projects\unity-build-pipeline\actions-runner\_work\_actions'
[2025-11-20 09:44:20Z INFO JobServerQueue] Try to append 1 batches web console lines for record '8e244a60-14b1-429f-b326-3e996e0c1e22', success rate: 1/1.
[2025-11-20 09:44:20Z INFO ActionManifestManager] Loaded action.yml file: {
  "name": "Checkout",
  "description": "Checkout a Git repository at a particular version",
  "inputs": {
    "type": 2,
    "map": [
      {
        "key": {
          "type": 0,
          "file": 2,
          "line": 4,
          "col": 3,
          "lit": "repository"
        ***,
        "value": {
          "type": 3,
          "file": 2,
          "line": 6,
          "col": 14,
          "expr": "github.repository"
        ***
      ***,
      {
        "key": {
          "type": 0,
          "file": 2,
          "line": 7,
          "col": 3,
          "lit": "ref"
        ***,
        "value": ""
      ***,
      {
        "key": {
          "type": 0,
          "file": 2,
          "line": 12,
          "col": 3,
          "lit": "token"
        ***,
        "value": {
          "type": 3,
          "file": 2,
          "line": 24,
          "col": 14,
          "expr": "github.token"
        ***
      ***,
      {
        "key": {
          "type": 0,
          "file": 2,
          "line": 25,
          "col": 3,
          "lit": "ssh-key"
        ***,
        "value": ""
      ***,
      {
        "key": {
          "type": 0,
          "file": 2,
          "line": 37,
          "col": 3,
          "lit": "ssh-known-hosts"
        ***,
        "value": ""
      ***,
      {
        "key": {
          "type": 0,
          "file": 2,
          "line": 42,
          "col": 3,
          "lit": "ssh-strict"
        ***,
        "value": {
          "type": 0,
          "file": 2,
          "line": 47,
          "col": 14,
          "lit": "true"
        ***
      ***,
      {
        "key": {
          "type": 0,
          "file": 2,
          "line": 48,
          "col": 3,
          "lit": "ssh-user"
        ***,
        "value": {
          "type": 0,
          "file": 2,
          "line": 51,
          "col": 14,
          "lit": "git"
        ***
      ***,
      {
        "key": {
          "type": 0,
          "file": 2,
          "line": 52,
          "col": 3,
          "lit": "persist-credentials"
        ***,
        "value": {
          "type": 0,
          "file": 2,
          "line": 54,
          "col": 14,
          "lit": "true"
        ***
      ***,
      {
        "key": {
          "type": 0,
          "file": 2,
          "line": 55,
          "col": 3,
          "lit": "path"
        ***,
        "value": ""
      ***,
      {
        "key": {
          "type": 0,
          "file": 2,
          "line": 57,
          "col": 3,
          "lit": "clean"
        ***,
        "value": {
          "type": 0,
          "file": 2,
          "line": 59,
          "col": 14,
          "lit": "true"
        ***
      ***,
      {
        "key": {
          "type": 0,
          "file": 2,
          "line": 60,
          "col": 3,
          "lit": "filter"
        ***,
        "value": {
          "type": 0,
          "file": 2,
          "line": 64,
          "col": 14,
          "lit": ""
        ***
      ***,
      {
        "key": {
          "type": 0,
          "file": 2,
          "line": 65,
          "col": 3,
          "lit": "sparse-checkout"
        ***,
        "value": {
          "type": 0,
          "file": 2,
          "line": 69,
          "col": 14,
          "lit": ""
        ***
      ***,
      {
        "key": {
          "type": 0,
          "file": 2,
          "line": 70,
          "col": 3,
          "lit": "sparse-checkout-cone-mode"
        ***,
        "value": {
          "type": 0,
          "file": 2,
          "line": 73,
          "col": 14,
          "lit": "true"
        ***
      ***,
      {
        "key": {
          "type": 0,
          "file": 2,
          "line": 74,
          "col": 3,
          "lit": "fetch-depth"
        ***,
        "value": {
          "type": 0,
          "file": 2,
          "line": 76,
          "col": 14,
          "lit": "1"
        ***
      ***,
      {
        "key": {
          "type": 0,
          "file": 2,
          "line": 77,
          "col": 3,
          "lit": "fetch-tags"
        ***,
        "value": {
          "type": 0,
          "file": 2,
          "line": 79,
          "col": 14,
          "lit": "false"
        ***
      ***,
      {
        "key": {
          "type": 0,
          "file": 2,
          "line": 80,
          "col": 3,
          "lit": "show-progress"
        ***,
        "value": {
          "type": 0,
          "file": 2,
          "line": 82,
          "col": 14,
          "lit": "true"
        ***
      ***,
      {
        "key": {
          "type": 0,
          "file": 2,
          "line": 83,
          "col": 3,
          "lit": "lfs"
        ***,
        "value": {
          "type": 0,
          "file": 2,
          "line": 85,
          "col": 14,
          "lit": "false"
        ***
      ***,
      {
        "key": {
          "type": 0,
          "file": 2,
          "line": 86,
          "col": 3,
          "lit": "submodules"
        ***,
        "value": {
          "type": 0,
          "file": 2,
          "line": 94,
          "col": 14,
          "lit": "false"
        ***
      ***,
      {
        "key": {
          "type": 0,
          "file": 2,
          "line": 95,
          "col": 3,
          "lit": "set-safe-directory"
        ***,
        "value": {
          "type": 0,
          "file": 2,
          "line": 97,
          "col": 14,
          "lit": "true"
        ***
      ***,
      {
        "key": {
          "type": 0,
          "file": 2,
          "line": 98,
          "col": 3,
          "lit": "github-server-url"
        ***,
        "value": ""
      ***
    ]
  ***,
  "execution": {
    "executionType": "nodeJS",
    "hasPre": false,
    "hasPost": true,
    "script": "dist/index.js",
    "pre": null,
    "post": "dist/index.js",
    "nodeVersion": "node20",
    "cleanupCondition": "always()",
    "initCondition": "always()"
  ***,
  "deprecated": null
***
[2025-11-20 09:44:20Z INFO ActionManager] Action node.js file: dist/index.js, no more preparation.
[2025-11-20 09:44:20Z INFO HostContext] Well known directory 'Bin': 'C:\Projects\unity-build-pipeline\actions-runner\bin'
[2025-11-20 09:44:20Z INFO HostContext] Well known directory 'Root': 'C:\Projects\unity-build-pipeline\actions-runner'
[2025-11-20 09:44:20Z INFO HostContext] Well known directory 'Work': 'C:\Projects\unity-build-pipeline\actions-runner\_work'
[2025-11-20 09:44:20Z INFO HostContext] Well known directory 'Actions': 'C:\Projects\unity-build-pipeline\actions-runner\_work\_actions'
[2025-11-20 09:44:20Z INFO ActionManager] Load action that reference repository from 'C:\Projects\unity-build-pipeline\actions-runner\_work\_actions\actions\checkout\v4'
[2025-11-20 09:44:20Z INFO HostContext] Well known directory 'Bin': 'C:\Projects\unity-build-pipeline\actions-runner\bin'
[2025-11-20 09:44:20Z INFO HostContext] Well known directory 'Root': 'C:\Projects\unity-build-pipeline\actions-runner'
[2025-11-20 09:44:20Z INFO HostContext] Well known directory 'Work': 'C:\Projects\unity-build-pipeline\actions-runner\_work'
[2025-11-20 09:44:20Z INFO HostContext] Well known directory 'Actions': 'C:\Projects\unity-build-pipeline\actions-runner\_work\_actions'
[2025-11-20 09:44:20Z INFO ActionManifestManager] Loaded action.yml file: {
  "name": "Checkout",
  "description": "Checkout a Git repository at a particular version",
  "inputs": {
    "type": 2,
    "map": [
      {
        "key": {
          "type": 0,
          "file": 2,
          "line": 4,
          "col": 3,
          "lit": "repository"
        ***,
        "value": {
          "type": 3,
          "file": 2,
          "line": 6,
          "col": 14,
          "expr": "github.repository"
        ***
      ***,
      {
        "key": {
          "type": 0,
          "file": 2,
          "line": 7,
          "col": 3,
          "lit": "ref"
        ***,
        "value": ""
      ***,
      {
        "key": {
          "type": 0,
          "file": 2,
          "line": 12,
          "col": 3,
          "lit": "token"
        ***,
        "value": {
          "type": 3,
          "file": 2,
          "line": 24,
          "col": 14,
          "expr": "github.token"
        ***
      ***,
      {
        "key": {
          "type": 0,
          "file": 2,
          "line": 25,
          "col": 3,
          "lit": "ssh-key"
        ***,
        "value": ""
      ***,
      {
        "key": {
          "type": 0,
          "file": 2,
          "line": 37,
          "col": 3,
          "lit": "ssh-known-hosts"
        ***,
        "value": ""
      ***,
      {
        "key": {
          "type": 0,
          "file": 2,
          "line": 42,
          "col": 3,
          "lit": "ssh-strict"
        ***,
        "value": {
          "type": 0,
          "file": 2,
          "line": 47,
          "col": 14,
          "lit": "true"
        ***
      ***,
      {
        "key": {
          "type": 0,
          "file": 2,
          "line": 48,
          "col": 3,
          "lit": "ssh-user"
        ***,
        "value": {
          "type": 0,
          "file": 2,
          "line": 51,
          "col": 14,
          "lit": "git"
        ***
      ***,
      {
        "key": {
          "type": 0,
          "file": 2,
          "line": 52,
          "col": 3,
          "lit": "persist-credentials"
        ***,
        "value": {
          "type": 0,
          "file": 2,
          "line": 54,
          "col": 14,
          "lit": "true"
        ***
      ***,
      {
        "key": {
          "type": 0,
          "file": 2,
          "line": 55,
          "col": 3,
          "lit": "path"
        ***,
        "value": ""
      ***,
      {
        "key": {
          "type": 0,
          "file": 2,
          "line": 57,
          "col": 3,
          "lit": "clean"
        ***,
        "value": {
          "type": 0,
          "file": 2,
          "line": 59,
          "col": 14,
          "lit": "true"
        ***
      ***,
      {
        "key": {
          "type": 0,
          "file": 2,
          "line": 60,
          "col": 3,
          "lit": "filter"
        ***,
        "value": {
          "type": 0,
          "file": 2,
          "line": 64,
          "col": 14,
          "lit": ""
        ***
      ***,
      {
        "key": {
          "type": 0,
          "file": 2,
          "line": 65,
          "col": 3,
          "lit": "sparse-checkout"
        ***,
        "value": {
          "type": 0,
          "file": 2,
          "line": 69,
          "col": 14,
          "lit": ""
        ***
      ***,
      {
        "key": {
          "type": 0,
          "file": 2,
          "line": 70,
          "col": 3,
          "lit": "sparse-checkout-cone-mode"
        ***,
        "value": {
          "type": 0,
          "file": 2,
          "line": 73,
          "col": 14,
          "lit": "true"
        ***
      ***,
      {
        "key": {
          "type": 0,
          "file": 2,
          "line": 74,
          "col": 3,
          "lit": "fetch-depth"
        ***,
        "value": {
          "type": 0,
          "file": 2,
          "line": 76,
          "col": 14,
          "lit": "1"
        ***
      ***,
      {
        "key": {
          "type": 0,
          "file": 2,
          "line": 77,
          "col": 3,
          "lit": "fetch-tags"
        ***,
        "value": {
          "type": 0,
          "file": 2,
          "line": 79,
          "col": 14,
          "lit": "false"
        ***
      ***,
      {
        "key": {
          "type": 0,
          "file": 2,
          "line": 80,
          "col": 3,
          "lit": "show-progress"
        ***,
        "value": {
          "type": 0,
          "file": 2,
          "line": 82,
          "col": 14,
          "lit": "true"
        ***
      ***,
      {
        "key": {
          "type": 0,
          "file": 2,
          "line": 83,
          "col": 3,
          "lit": "lfs"
        ***,
        "value": {
          "type": 0,
          "file": 2,
          "line": 85,
          "col": 14,
          "lit": "false"
        ***
      ***,
      {
        "key": {
          "type": 0,
          "file": 2,
          "line": 86,
          "col": 3,
          "lit": "submodules"
        ***,
        "value": {
          "type": 0,
          "file": 2,
          "line": 94,
          "col": 14,
          "lit": "false"
        ***
      ***,
      {
        "key": {
          "type": 0,
          "file": 2,
          "line": 95,
          "col": 3,
          "lit": "set-safe-directory"
        ***,
        "value": {
          "type": 0,
          "file": 2,
          "line": 97,
          "col": 14,
          "lit": "true"
        ***
      ***,
      {
        "key": {
          "type": 0,
          "file": 2,
          "line": 98,
          "col": 3,
          "lit": "github-server-url"
        ***,
        "value": ""
      ***
    ]
  ***,
  "execution": {
    "executionType": "nodeJS",
    "hasPre": false,
    "hasPost": true,
    "script": "dist/index.js",
    "pre": null,
    "post": "dist/index.js",
    "nodeVersion": "node20",
    "cleanupCondition": "always()",
    "initCondition": "always()"
  ***,
  "deprecated": null
***
[2025-11-20 09:44:20Z INFO ActionManager] Action pre node.js file: N/A.
[2025-11-20 09:44:20Z INFO ActionManager] Action node.js file: dist/index.js.
[2025-11-20 09:44:20Z INFO ActionManager] Action post node.js file: dist/index.js.
[2025-11-20 09:44:20Z INFO JobExtension] Adding .
[2025-11-20 09:44:20Z INFO JobExtension] Adding .
[2025-11-20 09:44:20Z INFO JobExtension] Adding .
[2025-11-20 09:44:20Z INFO HostContext] Well known directory 'Bin': 'C:\Projects\unity-build-pipeline\actions-runner\bin'
[2025-11-20 09:44:20Z INFO HostContext] Well known directory 'Root': 'C:\Projects\unity-build-pipeline\actions-runner'
[2025-11-20 09:44:20Z INFO HostContext] Well known directory 'Diag': 'C:\Projects\unity-build-pipeline\actions-runner\_diag'
[2025-11-20 09:44:20Z INFO HostContext] Well known directory 'Bin': 'C:\Projects\unity-build-pipeline\actions-runner\bin'
[2025-11-20 09:44:20Z INFO HostContext] Well known directory 'Root': 'C:\Projects\unity-build-pipeline\actions-runner'
[2025-11-20 09:44:20Z INFO HostContext] Well known directory 'Diag': 'C:\Projects\unity-build-pipeline\actions-runner\_diag'
[2025-11-20 09:44:20Z INFO HostContext] Well known directory 'Bin': 'C:\Projects\unity-build-pipeline\actions-runner\bin'
[2025-11-20 09:44:20Z INFO HostContext] Well known directory 'Root': 'C:\Projects\unity-build-pipeline\actions-runner'
[2025-11-20 09:44:20Z INFO HostContext] Well known directory 'Diag': 'C:\Projects\unity-build-pipeline\actions-runner\_diag'
[2025-11-20 09:44:20Z INFO HostContext] Well known directory 'Bin': 'C:\Projects\unity-build-pipeline\actions-runner\bin'
[2025-11-20 09:44:20Z INFO HostContext] Well known directory 'Root': 'C:\Projects\unity-build-pipeline\actions-runner'
[2025-11-20 09:44:20Z INFO HostContext] Well known directory 'Diag': 'C:\Projects\unity-build-pipeline\actions-runner\_diag'
[2025-11-20 09:44:20Z INFO HostContext] Well known directory 'Bin': 'C:\Projects\unity-build-pipeline\actions-runner\bin'
[2025-11-20 09:44:20Z INFO HostContext] Well known directory 'Root': 'C:\Projects\unity-build-pipeline\actions-runner'
[2025-11-20 09:44:20Z INFO HostContext] Well known directory 'Diag': 'C:\Projects\unity-build-pipeline\actions-runner\_diag'
[2025-11-20 09:44:20Z INFO HostContext] Well known directory 'Bin': 'C:\Projects\unity-build-pipeline\actions-runner\bin'
[2025-11-20 09:44:20Z INFO HostContext] Well known directory 'Root': 'C:\Projects\unity-build-pipeline\actions-runner'
[2025-11-20 09:44:20Z INFO HostContext] Well known directory 'Diag': 'C:\Projects\unity-build-pipeline\actions-runner\_diag'
[2025-11-20 09:44:20Z INFO JobExtension] Total accessible running process: 393.
[2025-11-20 09:44:20Z INFO HostContext] Well known directory 'Bin': 'C:\Projects\unity-build-pipeline\actions-runner\bin'
[2025-11-20 09:44:20Z INFO HostContext] Well known directory 'Root': 'C:\Projects\unity-build-pipeline\actions-runner'
[2025-11-20 09:44:20Z INFO HostContext] Well known directory 'Work': 'C:\Projects\unity-build-pipeline\actions-runner\_work'
[2025-11-20 09:44:20Z INFO JobExtension] Start checking service connectivity in background.
[2025-11-20 09:44:20Z INFO ExecutionContext] Publish step telemetry for current step {
  "action": "setup_job",
  "type": "runner",
  "stage": "Pre",
  "stepId": "8e244a60-14b1-429f-b326-3e996e0c1e22",
  "result": "succeeded",
  "errorMessages": [],
  "executionTimeInSeconds": 5,
  "startTime": "2025-11-20T09:44:15.8609213Z",
  "finishTime": "2025-11-20T09:44:20.3017016Z"
***.
[2025-11-20 09:44:20Z INFO JobRunner] Total job steps: 3.
[2025-11-20 09:44:20Z INFO JobRunner] Run all job steps.
[2025-11-20 09:44:20Z INFO StepsRunner] Processing step: DisplayName='Checkout repo with private submodule authentication'
[2025-11-20 09:44:20Z INFO StepsRunner] Evaluating: success()
[2025-11-20 09:44:20Z INFO StepsRunner] Result: true
[2025-11-20 09:44:20Z INFO StepsRunner] Starting the step.
[2025-11-20 09:44:20Z INFO HostContext] Well known directory 'Bin': 'C:\Projects\unity-build-pipeline\actions-runner\bin'
[2025-11-20 09:44:20Z INFO HostContext] Well known directory 'Root': 'C:\Projects\unity-build-pipeline\actions-runner'
[2025-11-20 09:44:20Z INFO HostContext] Well known directory 'Work': 'C:\Projects\unity-build-pipeline\actions-runner\_work'
[2025-11-20 09:44:20Z INFO StepsRunner] Which2: 'chcp'
[2025-11-20 09:44:20Z INFO StepsRunner] Location: 'C:\WINDOWS\system32\chcp.COM'
[2025-11-20 09:44:20Z INFO ProcessInvokerWrapper] Starting process:
[2025-11-20 09:44:20Z INFO ProcessInvokerWrapper]   File name: 'C:\WINDOWS\system32\chcp.COM'
[2025-11-20 09:44:20Z INFO ProcessInvokerWrapper]   Arguments: '65001'
[2025-11-20 09:44:20Z INFO ProcessInvokerWrapper]   Working directory: 'C:\Projects\unity-build-pipeline\actions-runner\_work'
[2025-11-20 09:44:20Z INFO ProcessInvokerWrapper]   Require exit code zero: 'False'
[2025-11-20 09:44:20Z INFO ProcessInvokerWrapper]   Encoding web name:  ; code page: ''
[2025-11-20 09:44:20Z INFO ProcessInvokerWrapper]   Force kill process on cancellation: 'False'
[2025-11-20 09:44:20Z INFO ProcessInvokerWrapper]   Redirected STDIN: 'False'
[2025-11-20 09:44:20Z INFO ProcessInvokerWrapper]   Persist current code page: 'True'
[2025-11-20 09:44:20Z INFO ProcessInvokerWrapper]   Keep redirected STDIN open: 'False'
[2025-11-20 09:44:20Z INFO ProcessInvokerWrapper]   High priority process: 'False'
[2025-11-20 09:44:20Z INFO ProcessInvokerWrapper] Process started with process id 19308, waiting for process exit.
[2025-11-20 09:44:20Z INFO ProcessInvokerWrapper] STDOUT/STDERR stream read finished.
[2025-11-20 09:44:20Z INFO ProcessInvokerWrapper] STDOUT/STDERR stream read finished.
[2025-11-20 09:44:20Z INFO ProcessInvokerWrapper] Finished process 19308 with exit code 0, and elapsed time 00:00:00.0199172.
[2025-11-20 09:44:20Z INFO StepsRunner] Successfully returned to code page 65001 (UTF8)
[2025-11-20 09:44:20Z INFO HostContext] Well known directory 'Bin': 'C:\Projects\unity-build-pipeline\actions-runner\bin'
[2025-11-20 09:44:20Z INFO HostContext] Well known directory 'Root': 'C:\Projects\unity-build-pipeline\actions-runner'
[2025-11-20 09:44:20Z INFO HostContext] Well known directory 'Work': 'C:\Projects\unity-build-pipeline\actions-runner\_work'
[2025-11-20 09:44:20Z INFO HostContext] Well known directory 'Actions': 'C:\Projects\unity-build-pipeline\actions-runner\_work\_actions'
[2025-11-20 09:44:20Z INFO ActionManager] Load action that reference repository from 'C:\Projects\unity-build-pipeline\actions-runner\_work\_actions\actions\checkout\v4'
[2025-11-20 09:44:20Z INFO HostContext] Well known directory 'Bin': 'C:\Projects\unity-build-pipeline\actions-runner\bin'
[2025-11-20 09:44:20Z INFO HostContext] Well known directory 'Root': 'C:\Projects\unity-build-pipeline\actions-runner'
[2025-11-20 09:44:20Z INFO HostContext] Well known directory 'Work': 'C:\Projects\unity-build-pipeline\actions-runner\_work'
[2025-11-20 09:44:20Z INFO HostContext] Well known directory 'Actions': 'C:\Projects\unity-build-pipeline\actions-runner\_work\_actions'
[2025-11-20 09:44:20Z INFO ActionManifestManager] Loaded action.yml file: {
  "name": "Checkout",
  "description": "Checkout a Git repository at a particular version",
  "inputs": {
    "type": 2,
    "map": [
      {
        "key": {
          "type": 0,
          "file": 2,
          "line": 4,
          "col": 3,
          "lit": "repository"
        ***,
        "value": {
          "type": 3,
          "file": 2,
          "line": 6,
          "col": 14,
          "expr": "github.repository"
        ***
      ***,
      {
        "key": {
          "type": 0,
          "file": 2,
          "line": 7,
          "col": 3,
          "lit": "ref"
        ***,
        "value": ""
      ***,
      {
        "key": {
          "type": 0,
          "file": 2,
          "line": 12,
          "col": 3,
          "lit": "token"
        ***,
        "value": {
          "type": 3,
          "file": 2,
          "line": 24,
          "col": 14,
          "expr": "github.token"
        ***
      ***,
      {
        "key": {
          "type": 0,
          "file": 2,
          "line": 25,
          "col": 3,
          "lit": "ssh-key"
        ***,
        "value": ""
      ***,
      {
        "key": {
          "type": 0,
          "file": 2,
          "line": 37,
          "col": 3,
          "lit": "ssh-known-hosts"
        ***,
        "value": ""
      ***,
      {
        "key": {
          "type": 0,
          "file": 2,
          "line": 42,
          "col": 3,
          "lit": "ssh-strict"
        ***,
        "value": {
          "type": 0,
          "file": 2,
          "line": 47,
          "col": 14,
          "lit": "true"
        ***
      ***,
      {
        "key": {
          "type": 0,
          "file": 2,
          "line": 48,
          "col": 3,
          "lit": "ssh-user"
        ***,
        "value": {
          "type": 0,
          "file": 2,
          "line": 51,
          "col": 14,
          "lit": "git"
        ***
      ***,
      {
        "key": {
          "type": 0,
          "file": 2,
          "line": 52,
          "col": 3,
          "lit": "persist-credentials"
        ***,
        "value": {
          "type": 0,
          "file": 2,
          "line": 54,
          "col": 14,
          "lit": "true"
        ***
      ***,
      {
        "key": {
          "type": 0,
          "file": 2,
          "line": 55,
          "col": 3,
          "lit": "path"
        ***,
        "value": ""
      ***,
      {
        "key": {
          "type": 0,
          "file": 2,
          "line": 57,
          "col": 3,
          "lit": "clean"
        ***,
        "value": {
          "type": 0,
          "file": 2,
          "line": 59,
          "col": 14,
          "lit": "true"
        ***
      ***,
      {
        "key": {
          "type": 0,
          "file": 2,
          "line": 60,
          "col": 3,
          "lit": "filter"
        ***,
        "value": {
          "type": 0,
          "file": 2,
          "line": 64,
          "col": 14,
          "lit": ""
        ***
      ***,
      {
        "key": {
          "type": 0,
          "file": 2,
          "line": 65,
          "col": 3,
          "lit": "sparse-checkout"
        ***,
        "value": {
          "type": 0,
          "file": 2,
          "line": 69,
          "col": 14,
          "lit": ""
        ***
      ***,
      {
        "key": {
          "type": 0,
          "file": 2,
          "line": 70,
          "col": 3,
          "lit": "sparse-checkout-cone-mode"
        ***,
        "value": {
          "type": 0,
          "file": 2,
          "line": 73,
          "col": 14,
          "lit": "true"
        ***
      ***,
      {
        "key": {
          "type": 0,
          "file": 2,
          "line": 74,
          "col": 3,
          "lit": "fetch-depth"
        ***,
        "value": {
          "type": 0,
          "file": 2,
          "line": 76,
          "col": 14,
          "lit": "1"
        ***
      ***,
      {
        "key": {
          "type": 0,
          "file": 2,
          "line": 77,
          "col": 3,
          "lit": "fetch-tags"
        ***,
        "value": {
          "type": 0,
          "file": 2,
          "line": 79,
          "col": 14,
          "lit": "false"
        ***
      ***,
      {
        "key": {
          "type": 0,
          "file": 2,
          "line": 80,
          "col": 3,
          "lit": "show-progress"
        ***,
        "value": {
          "type": 0,
          "file": 2,
          "line": 82,
          "col": 14,
          "lit": "true"
        ***
      ***,
      {
        "key": {
          "type": 0,
          "file": 2,
          "line": 83,
          "col": 3,
          "lit": "lfs"
        ***,
        "value": {
          "type": 0,
          "file": 2,
          "line": 85,
          "col": 14,
          "lit": "false"
        ***
      ***,
      {
        "key": {
          "type": 0,
          "file": 2,
          "line": 86,
          "col": 3,
          "lit": "submodules"
        ***,
        "value": {
          "type": 0,
          "file": 2,
          "line": 94,
          "col": 14,
          "lit": "false"
        ***
      ***,
      {
        "key": {
          "type": 0,
          "file": 2,
          "line": 95,
          "col": 3,
          "lit": "set-safe-directory"
        ***,
        "value": {
          "type": 0,
          "file": 2,
          "line": 97,
          "col": 14,
          "lit": "true"
        ***
      ***,
      {
        "key": {
          "type": 0,
          "file": 2,
          "line": 98,
          "col": 3,
          "lit": "github-server-url"
        ***,
        "value": ""
      ***
    ]
  ***,
  "execution": {
    "executionType": "nodeJS",
    "hasPre": false,
    "hasPost": true,
    "script": "dist/index.js",
    "pre": null,
    "post": "dist/index.js",
    "nodeVersion": "node20",
    "cleanupCondition": "always()",
    "initCondition": "always()"
  ***,
  "deprecated": null
***
[2025-11-20 09:44:20Z INFO ActionManager] Action pre node.js file: N/A.
[2025-11-20 09:44:20Z INFO ActionManager] Action node.js file: dist/index.js.
[2025-11-20 09:44:20Z INFO ActionManager] Action post node.js file: dist/index.js.
[2025-11-20 09:44:20Z INFO ExecutionContext] Reserve record order 5 to 8 for post job actions.
[2025-11-20 09:44:20Z INFO HostContext] Well known directory 'Bin': 'C:\Projects\unity-build-pipeline\actions-runner\bin'
[2025-11-20 09:44:20Z INFO HostContext] Well known directory 'Root': 'C:\Projects\unity-build-pipeline\actions-runner'
[2025-11-20 09:44:20Z INFO HostContext] Well known directory 'Diag': 'C:\Projects\unity-build-pipeline\actions-runner\_diag'
[2025-11-20 09:44:20Z INFO HostContext] Well known directory 'Bin': 'C:\Projects\unity-build-pipeline\actions-runner\bin'
[2025-11-20 09:44:20Z INFO HostContext] Well known directory 'Root': 'C:\Projects\unity-build-pipeline\actions-runner'
[2025-11-20 09:44:20Z INFO HostContext] Well known directory 'Diag': 'C:\Projects\unity-build-pipeline\actions-runner\_diag'
[2025-11-20 09:44:20Z INFO HostContext] Well known directory 'Bin': 'C:\Projects\unity-build-pipeline\actions-runner\bin'
[2025-11-20 09:44:20Z INFO HostContext] Well known directory 'Root': 'C:\Projects\unity-build-pipeline\actions-runner'
[2025-11-20 09:44:20Z INFO HostContext] Well known directory 'Work': 'C:\Projects\unity-build-pipeline\actions-runner\_work'
[2025-11-20 09:44:20Z INFO HostContext] Well known directory 'Temp': 'C:\Projects\unity-build-pipeline\actions-runner\_work\_temp'
[2025-11-20 09:44:20Z INFO ExecutionContext] Write event payload to C:\Projects\unity-build-pipeline\actions-runner\_work\_temp\_github_workflow\event.json
[2025-11-20 09:44:20Z INFO HostContext] Well known directory 'Bin': 'C:\Projects\unity-build-pipeline\actions-runner\bin'
[2025-11-20 09:44:20Z INFO HostContext] Well known directory 'Root': 'C:\Projects\unity-build-pipeline\actions-runner'
[2025-11-20 09:44:20Z INFO HostContext] Well known directory 'Work': 'C:\Projects\unity-build-pipeline\actions-runner\_work'
[2025-11-20 09:44:20Z INFO HostContext] Well known directory 'Temp': 'C:\Projects\unity-build-pipeline\actions-runner\_work\_temp'
[2025-11-20 09:44:20Z INFO ExtensionManager] Getting extensions for interface: 'GitHub.Runner.Worker.IFileCommandExtension'
[2025-11-20 09:44:20Z INFO ExtensionManager] Creating instance: GitHub.Runner.Worker.AddPathFileCommand, Runner.Worker
[2025-11-20 09:44:20Z INFO ExtensionManager] Creating instance: GitHub.Runner.Worker.SetEnvFileCommand, Runner.Worker
[2025-11-20 09:44:20Z INFO ExtensionManager] Creating instance: GitHub.Runner.Worker.CreateStepSummaryCommand, Runner.Worker
[2025-11-20 09:44:20Z INFO ExtensionManager] Creating instance: GitHub.Runner.Worker.SaveStateFileCommand, Runner.Worker
[2025-11-20 09:44:20Z INFO ExtensionManager] Creating instance: GitHub.Runner.Worker.SetOutputFileCommand, Runner.Worker
[2025-11-20 09:44:20Z INFO ActionManifestManager] Input 'repository': default value evaluate result: {
  "type": 0,
  "file": 2,
  "line": 6,
  "col": 14,
  "lit": "AliAhmad1600/unity-build-pipeline"
***
[2025-11-20 09:44:20Z INFO ActionManifestManager] Input 'ref': default value evaluate result: ""
[2025-11-20 09:44:20Z INFO ActionManifestManager] Input 'ssh-key': default value evaluate result: ""
[2025-11-20 09:44:20Z INFO ActionManifestManager] Input 'ssh-known-hosts': default value evaluate result: ""
[2025-11-20 09:44:20Z INFO ActionManifestManager] Input 'ssh-strict': default value evaluate result: {
  "type": 0,
  "file": 2,
  "line": 47,
  "col": 14,
  "lit": "true"
***
[2025-11-20 09:44:20Z INFO ActionManifestManager] Input 'ssh-user': default value evaluate result: {
  "type": 0,
  "file": 2,
  "line": 51,
  "col": 14,
  "lit": "git"
***
[2025-11-20 09:44:20Z INFO ActionManifestManager] Input 'path': default value evaluate result: ""
[2025-11-20 09:44:20Z INFO ActionManifestManager] Input 'clean': default value evaluate result: {
  "type": 0,
  "file": 2,
  "line": 59,
  "col": 14,
  "lit": "true"
***
[2025-11-20 09:44:20Z INFO ActionManifestManager] Input 'filter': default value evaluate result: {
  "type": 0,
  "file": 2,
  "line": 64,
  "col": 14,
  "lit": ""
***
[2025-11-20 09:44:20Z INFO ActionManifestManager] Input 'sparse-checkout': default value evaluate result: {
  "type": 0,
  "file": 2,
  "line": 69,
  "col": 14,
  "lit": ""
***
[2025-11-20 09:44:20Z INFO ActionManifestManager] Input 'sparse-checkout-cone-mode': default value evaluate result: {
  "type": 0,
  "file": 2,
  "line": 73,
  "col": 14,
  "lit": "true"
***
[2025-11-20 09:44:20Z INFO ActionManifestManager] Input 'fetch-depth': default value evaluate result: {
  "type": 0,
  "file": 2,
  "line": 76,
  "col": 14,
  "lit": "1"
***
[2025-11-20 09:44:20Z INFO ActionManifestManager] Input 'fetch-tags': default value evaluate result: {
  "type": 0,
  "file": 2,
  "line": 79,
  "col": 14,
  "lit": "false"
***
[2025-11-20 09:44:20Z INFO ActionManifestManager] Input 'show-progress': default value evaluate result: {
  "type": 0,
  "file": 2,
  "line": 82,
  "col": 14,
  "lit": "true"
***
[2025-11-20 09:44:20Z INFO ActionManifestManager] Input 'lfs': default value evaluate result: {
  "type": 0,
  "file": 2,
  "line": 85,
  "col": 14,
  "lit": "false"
***
[2025-11-20 09:44:20Z INFO ActionManifestManager] Input 'set-safe-directory': default value evaluate result: {
  "type": 0,
  "file": 2,
  "line": 97,
  "col": 14,
  "lit": "true"
***
[2025-11-20 09:44:20Z INFO ActionManifestManager] Input 'github-server-url': default value evaluate result: ""
[2025-11-20 09:44:20Z INFO ExtensionManager] Getting extensions for interface: 'GitHub.Runner.Worker.IActionCommandExtension'
[2025-11-20 09:44:20Z INFO ExtensionManager] Creating instance: GitHub.Runner.Worker.InternalPluginSetRepoPathCommandExtension, Runner.Worker
[2025-11-20 09:44:20Z INFO ExtensionManager] Creating instance: GitHub.Runner.Worker.SetEnvCommandExtension, Runner.Worker
[2025-11-20 09:44:20Z INFO ExtensionManager] Creating instance: GitHub.Runner.Worker.SetOutputCommandExtension, Runner.Worker
[2025-11-20 09:44:20Z INFO ExtensionManager] Creating instance: GitHub.Runner.Worker.SaveStateCommandExtension, Runner.Worker
[2025-11-20 09:44:20Z INFO ExtensionManager] Creating instance: GitHub.Runner.Worker.AddPathCommandExtension, Runner.Worker
[2025-11-20 09:44:20Z INFO ExtensionManager] Creating instance: GitHub.Runner.Worker.AddMaskCommandExtension, Runner.Worker
[2025-11-20 09:44:20Z INFO ExtensionManager] Creating instance: GitHub.Runner.Worker.AddMatcherCommandExtension, Runner.Worker
[2025-11-20 09:44:20Z INFO ExtensionManager] Creating instance: GitHub.Runner.Worker.RemoveMatcherCommandExtension, Runner.Worker
[2025-11-20 09:44:20Z INFO ExtensionManager] Creating instance: GitHub.Runner.Worker.WarningCommandExtension, Runner.Worker
[2025-11-20 09:44:20Z INFO ExtensionManager] Creating instance: GitHub.Runner.Worker.ErrorCommandExtension, Runner.Worker
[2025-11-20 09:44:20Z INFO ExtensionManager] Creating instance: GitHub.Runner.Worker.NoticeCommandExtension, Runner.Worker
[2025-11-20 09:44:20Z INFO ExtensionManager] Creating instance: GitHub.Runner.Worker.DebugCommandExtension, Runner.Worker
[2025-11-20 09:44:20Z INFO ExtensionManager] Creating instance: GitHub.Runner.Worker.GroupCommandExtension, Runner.Worker
[2025-11-20 09:44:20Z INFO ExtensionManager] Creating instance: GitHub.Runner.Worker.EndGroupCommandExtension, Runner.Worker
[2025-11-20 09:44:20Z INFO ExtensionManager] Creating instance: GitHub.Runner.Worker.EchoCommandExtension, Runner.Worker
[2025-11-20 09:44:20Z INFO ActionCommandManager] Register action command extension for command internal-set-repo-path
[2025-11-20 09:44:20Z INFO ActionCommandManager] Register action command extension for command set-env
[2025-11-20 09:44:20Z INFO ActionCommandManager] Register action command extension for command set-output
[2025-11-20 09:44:20Z INFO ActionCommandManager] Register action command extension for command save-state
[2025-11-20 09:44:20Z INFO ActionCommandManager] Register action command extension for command add-path
[2025-11-20 09:44:20Z INFO ActionCommandManager] Register action command extension for command add-mask
[2025-11-20 09:44:20Z INFO ActionCommandManager] Register action command extension for command add-matcher
[2025-11-20 09:44:20Z INFO ActionCommandManager] Register action command extension for command remove-matcher
[2025-11-20 09:44:20Z INFO ActionCommandManager] Register action command extension for command warning
[2025-11-20 09:44:20Z INFO ActionCommandManager] Register action command extension for command error
[2025-11-20 09:44:20Z INFO ActionCommandManager] Register action command extension for command notice
[2025-11-20 09:44:20Z INFO ActionCommandManager] Register action command extension for command debug
[2025-11-20 09:44:20Z INFO ActionCommandManager] Register action command extension for command group
[2025-11-20 09:44:20Z INFO ActionCommandManager] Register action command extension for command endgroup
[2025-11-20 09:44:20Z INFO ActionCommandManager] Register action command extension for command echo
[2025-11-20 09:44:20Z INFO HostContext] Well known directory 'Bin': 'C:\Projects\unity-build-pipeline\actions-runner\bin'
[2025-11-20 09:44:20Z INFO HostContext] Well known directory 'Root': 'C:\Projects\unity-build-pipeline\actions-runner'
[2025-11-20 09:44:20Z INFO HostContext] Well known directory 'Externals': 'C:\Projects\unity-build-pipeline\actions-runner\externals'
[2025-11-20 09:44:20Z INFO ProcessInvokerWrapper] Starting process:
[2025-11-20 09:44:20Z INFO ProcessInvokerWrapper]   File name: 'C:\Projects\unity-build-pipeline\actions-runner\externals\node20\bin\node.exe'
[2025-11-20 09:44:20Z INFO ProcessInvokerWrapper]   Arguments: '"C:\Projects\unity-build-pipeline\actions-runner\_work\_actions\actions\checkout\v4\dist/index.js"'
[2025-11-20 09:44:20Z INFO ProcessInvokerWrapper]   Working directory: 'C:\Projects\unity-build-pipeline\actions-runner\_work\unity-build-pipeline\unity-build-pipeline'
[2025-11-20 09:44:20Z INFO ProcessInvokerWrapper]   Require exit code zero: 'False'
[2025-11-20 09:44:20Z INFO ProcessInvokerWrapper]   Encoding web name: utf-8 ; code page: '65001'
[2025-11-20 09:44:20Z INFO ProcessInvokerWrapper]   Force kill process on cancellation: 'False'
[2025-11-20 09:44:20Z INFO ProcessInvokerWrapper]   Redirected STDIN: 'False'
[2025-11-20 09:44:20Z INFO ProcessInvokerWrapper]   Persist current code page: 'True'
[2025-11-20 09:44:20Z INFO ProcessInvokerWrapper]   Keep redirected STDIN open: 'False'
[2025-11-20 09:44:20Z INFO ProcessInvokerWrapper]   High priority process: 'False'
[2025-11-20 09:44:20Z INFO JobServerQueue] Try to append 1 batches web console lines for record '8e244a60-14b1-429f-b326-3e996e0c1e22', success rate: 1/1.
[2025-11-20 09:44:20Z INFO JobServerQueue] Try to append 1 batches web console lines for record '758c2c07-2ffc-45a7-bd3f-e397ab7d3bf7', success rate: 1/1.
[2025-11-20 09:44:20Z INFO ProcessInvokerWrapper] Process started with process id 48384, waiting for process exit.
[2025-11-20 09:44:20Z INFO JobServerQueue] Got a step log file to send to results service.
[2025-11-20 09:44:20Z INFO JobServerQueue] Starting upload of step log file to results service ResultsLog, C:\Projects\unity-build-pipeline\actions-runner\_diag\blocks\a99415f1-ef27-4f65-b3a2-76a9713c4adb_8e244a60-14b1-429f-b326-3e996e0c1e22.1
[2025-11-20 09:44:20Z INFO JobServerQueue] Try to upload 1 log files or attachments, success rate: 1/1.
[2025-11-20 09:44:20Z INFO AddMaskCommandExtension] Add new secret mask with length of 76
[2025-11-20 09:44:20Z INFO JobServerQueue] Try to append 1 batches web console lines for record '758c2c07-2ffc-45a7-bd3f-e397ab7d3bf7', success rate: 1/1.
[2025-11-20 09:44:21Z INFO JobServerQueue] Try to append 1 batches web console lines for record '758c2c07-2ffc-45a7-bd3f-e397ab7d3bf7', success rate: 1/1.
[2025-11-20 09:44:22Z INFO JobServerQueue] Try to append 1 batches web console lines for record '758c2c07-2ffc-45a7-bd3f-e397ab7d3bf7', success rate: 1/1.
[2025-11-20 09:44:23Z INFO JobServerQueue] Try to append 1 batches web console lines for record '758c2c07-2ffc-45a7-bd3f-e397ab7d3bf7', success rate: 1/1.
[2025-11-20 09:44:23Z INFO JobServerQueue] Tried to upload 1 file(s) to results, success rate: 1/1.
[2025-11-20 09:44:24Z INFO JobServerQueue] Try to append 1 batches web console lines for record '758c2c07-2ffc-45a7-bd3f-e397ab7d3bf7', success rate: 1/1.
[2025-11-20 09:44:24Z INFO JobServerQueue] Try to append 1 batches web console lines for record '758c2c07-2ffc-45a7-bd3f-e397ab7d3bf7', success rate: 1/1.
[2025-11-20 09:44:24Z INFO JobServerQueue] Try to append 1 batches web console lines for record '758c2c07-2ffc-45a7-bd3f-e397ab7d3bf7', success rate: 1/1.
[2025-11-20 09:44:25Z INFO JobServerQueue] Try to append 1 batches web console lines for record '758c2c07-2ffc-45a7-bd3f-e397ab7d3bf7', success rate: 1/1.
[2025-11-20 09:44:26Z INFO JobServerQueue] Try to append 1 batches web console lines for record '758c2c07-2ffc-45a7-bd3f-e397ab7d3bf7', success rate: 1/1.
[2025-11-20 09:44:27Z INFO JobServerQueue] Try to append 1 batches web console lines for record '758c2c07-2ffc-45a7-bd3f-e397ab7d3bf7', success rate: 1/1.
[2025-11-20 09:44:27Z INFO JobServerQueue] Try to append 1 batches web console lines for record '758c2c07-2ffc-45a7-bd3f-e397ab7d3bf7', success rate: 1/1.
[2025-11-20 09:44:27Z INFO JobServerQueue] Try to append 1 batches web console lines for record '758c2c07-2ffc-45a7-bd3f-e397ab7d3bf7', success rate: 1/1.
[2025-11-20 09:44:30Z INFO HostContext] Well known directory 'Bin': 'C:\Projects\unity-build-pipeline\actions-runner\bin'
[2025-11-20 09:44:30Z INFO HostContext] Well known directory 'Root': 'C:\Projects\unity-build-pipeline\actions-runner'
[2025-11-20 09:44:30Z INFO HostContext] Well known directory 'Work': 'C:\Projects\unity-build-pipeline\actions-runner\_work'
[2025-11-20 09:44:30Z INFO JobServerQueue] Try to append 1 batches web console lines for record '758c2c07-2ffc-45a7-bd3f-e397ab7d3bf7', success rate: 1/1.
[2025-11-20 09:44:30Z INFO JobServerQueue] Try to append 1 batches web console lines for record '758c2c07-2ffc-45a7-bd3f-e397ab7d3bf7', success rate: 1/1.
[2025-11-20 09:44:31Z INFO JobServerQueue] Try to append 1 batches web console lines for record '758c2c07-2ffc-45a7-bd3f-e397ab7d3bf7', success rate: 1/1.
[2025-11-20 09:44:32Z INFO JobServerQueue] Try to append 1 batches web console lines for record '758c2c07-2ffc-45a7-bd3f-e397ab7d3bf7', success rate: 1/1.
[2025-11-20 09:44:33Z INFO JobServerQueue] Try to append 1 batches web console lines for record '758c2c07-2ffc-45a7-bd3f-e397ab7d3bf7', success rate: 1/1.
[2025-11-20 09:44:35Z INFO JobServerQueue] Try to append 1 batches web console lines for record '758c2c07-2ffc-45a7-bd3f-e397ab7d3bf7', success rate: 1/1.
[2025-11-20 09:44:36Z INFO JobServerQueue] Try to append 1 batches web console lines for record '758c2c07-2ffc-45a7-bd3f-e397ab7d3bf7', success rate: 1/1.
[2025-11-20 09:44:36Z INFO JobServerQueue] Try to append 1 batches web console lines for record '758c2c07-2ffc-45a7-bd3f-e397ab7d3bf7', success rate: 1/1.
[2025-11-20 09:44:37Z INFO JobServerQueue] Try to append 1 batches web console lines for record '758c2c07-2ffc-45a7-bd3f-e397ab7d3bf7', success rate: 1/1.
[2025-11-20 09:44:38Z INFO JobServerQueue] Try to append 1 batches web console lines for record '758c2c07-2ffc-45a7-bd3f-e397ab7d3bf7', success rate: 1/1.
[2025-11-20 09:44:39Z INFO JobServerQueue] Try to append 1 batches web console lines for record '758c2c07-2ffc-45a7-bd3f-e397ab7d3bf7', success rate: 1/1.
[2025-11-20 09:44:40Z INFO JobServerQueue] Try to append 1 batches web console lines for record '758c2c07-2ffc-45a7-bd3f-e397ab7d3bf7', success rate: 1/1.
[2025-11-20 09:44:40Z INFO ProcessInvokerWrapper] STDOUT/STDERR stream read finished.
[2025-11-20 09:44:40Z INFO ProcessInvokerWrapper] STDOUT/STDERR stream read finished.
[2025-11-20 09:44:40Z INFO ProcessInvokerWrapper] Finished process 48384 with exit code 0, and elapsed time 00:00:19.8592436.
[2025-11-20 09:44:40Z INFO CreateStepSummaryCommand] Step Summary file (C:\Projects\unity-build-pipeline\actions-runner\_work\_temp\_runner_file_commands\step_summary_a8cc394c-220a-4530-8459-0044e6a767b0) is empty; skipping attachment upload
[2025-11-20 09:44:40Z INFO StepsRunner] Step result: 
[2025-11-20 09:44:40Z INFO ExecutionContext] Publish step telemetry for current step {
  "action": "actions/checkout",
  "ref": "v4",
  "type": "node20",
  "stage": "Main",
  "stepId": "758c2c07-2ffc-45a7-bd3f-e397ab7d3bf7",
  "stepContextName": "__actions_checkout",
  "hasPreStep": false,
  "hasPostStep": true,
  "result": "succeeded",
  "errorMessages": [],
  "executionTimeInSeconds": 20,
  "startTime": "2025-11-20T09:44:20.3217391Z",
  "finishTime": "2025-11-20T09:44:40.3122241Z"
***.
[2025-11-20 09:44:40Z INFO StepsRunner] No need for updating job result with current step result 'Succeeded'.
[2025-11-20 09:44:40Z INFO StepsRunner] Current state: job state = ''
[2025-11-20 09:44:40Z INFO StepsRunner] Processing step: DisplayName='Run Unity Build'
[2025-11-20 09:44:40Z INFO StepsRunner] Evaluating: success()
[2025-11-20 09:44:40Z INFO StepsRunner] Result: true
[2025-11-20 09:44:40Z INFO StepsRunner] Starting the step.
[2025-11-20 09:44:40Z INFO HostContext] Well known directory 'Bin': 'C:\Projects\unity-build-pipeline\actions-runner\bin'
[2025-11-20 09:44:40Z INFO HostContext] Well known directory 'Root': 'C:\Projects\unity-build-pipeline\actions-runner'
[2025-11-20 09:44:40Z INFO HostContext] Well known directory 'Work': 'C:\Projects\unity-build-pipeline\actions-runner\_work'
[2025-11-20 09:44:40Z INFO StepsRunner] Which2: 'chcp'
[2025-11-20 09:44:40Z INFO StepsRunner] Location: 'C:\WINDOWS\system32\chcp.COM'
[2025-11-20 09:44:40Z INFO ProcessInvokerWrapper] Starting process:
[2025-11-20 09:44:40Z INFO ProcessInvokerWrapper]   File name: 'C:\WINDOWS\system32\chcp.COM'
[2025-11-20 09:44:40Z INFO ProcessInvokerWrapper]   Arguments: '65001'
[2025-11-20 09:44:40Z INFO ProcessInvokerWrapper]   Working directory: 'C:\Projects\unity-build-pipeline\actions-runner\_work'
[2025-11-20 09:44:40Z INFO ProcessInvokerWrapper]   Require exit code zero: 'False'
[2025-11-20 09:44:40Z INFO ProcessInvokerWrapper]   Encoding web name:  ; code page: ''
[2025-11-20 09:44:40Z INFO ProcessInvokerWrapper]   Force kill process on cancellation: 'False'
[2025-11-20 09:44:40Z INFO ProcessInvokerWrapper]   Redirected STDIN: 'False'
[2025-11-20 09:44:40Z INFO ProcessInvokerWrapper]   Persist current code page: 'True'
[2025-11-20 09:44:40Z INFO ProcessInvokerWrapper]   Keep redirected STDIN open: 'False'
[2025-11-20 09:44:40Z INFO ProcessInvokerWrapper]   High priority process: 'False'
[2025-11-20 09:44:40Z INFO ProcessInvokerWrapper] Process started with process id 46452, waiting for process exit.
[2025-11-20 09:44:40Z INFO HostContext] Well known directory 'Bin': 'C:\Projects\unity-build-pipeline\actions-runner\bin'
[2025-11-20 09:44:40Z INFO HostContext] Well known directory 'Root': 'C:\Projects\unity-build-pipeline\actions-runner'
[2025-11-20 09:44:40Z INFO HostContext] Well known directory 'Work': 'C:\Projects\unity-build-pipeline\actions-runner\_work'
[2025-11-20 09:44:40Z INFO ProcessInvokerWrapper] STDOUT/STDERR stream read finished.
[2025-11-20 09:44:40Z INFO ProcessInvokerWrapper] STDOUT/STDERR stream read finished.
[2025-11-20 09:44:40Z INFO ProcessInvokerWrapper] Finished process 46452 with exit code 0, and elapsed time 00:00:00.0185547.
[2025-11-20 09:44:40Z INFO StepsRunner] Successfully returned to code page 65001 (UTF8)
[2025-11-20 09:44:40Z INFO HostContext] Well known directory 'Bin': 'C:\Projects\unity-build-pipeline\actions-runner\bin'
[2025-11-20 09:44:40Z INFO HostContext] Well known directory 'Root': 'C:\Projects\unity-build-pipeline\actions-runner'
[2025-11-20 09:44:40Z INFO HostContext] Well known directory 'Work': 'C:\Projects\unity-build-pipeline\actions-runner\_work'
[2025-11-20 09:44:40Z INFO HostContext] Well known directory 'Temp': 'C:\Projects\unity-build-pipeline\actions-runner\_work\_temp'
[2025-11-20 09:44:40Z INFO ExecutionContext] Write event payload to C:\Projects\unity-build-pipeline\actions-runner\_work\_temp\_github_workflow\event.json
[2025-11-20 09:44:40Z INFO HostContext] Well known directory 'Bin': 'C:\Projects\unity-build-pipeline\actions-runner\bin'
[2025-11-20 09:44:40Z INFO HostContext] Well known directory 'Root': 'C:\Projects\unity-build-pipeline\actions-runner'
[2025-11-20 09:44:40Z INFO HostContext] Well known directory 'Work': 'C:\Projects\unity-build-pipeline\actions-runner\_work'
[2025-11-20 09:44:40Z INFO HostContext] Well known directory 'Temp': 'C:\Projects\unity-build-pipeline\actions-runner\_work\_temp'
[2025-11-20 09:44:40Z INFO ExtensionManager] Getting extensions for interface: 'GitHub.Runner.Worker.IFileCommandExtension'
[2025-11-20 09:44:40Z INFO ExtensionManager] Getting extensions for interface: 'GitHub.Runner.Worker.IActionCommandExtension'
[2025-11-20 09:44:40Z INFO ActionCommandManager] Register action command extension for command internal-set-repo-path
[2025-11-20 09:44:40Z INFO ActionCommandManager] Register action command extension for command set-env
[2025-11-20 09:44:40Z INFO ActionCommandManager] Register action command extension for command set-output
[2025-11-20 09:44:40Z INFO ActionCommandManager] Register action command extension for command save-state
[2025-11-20 09:44:40Z INFO ActionCommandManager] Register action command extension for command add-path
[2025-11-20 09:44:40Z INFO ActionCommandManager] Register action command extension for command add-mask
[2025-11-20 09:44:40Z INFO ActionCommandManager] Register action command extension for command add-matcher
[2025-11-20 09:44:40Z INFO ActionCommandManager] Register action command extension for command remove-matcher
[2025-11-20 09:44:40Z INFO ActionCommandManager] Register action command extension for command warning
[2025-11-20 09:44:40Z INFO ActionCommandManager] Register action command extension for command error
[2025-11-20 09:44:40Z INFO ActionCommandManager] Register action command extension for command notice
[2025-11-20 09:44:40Z INFO ActionCommandManager] Register action command extension for command debug
[2025-11-20 09:44:40Z INFO ActionCommandManager] Register action command extension for command group
[2025-11-20 09:44:40Z INFO ActionCommandManager] Register action command extension for command endgroup
[2025-11-20 09:44:40Z INFO ActionCommandManager] Register action command extension for command echo
[2025-11-20 09:44:40Z INFO ScriptHandler] Which2: 'cmd'
[2025-11-20 09:44:40Z INFO ScriptHandler] Location: 'C:\WINDOWS\system32\cmd.EXE'
[2025-11-20 09:44:40Z INFO HostContext] Well known directory 'Bin': 'C:\Projects\unity-build-pipeline\actions-runner\bin'
[2025-11-20 09:44:40Z INFO HostContext] Well known directory 'Root': 'C:\Projects\unity-build-pipeline\actions-runner'
[2025-11-20 09:44:40Z INFO HostContext] Well known directory 'Work': 'C:\Projects\unity-build-pipeline\actions-runner\_work'
[2025-11-20 09:44:40Z INFO HostContext] Well known directory 'Temp': 'C:\Projects\unity-build-pipeline\actions-runner\_work\_temp'
[2025-11-20 09:44:40Z INFO ScriptHandler] Which2: 'cmd'
[2025-11-20 09:44:40Z INFO ScriptHandler] Location: 'C:\WINDOWS\system32\cmd.EXE'
[2025-11-20 09:44:40Z INFO ProcessInvokerWrapper] Starting process:
[2025-11-20 09:44:40Z INFO ProcessInvokerWrapper]   File name: 'C:\WINDOWS\system32\cmd.EXE'
[2025-11-20 09:44:40Z INFO ProcessInvokerWrapper]   Arguments: '/D /E:ON /V:OFF /S /C "CALL "C:\Projects\unity-build-pipeline\actions-runner\_work\_temp\23820b28-9433-4134-890e-b9cc4d3fd2f5.cmd""'
[2025-11-20 09:44:40Z INFO ProcessInvokerWrapper]   Working directory: 'C:\Projects\unity-build-pipeline\actions-runner\_work\unity-build-pipeline\unity-build-pipeline'
[2025-11-20 09:44:40Z INFO ProcessInvokerWrapper]   Require exit code zero: 'False'
[2025-11-20 09:44:40Z INFO ProcessInvokerWrapper]   Encoding web name:  ; code page: ''
[2025-11-20 09:44:40Z INFO ProcessInvokerWrapper]   Force kill process on cancellation: 'False'
[2025-11-20 09:44:40Z INFO ProcessInvokerWrapper]   Redirected STDIN: 'False'
[2025-11-20 09:44:40Z INFO ProcessInvokerWrapper]   Persist current code page: 'True'
[2025-11-20 09:44:40Z INFO ProcessInvokerWrapper]   Keep redirected STDIN open: 'False'
[2025-11-20 09:44:40Z INFO ProcessInvokerWrapper]   High priority process: 'False'
[2025-11-20 09:44:40Z INFO ProcessInvokerWrapper] Process started with process id 62868, waiting for process exit.
[2025-11-20 09:44:40Z INFO JobServerQueue] Try to append 1 batches web console lines for record '758c2c07-2ffc-45a7-bd3f-e397ab7d3bf7', success rate: 1/1.
[2025-11-20 09:44:40Z INFO JobServerQueue] Try to append 1 batches web console lines for record '51112d6b-7e88-47f6-b15b-bf5a5c710145', success rate: 1/1.
[2025-11-20 09:44:40Z INFO JobServerQueue] Got a step log file to send to results service.
[2025-11-20 09:44:40Z INFO JobServerQueue] Starting upload of step log file to results service ResultsLog, C:\Projects\unity-build-pipeline\actions-runner\_diag\blocks\a99415f1-ef27-4f65-b3a2-76a9713c4adb_758c2c07-2ffc-45a7-bd3f-e397ab7d3bf7.1
[2025-11-20 09:44:41Z INFO JobServerQueue] Try to upload 1 log files or attachments, success rate: 1/1.
[2025-11-20 09:44:44Z INFO JobServerQueue] Tried to upload 1 file(s) to results, success rate: 1/1.
[2025-11-20 09:44:50Z INFO HostContext] Well known directory 'Bin': 'C:\Projects\unity-build-pipeline\actions-runner\bin'
[2025-11-20 09:44:50Z INFO HostContext] Well known directory 'Root': 'C:\Projects\unity-build-pipeline\actions-runner'
[2025-11-20 09:44:50Z INFO HostContext] Well known directory 'Work': 'C:\Projects\unity-build-pipeline\actions-runner\_work'
[2025-11-20 09:45:00Z INFO HostContext] Well known directory 'Bin': 'C:\Projects\unity-build-pipeline\actions-runner\bin'
[2025-11-20 09:45:00Z INFO HostContext] Well known directory 'Root': 'C:\Projects\unity-build-pipeline\actions-runner'
[2025-11-20 09:45:00Z INFO HostContext] Well known directory 'Work': 'C:\Projects\unity-build-pipeline\actions-runner\_work'
[2025-11-20 09:45:10Z INFO HostContext] Well known directory 'Bin': 'C:\Projects\unity-build-pipeline\actions-runner\bin'
[2025-11-20 09:45:10Z INFO HostContext] Well known directory 'Root': 'C:\Projects\unity-build-pipeline\actions-runner'
[2025-11-20 09:45:10Z INFO HostContext] Well known directory 'Work': 'C:\Projects\unity-build-pipeline\actions-runner\_work'
[2025-11-20 09:45:19Z INFO JobServerQueue] Stop aggressive process web console line queue.
[2025-11-20 09:45:20Z INFO HostContext] Well known directory 'Bin': 'C:\Projects\unity-build-pipeline\actions-runner\bin'
[2025-11-20 09:45:20Z INFO HostContext] Well known directory 'Root': 'C:\Projects\unity-build-pipeline\actions-runner'
[2025-11-20 09:45:20Z INFO HostContext] Well known directory 'Work': 'C:\Projects\unity-build-pipeline\actions-runner\_work'
[2025-11-20 09:45:30Z INFO HostContext] Well known directory 'Bin': 'C:\Projects\unity-build-pipeline\actions-runner\bin'
[2025-11-20 09:45:30Z INFO HostContext] Well known directory 'Root': 'C:\Projects\unity-build-pipeline\actions-runner'
[2025-11-20 09:45:30Z INFO HostContext] Well known directory 'Work': 'C:\Projects\unity-build-pipeline\actions-runner\_work'
[2025-11-20 09:45:40Z INFO HostContext] Well known directory 'Bin': 'C:\Projects\unity-build-pipeline\actions-runner\bin'
[2025-11-20 09:45:40Z INFO HostContext] Well known directory 'Root': 'C:\Projects\unity-build-pipeline\actions-runner'
[2025-11-20 09:45:40Z INFO HostContext] Well known directory 'Work': 'C:\Projects\unity-build-pipeline\actions-runner\_work'
[2025-11-20 09:45:50Z INFO HostContext] Well known directory 'Bin': 'C:\Projects\unity-build-pipeline\actions-runner\bin'
[2025-11-20 09:45:50Z INFO HostContext] Well known directory 'Root': 'C:\Projects\unity-build-pipeline\actions-runner'
[2025-11-20 09:45:50Z INFO HostContext] Well known directory 'Work': 'C:\Projects\unity-build-pipeline\actions-runner\_work'
[2025-11-20 09:46:00Z INFO HostContext] Well known directory 'Bin': 'C:\Projects\unity-build-pipeline\actions-runner\bin'
[2025-11-20 09:46:00Z INFO HostContext] Well known directory 'Root': 'C:\Projects\unity-build-pipeline\actions-runner'
[2025-11-20 09:46:00Z INFO HostContext] Well known directory 'Work': 'C:\Projects\unity-build-pipeline\actions-runner\_work'
[2025-11-20 09:46:10Z INFO HostContext] Well known directory 'Bin': 'C:\Projects\unity-build-pipeline\actions-runner\bin'
[2025-11-20 09:46:10Z INFO HostContext] Well known directory 'Root': 'C:\Projects\unity-build-pipeline\actions-runner'
[2025-11-20 09:46:10Z INFO HostContext] Well known directory 'Work': 'C:\Projects\unity-build-pipeline\actions-runner\_work'
[2025-11-20 09:46:20Z INFO HostContext] Well known directory 'Bin': 'C:\Projects\unity-build-pipeline\actions-runner\bin'
[2025-11-20 09:46:20Z INFO HostContext] Well known directory 'Root': 'C:\Projects\unity-build-pipeline\actions-runner'
[2025-11-20 09:46:20Z INFO HostContext] Well known directory 'Work': 'C:\Projects\unity-build-pipeline\actions-runner\_work'
[2025-11-20 09:46:30Z INFO HostContext] Well known directory 'Bin': 'C:\Projects\unity-build-pipeline\actions-runner\bin'
[2025-11-20 09:46:30Z INFO HostContext] Well known directory 'Root': 'C:\Projects\unity-build-pipeline\actions-runner'
[2025-11-20 09:46:30Z INFO HostContext] Well known directory 'Work': 'C:\Projects\unity-build-pipeline\actions-runner\_work'
[2025-11-20 09:46:40Z INFO HostContext] Well known directory 'Bin': 'C:\Projects\unity-build-pipeline\actions-runner\bin'
[2025-11-20 09:46:40Z INFO HostContext] Well known directory 'Root': 'C:\Projects\unity-build-pipeline\actions-runner'
[2025-11-20 09:46:40Z INFO HostContext] Well known directory 'Work': 'C:\Projects\unity-build-pipeline\actions-runner\_work'
[2025-11-20 09:46:43Z INFO JobServerQueue] Try to append 1 batches web console lines for record '51112d6b-7e88-47f6-b15b-bf5a5c710145', success rate: 1/1.
[2025-11-20 09:46:48Z INFO ProcessInvokerWrapper] Scan all processes to find relationship between all processes.
[2025-11-20 09:46:48Z INFO ProcessInvokerWrapper] Find all child processes of process '62868'.
[2025-11-20 09:46:48Z INFO ProcessInvokerWrapper] Need kill all child processes trees before kill process '62868'.
[2025-11-20 09:46:48Z INFO ProcessInvokerWrapper] Child process '46460' needs be killed first.
[2025-11-20 09:46:48Z INFO ProcessInvokerWrapper] Find all child processes of process '46460'.
[2025-11-20 09:46:48Z INFO ProcessInvokerWrapper] Need kill all child processes trees before kill process '46460'.
[2025-11-20 09:46:48Z INFO ProcessInvokerWrapper] Child process '55316' needs be killed first.
[2025-11-20 09:46:48Z INFO ProcessInvokerWrapper] Find all child processes of process '55316'.
[2025-11-20 09:46:48Z INFO ProcessInvokerWrapper] Kill process '55316'.
[2025-11-20 09:46:48Z INFO ProcessInvokerWrapper] Kill process '46460'.
[2025-11-20 09:46:48Z INFO ProcessInvokerWrapper] Kill process '62868'.
[2025-11-20 09:46:48Z INFO ProcessInvokerWrapper] Finished process 62868 with exit code 0, and elapsed time 00:02:08.3199665.
[2025-11-20 09:46:48Z INFO CreateStepSummaryCommand] Step Summary file (C:\Projects\unity-build-pipeline\actions-runner\_work\_temp\_runner_file_commands\step_summary_f515f5cb-d3bb-4959-b640-85401f676aac) is empty; skipping attachment upload
[2025-11-20 09:46:48Z INFO ProcessInvokerWrapper] STDOUT/STDERR stream read finished.
[2025-11-20 09:46:48Z INFO ProcessInvokerWrapper] STDOUT/STDERR stream read finished.
[2025-11-20 09:46:48Z INFO StepsRunner] Step result: 
[2025-11-20 09:46:48Z INFO ExecutionContext] Publish step telemetry for current step {
  "action": "cmd",
  "type": "run",
  "stage": "Main",
  "stepId": "51112d6b-7e88-47f6-b15b-bf5a5c710145",
  "stepContextName": "__run",
  "result": "succeeded",
  "errorMessages": [],
  "executionTimeInSeconds": 129,
  "startTime": "2025-11-20T09:44:40.3129655Z",
  "finishTime": "2025-11-20T09:46:48.6759799Z"
***.
[2025-11-20 09:46:48Z INFO StepsRunner] No need for updating job result with current step result 'Succeeded'.
[2025-11-20 09:46:48Z INFO StepsRunner] Current state: job state = ''
[2025-11-20 09:46:48Z INFO StepsRunner] Processing step: DisplayName='Upload build to Google Drive'
[2025-11-20 09:46:48Z INFO StepsRunner] Evaluating: success()
[2025-11-20 09:46:48Z INFO StepsRunner] Result: true
[2025-11-20 09:46:48Z INFO StepsRunner] Starting the step.
[2025-11-20 09:46:48Z INFO HostContext] Well known directory 'Bin': 'C:\Projects\unity-build-pipeline\actions-runner\bin'
[2025-11-20 09:46:48Z INFO HostContext] Well known directory 'Root': 'C:\Projects\unity-build-pipeline\actions-runner'
[2025-11-20 09:46:48Z INFO HostContext] Well known directory 'Work': 'C:\Projects\unity-build-pipeline\actions-runner\_work'
[2025-11-20 09:46:48Z INFO StepsRunner] Which2: 'chcp'
[2025-11-20 09:46:48Z INFO StepsRunner] Location: 'C:\WINDOWS\system32\chcp.COM'
[2025-11-20 09:46:48Z INFO ProcessInvokerWrapper] Starting process:
[2025-11-20 09:46:48Z INFO ProcessInvokerWrapper]   File name: 'C:\WINDOWS\system32\chcp.COM'
[2025-11-20 09:46:48Z INFO ProcessInvokerWrapper]   Arguments: '65001'
[2025-11-20 09:46:48Z INFO ProcessInvokerWrapper]   Working directory: 'C:\Projects\unity-build-pipeline\actions-runner\_work'
[2025-11-20 09:46:48Z INFO ProcessInvokerWrapper]   Require exit code zero: 'False'
[2025-11-20 09:46:48Z INFO ProcessInvokerWrapper]   Encoding web name:  ; code page: ''
[2025-11-20 09:46:48Z INFO ProcessInvokerWrapper]   Force kill process on cancellation: 'False'
[2025-11-20 09:46:48Z INFO ProcessInvokerWrapper]   Redirected STDIN: 'False'
[2025-11-20 09:46:48Z INFO ProcessInvokerWrapper]   Persist current code page: 'True'
[2025-11-20 09:46:48Z INFO ProcessInvokerWrapper]   Keep redirected STDIN open: 'False'
[2025-11-20 09:46:48Z INFO ProcessInvokerWrapper]   High priority process: 'False'
[2025-11-20 09:46:48Z INFO ProcessInvokerWrapper] Process started with process id 68148, waiting for process exit.
[2025-11-20 09:46:48Z INFO ProcessInvokerWrapper] STDOUT/STDERR stream read finished.
[2025-11-20 09:46:48Z INFO ProcessInvokerWrapper] STDOUT/STDERR stream read finished.
[2025-11-20 09:46:48Z INFO ProcessInvokerWrapper] Finished process 68148 with exit code 0, and elapsed time 00:00:00.0162253.
[2025-11-20 09:46:48Z INFO StepsRunner] Successfully returned to code page 65001 (UTF8)
[2025-11-20 09:46:48Z INFO HostContext] Well known directory 'Bin': 'C:\Projects\unity-build-pipeline\actions-runner\bin'
[2025-11-20 09:46:48Z INFO HostContext] Well known directory 'Root': 'C:\Projects\unity-build-pipeline\actions-runner'
[2025-11-20 09:46:48Z INFO HostContext] Well known directory 'Work': 'C:\Projects\unity-build-pipeline\actions-runner\_work'
[2025-11-20 09:46:48Z INFO HostContext] Well known directory 'Temp': 'C:\Projects\unity-build-pipeline\actions-runner\_work\_temp'
[2025-11-20 09:46:48Z INFO ExecutionContext] Write event payload to C:\Projects\unity-build-pipeline\actions-runner\_work\_temp\_github_workflow\event.json
[2025-11-20 09:46:48Z INFO HostContext] Well known directory 'Bin': 'C:\Projects\unity-build-pipeline\actions-runner\bin'
[2025-11-20 09:46:48Z INFO HostContext] Well known directory 'Root': 'C:\Projects\unity-build-pipeline\actions-runner'
[2025-11-20 09:46:48Z INFO HostContext] Well known directory 'Work': 'C:\Projects\unity-build-pipeline\actions-runner\_work'
[2025-11-20 09:46:48Z INFO HostContext] Well known directory 'Temp': 'C:\Projects\unity-build-pipeline\actions-runner\_work\_temp'
[2025-11-20 09:46:48Z INFO ExtensionManager] Getting extensions for interface: 'GitHub.Runner.Worker.IFileCommandExtension'
[2025-11-20 09:46:48Z INFO ExtensionManager] Getting extensions for interface: 'GitHub.Runner.Worker.IActionCommandExtension'
[2025-11-20 09:46:48Z INFO ActionCommandManager] Register action command extension for command internal-set-repo-path
[2025-11-20 09:46:48Z INFO ActionCommandManager] Register action command extension for command set-env
[2025-11-20 09:46:48Z INFO ActionCommandManager] Register action command extension for command set-output
[2025-11-20 09:46:48Z INFO ActionCommandManager] Register action command extension for command save-state
[2025-11-20 09:46:48Z INFO ActionCommandManager] Register action command extension for command add-path
[2025-11-20 09:46:48Z INFO ActionCommandManager] Register action command extension for command add-mask
[2025-11-20 09:46:48Z INFO ActionCommandManager] Register action command extension for command add-matcher
[2025-11-20 09:46:48Z INFO ActionCommandManager] Register action command extension for command remove-matcher
[2025-11-20 09:46:48Z INFO ActionCommandManager] Register action command extension for command warning
[2025-11-20 09:46:48Z INFO ActionCommandManager] Register action command extension for command error
[2025-11-20 09:46:48Z INFO ActionCommandManager] Register action command extension for command notice
[2025-11-20 09:46:48Z INFO ActionCommandManager] Register action command extension for command debug
[2025-11-20 09:46:48Z INFO ActionCommandManager] Register action command extension for command group
[2025-11-20 09:46:48Z INFO ActionCommandManager] Register action command extension for command endgroup
[2025-11-20 09:46:48Z INFO ActionCommandManager] Register action command extension for command echo
[2025-11-20 09:46:48Z INFO ScriptHandler] Which2: 'cmd'
[2025-11-20 09:46:48Z INFO ScriptHandler] Location: 'C:\WINDOWS\system32\cmd.EXE'
[2025-11-20 09:46:48Z INFO HostContext] Well known directory 'Bin': 'C:\Projects\unity-build-pipeline\actions-runner\bin'
[2025-11-20 09:46:48Z INFO HostContext] Well known directory 'Root': 'C:\Projects\unity-build-pipeline\actions-runner'
[2025-11-20 09:46:48Z INFO HostContext] Well known directory 'Work': 'C:\Projects\unity-build-pipeline\actions-runner\_work'
[2025-11-20 09:46:48Z INFO HostContext] Well known directory 'Temp': 'C:\Projects\unity-build-pipeline\actions-runner\_work\_temp'
[2025-11-20 09:46:48Z INFO ScriptHandler] Which2: 'cmd'
[2025-11-20 09:46:48Z INFO ScriptHandler] Location: 'C:\WINDOWS\system32\cmd.EXE'
[2025-11-20 09:46:48Z INFO ProcessInvokerWrapper] Starting process:
[2025-11-20 09:46:48Z INFO ProcessInvokerWrapper]   File name: 'C:\WINDOWS\system32\cmd.EXE'
[2025-11-20 09:46:48Z INFO ProcessInvokerWrapper]   Arguments: '/D /E:ON /V:OFF /S /C "CALL "C:\Projects\unity-build-pipeline\actions-runner\_work\_temp\f1303cbf-eb1d-40c8-b62b-50081e3aac85.cmd""'
[2025-11-20 09:46:48Z INFO ProcessInvokerWrapper]   Working directory: 'C:\Projects\unity-build-pipeline\actions-runner\_work\unity-build-pipeline\unity-build-pipeline'
[2025-11-20 09:46:48Z INFO ProcessInvokerWrapper]   Require exit code zero: 'False'
[2025-11-20 09:46:48Z INFO ProcessInvokerWrapper]   Encoding web name:  ; code page: ''
[2025-11-20 09:46:48Z INFO ProcessInvokerWrapper]   Force kill process on cancellation: 'False'
[2025-11-20 09:46:48Z INFO ProcessInvokerWrapper]   Redirected STDIN: 'False'
[2025-11-20 09:46:48Z INFO ProcessInvokerWrapper]   Persist current code page: 'True'
[2025-11-20 09:46:48Z INFO ProcessInvokerWrapper]   Keep redirected STDIN open: 'False'
[2025-11-20 09:46:48Z INFO ProcessInvokerWrapper]   High priority process: 'False'
[2025-11-20 09:46:48Z INFO ProcessInvokerWrapper] Process started with process id 13720, waiting for process exit.
[2025-11-20 09:46:48Z INFO JobServerQueue] Try to append 1 batches web console lines for record '51112d6b-7e88-47f6-b15b-bf5a5c710145', success rate: 1/1.
[2025-11-20 09:46:48Z INFO JobServerQueue] Try to append 1 batches web console lines for record 'd30e0d30-f7d5-4e84-9192-426c51cc3353', success rate: 1/1.
[2025-11-20 09:46:49Z INFO JobServerQueue] Got a step log file to send to results service.
[2025-11-20 09:46:49Z INFO JobServerQueue] Starting upload of step log file to results service ResultsLog, C:\Projects\unity-build-pipeline\actions-runner\_diag\blocks\a99415f1-ef27-4f65-b3a2-76a9713c4adb_51112d6b-7e88-47f6-b15b-bf5a5c710145.1
[2025-11-20 09:46:49Z INFO JobServerQueue] Try to upload 1 log files or attachments, success rate: 1/1.
[2025-11-20 09:46:49Z INFO JobServerQueue] Try to append 1 batches web console lines for record 'd30e0d30-f7d5-4e84-9192-426c51cc3353', success rate: 1/1.
[2025-11-20 09:46:50Z INFO JobServerQueue] Try to append 1 batches web console lines for record 'd30e0d30-f7d5-4e84-9192-426c51cc3353', success rate: 1/1.
[2025-11-20 09:46:50Z INFO HostContext] Well known directory 'Bin': 'C:\Projects\unity-build-pipeline\actions-runner\bin'
[2025-11-20 09:46:50Z INFO HostContext] Well known directory 'Root': 'C:\Projects\unity-build-pipeline\actions-runner'
[2025-11-20 09:46:50Z INFO HostContext] Well known directory 'Work': 'C:\Projects\unity-build-pipeline\actions-runner\_work'
[2025-11-20 09:46:50Z INFO JobServerQueue] Try to append 1 batches web console lines for record 'd30e0d30-f7d5-4e84-9192-426c51cc3353', success rate: 1/1.
[2025-11-20 09:46:51Z INFO JobServerQueue] Try to append 1 batches web console lines for record 'd30e0d30-f7d5-4e84-9192-426c51cc3353', success rate: 1/1.
[2025-11-20 09:46:51Z INFO JobServerQueue] Try to append 1 batches web console lines for record 'd30e0d30-f7d5-4e84-9192-426c51cc3353', success rate: 1/1.
[2025-11-20 09:46:52Z INFO JobServerQueue] Try to append 1 batches web console lines for record 'd30e0d30-f7d5-4e84-9192-426c51cc3353', success rate: 1/1.
[2025-11-20 09:46:52Z INFO ProcessInvokerWrapper] STDOUT/STDERR stream read finished.
[2025-11-20 09:46:52Z INFO ProcessInvokerWrapper] STDOUT/STDERR stream read finished.
[2025-11-20 09:46:52Z INFO ProcessInvokerWrapper] Finished process 13720 with exit code 0, and elapsed time 00:00:03.9721387.
[2025-11-20 09:46:52Z INFO CreateStepSummaryCommand] Step Summary file (C:\Projects\unity-build-pipeline\actions-runner\_work\_temp\_runner_file_commands\step_summary_907c0991-db9b-40b9-ac27-8aa228b8cd62) is empty; skipping attachment upload
[2025-11-20 09:46:52Z INFO StepsRunner] Step result: 
[2025-11-20 09:46:52Z INFO ExecutionContext] Publish step telemetry for current step {
  "action": "cmd",
  "type": "run",
  "stage": "Main",
  "stepId": "d30e0d30-f7d5-4e84-9192-426c51cc3353",
  "stepContextName": "__run_2",
  "result": "succeeded",
  "errorMessages": [],
  "executionTimeInSeconds": 5,
  "startTime": "2025-11-20T09:46:48.6780689Z",
  "finishTime": "2025-11-20T09:46:52.679192Z"
***.
[2025-11-20 09:46:52Z INFO StepsRunner] No need for updating job result with current step result 'Succeeded'.
[2025-11-20 09:46:52Z INFO StepsRunner] Current state: job state = ''
[2025-11-20 09:46:52Z INFO StepsRunner] Processing step: DisplayName='Post Checkout repo with private submodule authentication'
[2025-11-20 09:46:52Z INFO StepsRunner] Evaluating: always()
[2025-11-20 09:46:52Z INFO StepsRunner] Result: true
[2025-11-20 09:46:52Z INFO StepsRunner] Starting the step.
[2025-11-20 09:46:52Z INFO HostContext] Well known directory 'Bin': 'C:\Projects\unity-build-pipeline\actions-runner\bin'
[2025-11-20 09:46:52Z INFO HostContext] Well known directory 'Root': 'C:\Projects\unity-build-pipeline\actions-runner'
[2025-11-20 09:46:52Z INFO HostContext] Well known directory 'Work': 'C:\Projects\unity-build-pipeline\actions-runner\_work'
[2025-11-20 09:46:52Z INFO StepsRunner] Which2: 'chcp'
[2025-11-20 09:46:52Z INFO StepsRunner] Location: 'C:\WINDOWS\system32\chcp.COM'
[2025-11-20 09:46:52Z INFO ProcessInvokerWrapper] Starting process:
[2025-11-20 09:46:52Z INFO ProcessInvokerWrapper]   File name: 'C:\WINDOWS\system32\chcp.COM'
[2025-11-20 09:46:52Z INFO ProcessInvokerWrapper]   Arguments: '65001'
[2025-11-20 09:46:52Z INFO ProcessInvokerWrapper]   Working directory: 'C:\Projects\unity-build-pipeline\actions-runner\_work'
[2025-11-20 09:46:52Z INFO ProcessInvokerWrapper]   Require exit code zero: 'False'
[2025-11-20 09:46:52Z INFO ProcessInvokerWrapper]   Encoding web name:  ; code page: ''
[2025-11-20 09:46:52Z INFO ProcessInvokerWrapper]   Force kill process on cancellation: 'False'
[2025-11-20 09:46:52Z INFO ProcessInvokerWrapper]   Redirected STDIN: 'False'
[2025-11-20 09:46:52Z INFO ProcessInvokerWrapper]   Persist current code page: 'True'
[2025-11-20 09:46:52Z INFO ProcessInvokerWrapper]   Keep redirected STDIN open: 'False'
[2025-11-20 09:46:52Z INFO ProcessInvokerWrapper]   High priority process: 'False'
[2025-11-20 09:46:52Z INFO ProcessInvokerWrapper] Process started with process id 41112, waiting for process exit.
[2025-11-20 09:46:52Z INFO ProcessInvokerWrapper] STDOUT/STDERR stream read finished.
[2025-11-20 09:46:52Z INFO ProcessInvokerWrapper] STDOUT/STDERR stream read finished.
[2025-11-20 09:46:52Z INFO ProcessInvokerWrapper] Finished process 41112 with exit code 0, and elapsed time 00:00:00.0117013.
[2025-11-20 09:46:52Z INFO StepsRunner] Successfully returned to code page 65001 (UTF8)
[2025-11-20 09:46:52Z INFO HostContext] Well known directory 'Bin': 'C:\Projects\unity-build-pipeline\actions-runner\bin'
[2025-11-20 09:46:52Z INFO HostContext] Well known directory 'Root': 'C:\Projects\unity-build-pipeline\actions-runner'
[2025-11-20 09:46:52Z INFO HostContext] Well known directory 'Work': 'C:\Projects\unity-build-pipeline\actions-runner\_work'
[2025-11-20 09:46:52Z INFO HostContext] Well known directory 'Actions': 'C:\Projects\unity-build-pipeline\actions-runner\_work\_actions'
[2025-11-20 09:46:52Z INFO ActionManager] Load action that reference repository from 'C:\Projects\unity-build-pipeline\actions-runner\_work\_actions\actions\checkout\v4'
[2025-11-20 09:46:52Z INFO HostContext] Well known directory 'Bin': 'C:\Projects\unity-build-pipeline\actions-runner\bin'
[2025-11-20 09:46:52Z INFO HostContext] Well known directory 'Root': 'C:\Projects\unity-build-pipeline\actions-runner'
[2025-11-20 09:46:52Z INFO HostContext] Well known directory 'Work': 'C:\Projects\unity-build-pipeline\actions-runner\_work'
[2025-11-20 09:46:52Z INFO HostContext] Well known directory 'Actions': 'C:\Projects\unity-build-pipeline\actions-runner\_work\_actions'
[2025-11-20 09:46:52Z INFO ActionManifestManager] Loaded action.yml file: {
  "name": "Checkout",
  "description": "Checkout a Git repository at a particular version",
  "inputs": {
    "type": 2,
    "map": [
      {
        "key": {
          "type": 0,
          "file": 2,
          "line": 4,
          "col": 3,
          "lit": "repository"
        ***,
        "value": {
          "type": 3,
          "file": 2,
          "line": 6,
          "col": 14,
          "expr": "github.repository"
        ***
      ***,
      {
        "key": {
          "type": 0,
          "file": 2,
          "line": 7,
          "col": 3,
          "lit": "ref"
        ***,
        "value": ""
      ***,
      {
        "key": {
          "type": 0,
          "file": 2,
          "line": 12,
          "col": 3,
          "lit": "token"
        ***,
        "value": {
          "type": 3,
          "file": 2,
          "line": 24,
          "col": 14,
          "expr": "github.token"
        ***
      ***,
      {
        "key": {
          "type": 0,
          "file": 2,
          "line": 25,
          "col": 3,
          "lit": "ssh-key"
        ***,
        "value": ""
      ***,
      {
        "key": {
          "type": 0,
          "file": 2,
          "line": 37,
          "col": 3,
          "lit": "ssh-known-hosts"
        ***,
        "value": ""
      ***,
      {
        "key": {
          "type": 0,
          "file": 2,
          "line": 42,
          "col": 3,
          "lit": "ssh-strict"
        ***,
        "value": {
          "type": 0,
          "file": 2,
          "line": 47,
          "col": 14,
          "lit": "true"
        ***
      ***,
      {
        "key": {
          "type": 0,
          "file": 2,
          "line": 48,
          "col": 3,
          "lit": "ssh-user"
        ***,
        "value": {
          "type": 0,
          "file": 2,
          "line": 51,
          "col": 14,
          "lit": "git"
        ***
      ***,
      {
        "key": {
          "type": 0,
          "file": 2,
          "line": 52,
          "col": 3,
          "lit": "persist-credentials"
        ***,
        "value": {
          "type": 0,
          "file": 2,
          "line": 54,
          "col": 14,
          "lit": "true"
        ***
      ***,
      {
        "key": {
          "type": 0,
          "file": 2,
          "line": 55,
          "col": 3,
          "lit": "path"
        ***,
        "value": ""
      ***,
      {
        "key": {
          "type": 0,
          "file": 2,
          "line": 57,
          "col": 3,
          "lit": "clean"
        ***,
        "value": {
          "type": 0,
          "file": 2,
          "line": 59,
          "col": 14,
          "lit": "true"
        ***
      ***,
      {
        "key": {
          "type": 0,
          "file": 2,
          "line": 60,
          "col": 3,
          "lit": "filter"
        ***,
        "value": {
          "type": 0,
          "file": 2,
          "line": 64,
          "col": 14,
          "lit": ""
        ***
      ***,
      {
        "key": {
          "type": 0,
          "file": 2,
          "line": 65,
          "col": 3,
          "lit": "sparse-checkout"
        ***,
        "value": {
          "type": 0,
          "file": 2,
          "line": 69,
          "col": 14,
          "lit": ""
        ***
      ***,
      {
        "key": {
          "type": 0,
          "file": 2,
          "line": 70,
          "col": 3,
          "lit": "sparse-checkout-cone-mode"
        ***,
        "value": {
          "type": 0,
          "file": 2,
          "line": 73,
          "col": 14,
          "lit": "true"
        ***
      ***,
      {
        "key": {
          "type": 0,
          "file": 2,
          "line": 74,
          "col": 3,
          "lit": "fetch-depth"
        ***,
        "value": {
          "type": 0,
          "file": 2,
          "line": 76,
          "col": 14,
          "lit": "1"
        ***
      ***,
      {
        "key": {
          "type": 0,
          "file": 2,
          "line": 77,
          "col": 3,
          "lit": "fetch-tags"
        ***,
        "value": {
          "type": 0,
          "file": 2,
          "line": 79,
          "col": 14,
          "lit": "false"
        ***
      ***,
      {
        "key": {
          "type": 0,
          "file": 2,
          "line": 80,
          "col": 3,
          "lit": "show-progress"
        ***,
        "value": {
          "type": 0,
          "file": 2,
          "line": 82,
          "col": 14,
          "lit": "true"
        ***
      ***,
      {
        "key": {
          "type": 0,
          "file": 2,
          "line": 83,
          "col": 3,
          "lit": "lfs"
        ***,
        "value": {
          "type": 0,
          "file": 2,
          "line": 85,
          "col": 14,
          "lit": "false"
        ***
      ***,
      {
        "key": {
          "type": 0,
          "file": 2,
          "line": 86,
          "col": 3,
          "lit": "submodules"
        ***,
        "value": {
          "type": 0,
          "file": 2,
          "line": 94,
          "col": 14,
          "lit": "false"
        ***
      ***,
      {
        "key": {
          "type": 0,
          "file": 2,
          "line": 95,
          "col": 3,
          "lit": "set-safe-directory"
        ***,
        "value": {
          "type": 0,
          "file": 2,
          "line": 97,
          "col": 14,
          "lit": "true"
        ***
      ***,
      {
        "key": {
          "type": 0,
          "file": 2,
          "line": 98,
          "col": 3,
          "lit": "github-server-url"
        ***,
        "value": ""
      ***
    ]
  ***,
  "execution": {
    "executionType": "nodeJS",
    "hasPre": false,
    "hasPost": true,
    "script": "dist/index.js",
    "pre": null,
    "post": "dist/index.js",
    "nodeVersion": "node20",
    "cleanupCondition": "always()",
    "initCondition": "always()"
  ***,
  "deprecated": null
***
[2025-11-20 09:46:52Z INFO ActionManager] Action pre node.js file: N/A.
[2025-11-20 09:46:52Z INFO ActionManager] Action node.js file: dist/index.js.
[2025-11-20 09:46:52Z INFO ActionManager] Action post node.js file: dist/index.js.
[2025-11-20 09:46:52Z INFO HostContext] Well known directory 'Bin': 'C:\Projects\unity-build-pipeline\actions-runner\bin'
[2025-11-20 09:46:52Z INFO HostContext] Well known directory 'Root': 'C:\Projects\unity-build-pipeline\actions-runner'
[2025-11-20 09:46:52Z INFO HostContext] Well known directory 'Work': 'C:\Projects\unity-build-pipeline\actions-runner\_work'
[2025-11-20 09:46:52Z INFO HostContext] Well known directory 'Temp': 'C:\Projects\unity-build-pipeline\actions-runner\_work\_temp'
[2025-11-20 09:46:52Z INFO ExecutionContext] Write event payload to C:\Projects\unity-build-pipeline\actions-runner\_work\_temp\_github_workflow\event.json
[2025-11-20 09:46:52Z INFO HostContext] Well known directory 'Bin': 'C:\Projects\unity-build-pipeline\actions-runner\bin'
[2025-11-20 09:46:52Z INFO HostContext] Well known directory 'Root': 'C:\Projects\unity-build-pipeline\actions-runner'
[2025-11-20 09:46:52Z INFO HostContext] Well known directory 'Work': 'C:\Projects\unity-build-pipeline\actions-runner\_work'
[2025-11-20 09:46:52Z INFO HostContext] Well known directory 'Temp': 'C:\Projects\unity-build-pipeline\actions-runner\_work\_temp'
[2025-11-20 09:46:52Z INFO ExtensionManager] Getting extensions for interface: 'GitHub.Runner.Worker.IFileCommandExtension'
[2025-11-20 09:46:52Z INFO ActionManifestManager] Input 'repository': default value evaluate result: {
  "type": 0,
  "file": 2,
  "line": 6,
  "col": 14,
  "lit": "AliAhmad1600/unity-build-pipeline"
***
[2025-11-20 09:46:52Z INFO ActionManifestManager] Input 'ref': default value evaluate result: ""
[2025-11-20 09:46:52Z INFO ActionManifestManager] Input 'ssh-key': default value evaluate result: ""
[2025-11-20 09:46:52Z INFO ActionManifestManager] Input 'ssh-known-hosts': default value evaluate result: ""
[2025-11-20 09:46:52Z INFO ActionManifestManager] Input 'ssh-strict': default value evaluate result: {
  "type": 0,
  "file": 2,
  "line": 47,
  "col": 14,
  "lit": "true"
***
[2025-11-20 09:46:52Z INFO ActionManifestManager] Input 'ssh-user': default value evaluate result: {
  "type": 0,
  "file": 2,
  "line": 51,
  "col": 14,
  "lit": "git"
***
[2025-11-20 09:46:52Z INFO ActionManifestManager] Input 'path': default value evaluate result: ""
[2025-11-20 09:46:52Z INFO ActionManifestManager] Input 'clean': default value evaluate result: {
  "type": 0,
  "file": 2,
  "line": 59,
  "col": 14,
  "lit": "true"
***
[2025-11-20 09:46:52Z INFO ActionManifestManager] Input 'filter': default value evaluate result: {
  "type": 0,
  "file": 2,
  "line": 64,
  "col": 14,
  "lit": ""
***
[2025-11-20 09:46:52Z INFO ActionManifestManager] Input 'sparse-checkout': default value evaluate result: {
  "type": 0,
  "file": 2,
  "line": 69,
  "col": 14,
  "lit": ""
***
[2025-11-20 09:46:52Z INFO ActionManifestManager] Input 'sparse-checkout-cone-mode': default value evaluate result: {
  "type": 0,
  "file": 2,
  "line": 73,
  "col": 14,
  "lit": "true"
***
[2025-11-20 09:46:52Z INFO ActionManifestManager] Input 'fetch-depth': default value evaluate result: {
  "type": 0,
  "file": 2,
  "line": 76,
  "col": 14,
  "lit": "1"
***
[2025-11-20 09:46:52Z INFO ActionManifestManager] Input 'fetch-tags': default value evaluate result: {
  "type": 0,
  "file": 2,
  "line": 79,
  "col": 14,
  "lit": "false"
***
[2025-11-20 09:46:52Z INFO ActionManifestManager] Input 'show-progress': default value evaluate result: {
  "type": 0,
  "file": 2,
  "line": 82,
  "col": 14,
  "lit": "true"
***
[2025-11-20 09:46:52Z INFO ActionManifestManager] Input 'lfs': default value evaluate result: {
  "type": 0,
  "file": 2,
  "line": 85,
  "col": 14,
  "lit": "false"
***
[2025-11-20 09:46:52Z INFO ActionManifestManager] Input 'set-safe-directory': default value evaluate result: {
  "type": 0,
  "file": 2,
  "line": 97,
  "col": 14,
  "lit": "true"
***
[2025-11-20 09:46:52Z INFO ActionManifestManager] Input 'github-server-url': default value evaluate result: ""
[2025-11-20 09:46:52Z INFO ExtensionManager] Getting extensions for interface: 'GitHub.Runner.Worker.IActionCommandExtension'
[2025-11-20 09:46:52Z INFO ActionCommandManager] Register action command extension for command internal-set-repo-path
[2025-11-20 09:46:52Z INFO ActionCommandManager] Register action command extension for command set-env
[2025-11-20 09:46:52Z INFO ActionCommandManager] Register action command extension for command set-output
[2025-11-20 09:46:52Z INFO ActionCommandManager] Register action command extension for command save-state
[2025-11-20 09:46:52Z INFO ActionCommandManager] Register action command extension for command add-path
[2025-11-20 09:46:52Z INFO ActionCommandManager] Register action command extension for command add-mask
[2025-11-20 09:46:52Z INFO ActionCommandManager] Register action command extension for command add-matcher
[2025-11-20 09:46:52Z INFO ActionCommandManager] Register action command extension for command remove-matcher
[2025-11-20 09:46:52Z INFO ActionCommandManager] Register action command extension for command warning
[2025-11-20 09:46:52Z INFO ActionCommandManager] Register action command extension for command error
[2025-11-20 09:46:52Z INFO ActionCommandManager] Register action command extension for command notice
[2025-11-20 09:46:52Z INFO ActionCommandManager] Register action command extension for command debug
[2025-11-20 09:46:52Z INFO ActionCommandManager] Register action command extension for command group
[2025-11-20 09:46:52Z INFO ActionCommandManager] Register action command extension for command endgroup
[2025-11-20 09:46:52Z INFO ActionCommandManager] Register action command extension for command echo
[2025-11-20 09:46:52Z INFO HostContext] Well known directory 'Bin': 'C:\Projects\unity-build-pipeline\actions-runner\bin'
[2025-11-20 09:46:52Z INFO HostContext] Well known directory 'Root': 'C:\Projects\unity-build-pipeline\actions-runner'
[2025-11-20 09:46:52Z INFO HostContext] Well known directory 'Externals': 'C:\Projects\unity-build-pipeline\actions-runner\externals'
[2025-11-20 09:46:52Z INFO ProcessInvokerWrapper] Starting process:
[2025-11-20 09:46:52Z INFO ProcessInvokerWrapper]   File name: 'C:\Projects\unity-build-pipeline\actions-runner\externals\node20\bin\node.exe'
[2025-11-20 09:46:52Z INFO ProcessInvokerWrapper]   Arguments: '"C:\Projects\unity-build-pipeline\actions-runner\_work\_actions\actions\checkout\v4\dist/index.js"'
[2025-11-20 09:46:52Z INFO ProcessInvokerWrapper]   Working directory: 'C:\Projects\unity-build-pipeline\actions-runner\_work\unity-build-pipeline\unity-build-pipeline'
[2025-11-20 09:46:52Z INFO ProcessInvokerWrapper]   Require exit code zero: 'False'
[2025-11-20 09:46:52Z INFO ProcessInvokerWrapper]   Encoding web name: utf-8 ; code page: '65001'
[2025-11-20 09:46:52Z INFO ProcessInvokerWrapper]   Force kill process on cancellation: 'False'
[2025-11-20 09:46:52Z INFO ProcessInvokerWrapper]   Redirected STDIN: 'False'
[2025-11-20 09:46:52Z INFO ProcessInvokerWrapper]   Persist current code page: 'True'
[2025-11-20 09:46:52Z INFO ProcessInvokerWrapper]   Keep redirected STDIN open: 'False'
[2025-11-20 09:46:52Z INFO ProcessInvokerWrapper]   High priority process: 'False'
[2025-11-20 09:46:52Z INFO ProcessInvokerWrapper] Process started with process id 93112, waiting for process exit.
[2025-11-20 09:46:52Z INFO JobServerQueue] Try to append 1 batches web console lines for record 'd30e0d30-f7d5-4e84-9192-426c51cc3353', success rate: 1/1.
[2025-11-20 09:46:52Z INFO JobServerQueue] Try to append 1 batches web console lines for record 'b4344dd0-1b87-4e44-a569-1b82e15993eb', success rate: 1/1.
[2025-11-20 09:46:53Z INFO AddMaskCommandExtension] Add new secret mask with length of 32
[2025-11-20 09:46:53Z INFO JobServerQueue] Try to upload 1 log files or attachments, success rate: 1/1.
[2025-11-20 09:46:53Z INFO JobServerQueue] Try to append 1 batches web console lines for record 'b4344dd0-1b87-4e44-a569-1b82e15993eb', success rate: 1/1.
[2025-11-20 09:46:54Z INFO JobServerQueue] Tried to upload 1 file(s) to results, success rate: 1/1.
[2025-11-20 09:46:54Z INFO JobServerQueue] Try to append 1 batches web console lines for record 'b4344dd0-1b87-4e44-a569-1b82e15993eb', success rate: 1/1.
[2025-11-20 09:46:55Z INFO JobServerQueue] Got a step log file to send to results service.
[2025-11-20 09:46:55Z INFO JobServerQueue] Starting upload of step log file to results service ResultsLog, C:\Projects\unity-build-pipeline\actions-runner\_diag\blocks\a99415f1-ef27-4f65-b3a2-76a9713c4adb_d30e0d30-f7d5-4e84-9192-426c51cc3353.1
[2025-11-20 09:46:55Z INFO JobServerQueue] Try to append 1 batches web console lines for record 'b4344dd0-1b87-4e44-a569-1b82e15993eb', success rate: 1/1.
[2025-11-20 09:46:55Z INFO JobServerQueue] Try to append 1 batches web console lines for record 'b4344dd0-1b87-4e44-a569-1b82e15993eb', success rate: 1/1.
[2025-11-20 09:46:56Z INFO JobServerQueue] Tried to upload 1 file(s) to results, success rate: 1/1.
[2025-11-20 09:46:56Z INFO ProcessInvokerWrapper] STDOUT/STDERR stream read finished.
[2025-11-20 09:46:56Z INFO ProcessInvokerWrapper] STDOUT/STDERR stream read finished.
[2025-11-20 09:46:56Z INFO ProcessInvokerWrapper] Finished process 93112 with exit code 0, and elapsed time 00:00:03.9669467.
[2025-11-20 09:46:56Z INFO CreateStepSummaryCommand] Step Summary file (C:\Projects\unity-build-pipeline\actions-runner\_work\_temp\_runner_file_commands\step_summary_ba0a0f87-34fc-4699-a8ae-80925e4f90c9) is empty; skipping attachment upload
[2025-11-20 09:46:56Z INFO StepsRunner] Step result: 
[2025-11-20 09:46:56Z INFO ExecutionContext] Publish step telemetry for current step {
  "action": "actions/checkout",
  "ref": "v4",
  "type": "node20",
  "stage": "Post",
  "stepId": "b4344dd0-1b87-4e44-a569-1b82e15993eb",
  "result": "succeeded",
  "errorMessages": [],
  "executionTimeInSeconds": 4,
  "startTime": "2025-11-20T09:46:52.6799116Z",
  "finishTime": "2025-11-20T09:46:56.67681Z"
***.
[2025-11-20 09:46:56Z INFO StepsRunner] No need for updating job result with current step result 'Succeeded'.
[2025-11-20 09:46:56Z INFO StepsRunner] Current state: job state = ''
[2025-11-20 09:46:56Z INFO JobRunner] Finalize job.
[2025-11-20 09:46:56Z INFO HostContext] Well known directory 'Bin': 'C:\Projects\unity-build-pipeline\actions-runner\bin'
[2025-11-20 09:46:56Z INFO HostContext] Well known directory 'Root': 'C:\Projects\unity-build-pipeline\actions-runner'
[2025-11-20 09:46:56Z INFO HostContext] Well known directory 'Diag': 'C:\Projects\unity-build-pipeline\actions-runner\_diag'
[2025-11-20 09:46:56Z INFO HostContext] Well known directory 'Bin': 'C:\Projects\unity-build-pipeline\actions-runner\bin'
[2025-11-20 09:46:56Z INFO HostContext] Well known directory 'Root': 'C:\Projects\unity-build-pipeline\actions-runner'
[2025-11-20 09:46:56Z INFO HostContext] Well known directory 'Diag': 'C:\Projects\unity-build-pipeline\actions-runner\_diag'
[2025-11-20 09:46:56Z INFO JobExtension] Initialize Env context
[2025-11-20 09:46:56Z INFO JobExtension] Initialize steps context
[2025-11-20 09:46:56Z INFO JobExtension] Support log upload starting.
[2025-11-20 09:46:56Z INFO HostContext] Well known directory 'Bin': 'C:\Projects\unity-build-pipeline\actions-runner\bin'
[2025-11-20 09:46:56Z INFO HostContext] Well known directory 'Root': 'C:\Projects\unity-build-pipeline\actions-runner'
[2025-11-20 09:46:56Z INFO HostContext] Well known directory 'Work': 'C:\Projects\unity-build-pipeline\actions-runner\_work'
[2025-11-20 09:46:56Z INFO HostContext] Well known directory 'Temp': 'C:\Projects\unity-build-pipeline\actions-runner\_work\_temp'
[2025-11-20 09:46:56Z INFO HostContext] Well known directory 'Bin': 'C:\Projects\unity-build-pipeline\actions-runner\bin'
[2025-11-20 09:46:56Z INFO HostContext] Well known directory 'Root': 'C:\Projects\unity-build-pipeline\actions-runner'
[2025-11-20 09:46:56Z INFO HostContext] Well known directory 'Diag': 'C:\Projects\unity-build-pipeline\actions-runner\_diag'
[2025-11-20 09:46:56Z INFO HostContext] Well known directory 'Bin': 'C:\Projects\unity-build-pipeline\actions-runner\bin'
[2025-11-20 09:46:56Z INFO HostContext] Well known directory 'Root': 'C:\Projects\unity-build-pipeline\actions-runner'
[2025-11-20 09:46:56Z INFO HostContext] Well known directory 'Diag': 'C:\Projects\unity-build-pipeline\actions-runner\_diag'
[2025-11-20 09:46:56Z INFO JobExtension] Support log upload complete.
[2025-11-20 09:46:56Z INFO JobExtension] Total accessible running process: 388.
[2025-11-20 09:46:56Z INFO JobExtension] Inspecting process environment variables. PID: 105152 (chrome)
[2025-11-20 09:46:56Z INFO JobExtension] Inspecting process environment variables. PID: 104632 (svchost)
[2025-11-20 09:46:56Z WARN JobExtension] Ignore exception during read process environment variables: Access is denied.
[2025-11-20 09:46:56Z INFO JobExtension] Inspecting process environment variables. PID: 12608 (chrome)
[2025-11-20 09:46:56Z INFO JobExtension] Inspecting process environment variables. PID: 76520 (java)
[2025-11-20 09:46:56Z INFO JobExtension] Inspecting process environment variables. PID: 58732 (SearchProtocolHost)
[2025-11-20 09:46:56Z INFO JobExtension] Inspecting process environment variables. PID: 36860 (chrome)
[2025-11-20 09:46:56Z INFO ExecutionContext] Publish step telemetry for current step {
  "action": "complete_job",
  "type": "runner",
  "stage": "Post",
  "stepId": "90762b7b-8456-4346-8842-54e3f9c4e0ee",
  "result": "succeeded",
  "errorMessages": [],
  "executionTimeInSeconds": 1,
  "startTime": "2025-11-20T09:46:56.6802543Z",
  "finishTime": "2025-11-20T09:46:56.774866Z"
***.
[2025-11-20 09:46:56Z INFO JobRunner] Job result after all job steps finish: Succeeded
[2025-11-20 09:46:56Z INFO JobRunner] Completing the job execution context.
[2025-11-20 09:46:56Z INFO JobRunner] Shutting down the job server queue.
[2025-11-20 09:46:56Z INFO JobServerQueue] Fire signal to shutdown all queues.
[2025-11-20 09:46:57Z INFO JobServerQueue] All queue process task stopped.
[2025-11-20 09:46:57Z INFO JobServerQueue] Try to append 1 batches web console lines for record 'b4344dd0-1b87-4e44-a569-1b82e15993eb', success rate: 1/1.
[2025-11-20 09:46:57Z INFO JobServerQueue] Try to append 1 batches web console lines for record '90762b7b-8456-4346-8842-54e3f9c4e0ee', success rate: 1/1.
[2025-11-20 09:46:57Z INFO JobServerQueue] Try to append 1 batches web console lines for record '8edd0b86-7b9f-5c0a-8477-097a9b3f14fe', success rate: 1/1.
[2025-11-20 09:46:57Z INFO JobServerQueue] Web console line queue drained.
[2025-11-20 09:46:57Z INFO JobServerQueue] Uploading 5 files in one shot.
[2025-11-20 09:46:57Z INFO JobServerQueue] Try to upload 5 log files or attachments, success rate: 5/5.
[2025-11-20 09:46:57Z INFO JobServerQueue] File upload queue drained.
[2025-11-20 09:46:57Z INFO JobServerQueue] Starting results-based upload queue...
[2025-11-20 09:46:57Z INFO JobServerQueue] Uploading 4 file(s) in one shot through results service.
[2025-11-20 09:46:57Z INFO JobServerQueue] Got a step log file to send to results service.
[2025-11-20 09:46:57Z INFO JobServerQueue] Starting upload of step log file to results service ResultsLog, C:\Projects\unity-build-pipeline\actions-runner\_diag\blocks\a99415f1-ef27-4f65-b3a2-76a9713c4adb_b4344dd0-1b87-4e44-a569-1b82e15993eb.1
[2025-11-20 09:46:58Z INFO JobServerQueue] Starting to upload diagnostic logs file to results service Build UnknownBuildNumber-build.zip, C:\Projects\unity-build-pipeline\actions-runner\_work\_temp\__default-support\Build UnknownBuildNumber-build.zip
[2025-11-20 09:46:59Z INFO JobServerQueue] Got a step log file to send to results service.
[2025-11-20 09:46:59Z INFO JobServerQueue] Starting upload of step log file to results service ResultsLog, C:\Projects\unity-build-pipeline\actions-runner\_diag\blocks\a99415f1-ef27-4f65-b3a2-76a9713c4adb_90762b7b-8456-4346-8842-54e3f9c4e0ee.1
[2025-11-20 09:47:01Z INFO JobServerQueue] Got a job log file to send to results service.
[2025-11-20 09:47:01Z INFO JobServerQueue] Starting upload of job log file to results service ResultsLog, C:\Projects\unity-build-pipeline\actions-runner\_diag\blocks\a99415f1-ef27-4f65-b3a2-76a9713c4adb_8edd0b86-7b9f-5c0a-8477-097a9b3f14fe.1
[2025-11-20 09:47:03Z INFO JobServerQueue] Tried to upload 4 file(s) to results, success rate: 4/4.
[2025-11-20 09:47:03Z INFO JobServerQueue] Results upload queue drained.
[2025-11-20 09:47:04Z INFO JobServerQueue] Timeline update queue drained.
[2025-11-20 09:47:04Z INFO JobServerQueue] Disposing job server ...
[2025-11-20 09:47:04Z INFO JobServerQueue] Disposing results server ...
[2025-11-20 09:47:04Z INFO JobServerQueue] All queue process tasks have been stopped, and all queues are drained.
[2025-11-20 09:47:04Z INFO TempDirectoryManager] Cleaning runner temp folder: C:\Projects\unity-build-pipeline\actions-runner\_work\_temp
[2025-11-20 09:47:04Z INFO HostContext] Well known directory 'Bin': 'C:\Projects\unity-build-pipeline\actions-runner\bin'
[2025-11-20 09:47:04Z INFO HostContext] Well known directory 'Root': 'C:\Projects\unity-build-pipeline\actions-runner'
[2025-11-20 09:47:04Z INFO HostContext] Well known directory 'Diag': 'C:\Projects\unity-build-pipeline\actions-runner\_diag'
[2025-11-20 09:47:04Z INFO HostContext] Well known config file 'Telemetry': 'C:\Projects\unity-build-pipeline\actions-runner\_diag\.telemetry'
[2025-11-20 09:47:04Z INFO JobRunner] Raising job completed against run service
[2025-11-20 09:47:06Z INFO Worker] Job completed.
