[2025-11-20 09:52:25Z INFO HostContext] No proxy settings were found based on environmental variables (http_proxy/https_proxy/HTTP_PROXY/HTTPS_PROXY)
[2025-11-20 09:52:25Z INFO HostContext] Well known directory 'Bin': 'C:\Projects\unity-build-pipeline\actions-runner\bin'
[2025-11-20 09:52:25Z INFO HostContext] Well known directory 'Root': 'C:\Projects\unity-build-pipeline\actions-runner'
[2025-11-20 09:52:25Z INFO HostContext] Well known config file 'Credentials': 'C:\Projects\unity-build-pipeline\actions-runner\.credentials'
[2025-11-20 09:52:25Z INFO HostContext] Well known directory 'Bin': 'C:\Projects\unity-build-pipeline\actions-runner\bin'
[2025-11-20 09:52:25Z INFO HostContext] Well known directory 'Root': 'C:\Projects\unity-build-pipeline\actions-runner'
[2025-11-20 09:52:25Z INFO HostContext] Well known config file 'Runner': 'C:\Projects\unity-build-pipeline\actions-runner\.runner'
[2025-11-20 09:52:25Z INFO Worker] Version: 2.329.0
[2025-11-20 09:52:25Z INFO Worker] Commit: c76c59996c8fa32e989164a5a695efb12608ae5a
[2025-11-20 09:52:25Z INFO Worker] Culture: en-PK
[2025-11-20 09:52:25Z INFO Worker] UI Culture: en-US
[2025-11-20 09:52:25Z INFO Worker] Waiting to receive the job message from the channel.
[2025-11-20 09:52:25Z INFO ProcessChannel] Receiving message of length 21289, with hash '55e6ae46c9618167e13e5cdfeccefd7cf757638d41d9e5a5a76b991aa485e5c9'
[2025-11-20 09:52:25Z INFO Worker] Message received.
[2025-11-20 09:52:25Z INFO Worker] Job message:
 {
  "fileTable": [
    ".github/workflows/unity-build.yml"
  ],
  "mask": [
    {
      "type": "regex",
      "value": "***"
    ***,
    {
      "type": "regex",
      "value": "***"
    ***,
    {
      "type": "regex",
      "value": "***"
    ***,
    {
      "type": "regex",
      "value": "***"
    ***,
    {
      "type": "regex",
      "value": "***"
    ***,
    {
      "type": "regex",
      "value": "***"
    ***,
    {
      "type": "regex",
      "value": "***"
    ***,
    {
      "type": "regex",
      "value": "***"
    ***,
    {
      "type": "regex",
      "value": "***"
    ***,
    {
      "type": "regex",
      "value": "***"
    ***,
    {
      "type": "regex",
      "value": "***"
    ***,
    {
      "type": "regex",
      "value": "***"
    ***,
    {
      "type": "regex",
      "value": "***"
    ***,
    {
      "type": "regex",
      "value": "***"
    ***,
    {
      "type": "regex",
      "value": "***"
    ***,
    {
      "type": "regex",
      "value": "***"
    ***,
    {
      "type": "regex",
      "value": "***"
    ***,
    {
      "type": "regex",
      "value": "***"
    ***
  ],
  "steps": [
    {
      "type": "action",
      "reference": {
        "type": "repository",
        "name": "actions/checkout",
        "ref": "v4",
        "repositoryType": "GitHub"
      ***,
      "displayNameToken": {
        "type": 0,
        "file": 1,
        "line": 11,
        "col": 15,
        "lit": "Checkout repo with private submodule authentication"
      ***,
      "contextName": "__actions_checkout",
      "inputs": {
        "type": 2,
        "file": 1,
        "line": 14,
        "col": 11,
        "map": [
          {
            "key": {
              "type": 0,
              "file": 1,
              "line": 14,
              "col": 11,
              "lit": "token"
            ***,
            "value": {
              "type": 3,
              "file": 1,
              "line": 14,
              "col": 18,
              "expr": "secrets.PRIVATE_REPO_ACCESS_TOKEN"
            ***
          ***,
          {
            "key": {
              "type": 0,
              "file": 1,
              "line": 15,
              "col": 11,
              "lit": "submodules"
            ***,
            "value": {
              "type": 0,
              "file": 1,
              "line": 15,
              "col": 23,
              "lit": "true"
            ***
          ***,
          {
            "key": {
              "type": 0,
              "file": 1,
              "line": 16,
              "col": 11,
              "lit": "persist-credentials"
            ***,
            "value": {
              "type": 0,
              "file": 1,
              "line": 16,
              "col": 32,
              "lit": "true"
            ***
          ***
        ]
      ***,
      "condition": "success()",
      "id": "1477e453-34ed-41b5-9cb8-a04da31c93c6",
      "name": "__actions_checkout"
    ***,
    {
      "type": "action",
      "reference": {
        "type": "script"
      ***,
      "displayNameToken": {
        "type": 0,
        "file": 1,
        "line": 18,
        "col": 15,
        "lit": "Run Unity Build"
      ***,
      "contextName": "__run",
      "inputs": {
        "type": 2,
        "map": [
          {
            "key": "script",
            "value": {
              "type": 0,
              "file": 1,
              "line": 20,
              "col": 14,
              "lit": "call C:\\Users\\Aaron\\Desktop\\Builds\\TestBuildAndroid.bat\n"
            ***
          ***,
          {
            "key": "shell",
            "value": {
              "type": 0,
              "file": 1,
              "line": 19,
              "col": 16,
              "lit": "cmd"
            ***
          ***
        ]
      ***,
      "condition": "success()",
      "id": "41a4e988-d6fc-4e48-b6b3-7ee309e62b21",
      "name": "__run"
    ***,
    {
      "type": "action",
      "reference": {
        "type": "script"
      ***,
      "displayNameToken": {
        "type": 0,
        "file": 1,
        "line": 23,
        "col": 15,
        "lit": "Upload build to Google Drive"
      ***,
      "contextName": "__run_2",
      "environment": {
        "type": 2,
        "file": 1,
        "line": 26,
        "col": 11,
        "map": [
          {
            "key": {
              "type": 0,
              "file": 1,
              "line": 26,
              "col": 11,
              "lit": "RCLONE_CONFIG_GDRIVE_TOKEN"
            ***,
            "value": {
              "type": 3,
              "file": 1,
              "line": 26,
              "col": 39,
              "expr": "secrets.RCLONE_GDRIVE_TOKEN"
            ***
          ***
        ]
      ***,
      "inputs": {
        "type": 2,
        "map": [
          {
            "key": "script",
            "value": {
              "type": 0,
              "file": 1,
              "line": 27,
              "col": 14,
              "lit": "REM Replace the path below with your local build output folder\nset BUILD_PATH=C:\\Users\\Aaron\\Desktop\\Builds\\Builds\nREM Upload to your Google Drive folder\nC:\\rclone\\rclone.exe copy \"%BUILD_PATH%\" gdrive:/ --drive-root-folder-id 1bI--U7S70jspBkr7cgY8IBMkFAZqzkoM --progress\n"
            ***
          ***,
          {
            "key": "shell",
            "value": {
              "type": 0,
              "file": 1,
              "line": 24,
              "col": 16,
              "lit": "cmd"
            ***
          ***
        ]
      ***,
      "condition": "success()",
      "id": "b4f69f42-813c-4b18-9a9a-050ae6ea4b90",
      "name": "__run_2"
    ***,
    {
      "type": "action",
      "reference": {
        "type": "repository",
        "name": "rtCamp/action-slack-notify",
        "ref": "v2",
        "repositoryType": "GitHub"
      ***,
      "displayNameToken": {
        "type": 0,
        "file": 1,
        "line": 34,
        "col": 15,
        "lit": "Send Slack Notification"
      ***,
      "contextName": "__rtCamp_action-slack-notify",
      "environment": {
        "type": 2,
        "file": 1,
        "line": 39,
        "col": 11,
        "map": [
          {
            "key": {
              "type": 0,
              "file": 1,
              "line": 39,
              "col": 11,
              "lit": "SLACK_WEBHOOK"
            ***,
            "value": {
              "type": 3,
              "file": 1,
              "line": 39,
              "col": 26,
              "expr": "secrets.SLACK_WEBHOOK_URL"
            ***
          ***,
          {
            "key": {
              "type": 0,
              "file": 1,
              "line": 42,
              "col": 11,
              "lit": "MSG_PRETEXT"
            ***,
            "value": {
              "type": 3,
              "file": 1,
              "line": 42,
              "col": 24,
              "expr": "format('{0***\n', job.status == 'success' && ':white_check_mark: BUILD & UPLOAD SUCCESS' || ':x: BUILD OR UPLOAD FAILED')"
            ***
          ***,
          {
            "key": {
              "type": 0,
              "file": 1,
              "line": 45,
              "col": 11,
              "lit": "MSG_COLOR"
            ***,
            "value": {
              "type": 3,
              "file": 1,
              "line": 45,
              "col": 22,
              "expr": "format('{0*** # ''good'' is green, ''danger'' is red\n', job.status == 'success' && 'good' || 'danger')"
            ***
          ***,
          {
            "key": {
              "type": 0,
              "file": 1,
              "line": 48,
              "col": 11,
              "lit": "SLACK_MESSAGE"
            ***,
            "value": {
              "type": 3,
              "file": 1,
              "line": 48,
              "col": 26,
              "expr": "format('*Workflow:* `{0***`\n*Result:* *{1****\n*Branch:* `{2***`\n<{3***/{4***/actions/runs/{5***|:mag: View Full Log on GitHub>', github.workflow, job.status, github.ref_name, github.server_url, github.repository, github.run_id)"
            ***
          ***
        ]
      ***,
      "condition": "always()",
      "id": "72b79338-c984-4666-ac31-975cc3cc1501",
      "name": "__rtCamp_action-slack-notify"
    ***
  ],
  "variables": {
    "Actions.EnableHttpRedirects": {
      "value": "true"
    ***,
    "DistributedTask.AddWarningToNode12Action": {
      "value": "true"
    ***,
    "DistributedTask.AddWarningToNode16Action": {
      "value": "true"
    ***,
    "DistributedTask.AllowRunnerContainerHooks": {
      "value": "true"
    ***,
    "DistributedTask.DeprecateStepOutputCommands": {
      "value": "true"
    ***,
    "DistributedTask.DetailUntarFailure": {
      "value": "true"
    ***,
    "DistributedTask.EnableCompositeActions": {
      "value": "true"
    ***,
    "DistributedTask.EnableJobServerQueueTelemetry": {
      "value": "true"
    ***,
    "DistributedTask.EnhancedAnnotations": {
      "value": "true"
    ***,
    "DistributedTask.ForceGithubJavascriptActionsToNode16": {
      "value": "true"
    ***,
    "DistributedTask.ForceGithubJavascriptActionsToNode20": {
      "value": "true"
    ***,
    "DistributedTask.LogTemplateErrorsAsDebugMessages": {
      "value": "true"
    ***,
    "DistributedTask.MarkJobAsFailedOnWorkerCrash": {
      "value": "true"
    ***,
    "DistributedTask.NewActionMetadata": {
      "value": "true"
    ***,
    "DistributedTask.UploadStepSummary": {
      "value": "true"
    ***,
    "DistributedTask.UseActionArchiveCache": {
      "value": "true"
    ***,
    "DistributedTask.UseWhich2": {
      "value": "true"
    ***,
    "PRIVATE_REPO_ACCESS_TOKEN": {
      "value": "***",
      "isSecret": true
    ***,
    "RCLONE_GDRIVE_TOKEN": {
      "value": "***",
      "isSecret": true
    ***,
    "RunService.FixEmbeddedIssues": {
      "value": "true"
    ***,
    "SLACK_WEBHOOK_URL": {
      "value": "***",
      "isSecret": true
    ***,
    "actions_add_check_run_id_to_job_context": {
      "value": "true"
    ***,
    "actions_container_action_runner_temp": {
      "value": "false"
    ***,
    "actions_display_helpful_actions_download_errors": {
      "value": "true"
    ***,
    "actions_skip_retry_complete_job_upon_known_errors": {
      "value": "true"
    ***,
    "actions_uses_cache_service_v2": {
      "value": "true"
    ***,
    "github_token": {
      "value": "***",
      "isSecret": true
    ***,
    "system.from_run_service": {
      "value": "true"
    ***,
    "system.github.job": {
      "value": "build"
    ***,
    "system.github.launch_endpoint": {
      "value": "https://launch.actions.githubusercontent.com"
    ***,
    "system.github.results_endpoint": {
      "value": "https://results-receiver.actions.githubusercontent.com/"
    ***,
    "system.github.results_upload_with_sdk": {
      "value": "true"
    ***,
    "system.github.token": {
      "value": "***",
      "isSecret": true
    ***,
    "system.github.token.permissions": {
      "value": "{\"Contents\":\"read\",\"Metadata\":\"read\",\"Packages\":\"read\"***"
    ***,
    "system.orchestrationId": {
      "value": "a025a58e-34c9-45a3-97e4-1789d5323469.build.__default"
    ***,
    "system.phaseDisplayName": {
      "value": "build"
    ***,
    "system.runner.lowdiskspacethreshold": {
      "value": "100"
    ***,
    "system.runnerEnvironment": {
      "value": "self-hosted"
    ***,
    "system.runnerGroupName": {
      "value": "Default"
    ***
  ***,
  "messageType": "RunnerJobRequest",
  "plan": {
    "scopeIdentifier": "00000000-0000-0000-0000-000000000000",
    "planType": "actions",
    "version": 0,
    "planId": "a025a58e-34c9-45a3-97e4-1789d5323469",
    "planGroup": null,
    "artifactUri": null,
    "artifactLocation": null,
    "definition": null,
    "owner": null
  ***,
  "timeline": {
    "id": "a025a58e-34c9-45a3-97e4-1789d5323469",
    "changeId": 0,
    "location": null
  ***,
  "jobId": "83b2ceca-3548-5542-90e6-05c20fe8cd6a",
  "jobDisplayName": "build",
  "jobName": "__default",
  "requestId": 0,
  "lockedUntil": "0001-01-01T00:00:00",
  "resources": {
    "endpoints": [
      {
        "data": {
          "ServerId": "",
          "ServerName": "",
          "CacheServerUrl": "https://artifactcache.actions.githubusercontent.com/vSVftLgodSJ2diePV08cjkEtdQyiOueGsCbkZNPWZuZoHP3cDj/",
          "FeedStreamUrl": "wss://results-receiver.actions.githubusercontent.com/_ws/ingest.sock",
          "ResultsServiceUrl": "https://results-receiver.actions.githubusercontent.com/",
          "PipelinesServiceUrl": "https://pipelinesghubeus15.actions.githubusercontent.com/vSVftLgodSJ2diePV08cjkEtdQyiOueGsCbkZNPWZuZoHP3cDj/",
          "GenerateIdTokenUrl": ""
        ***,
        "name": "SystemVssConnection",
        "url": "https://run-actions-2-azure-eastus.actions.githubusercontent.com/74/",
        "authorization": {
          "parameters": {
            "AccessToken": "***"
          ***,
          "scheme": "OAuth"
        ***,
        "isShared": false,
        "isReady": true
      ***
    ]
  ***,
  "contextData": {
    "github": {
      "t": 2,
      "d": [
        {
          "k": "ref",
          "v": "refs/heads/main"
        ***,
        {
          "k": "sha",
          "v": "c133135ef6e14f7689d63b94417515ea94291165"
        ***,
        {
          "k": "repository",
          "v": "AliAhmad1600/unity-build-pipeline"
        ***,
        {
          "k": "repository_owner",
          "v": "AliAhmad1600"
        ***,
        {
          "k": "repository_owner_id",
          "v": "167503690"
        ***,
        {
          "k": "repositoryUrl",
          "v": "git://github.com/AliAhmad1600/unity-build-pipeline.git"
        ***,
        {
          "k": "run_id",
          "v": "19532690648"
        ***,
        {
          "k": "run_number",
          "v": "20"
        ***,
        {
          "k": "retention_days",
          "v": "90"
        ***,
        {
          "k": "run_attempt",
          "v": "1"
        ***,
        {
          "k": "artifact_cache_size_limit",
          "v": "10"
        ***,
        {
          "k": "repository_visibility",
          "v": "public"
        ***,
        {
          "k": "actor_id",
          "v": "167503690"
        ***,
        {
          "k": "actor",
          "v": "AliAhmad1600"
        ***,
        {
          "k": "workflow",
          "v": "Unity Build and Upload"
        ***,
        {
          "k": "head_ref",
          "v": ""
        ***,
        {
          "k": "base_ref",
          "v": ""
        ***,
        {
          "k": "event_name",
          "v": "workflow_dispatch"
        ***,
        {
          "k": "server_url",
          "v": "https://github.com"
        ***,
        {
          "k": "api_url",
          "v": "https://api.github.com"
        ***,
        {
          "k": "graphql_url",
          "v": "https://api.github.com/graphql"
        ***,
        {
          "k": "ref_name",
          "v": "main"
        ***,
        {
          "k": "ref_protected",
          "v": false
        ***,
        {
          "k": "ref_type",
          "v": "branch"
        ***,
        {
          "k": "secret_source",
          "v": "Actions"
        ***,
        {
          "k": "event",
          "v": {
            "t": 2,
            "d": [
              {
                "k": "inputs",
                "v": null
              ***,
              {
                "k": "ref",
                "v": "refs/heads/main"
              ***,
              {
                "k": "repository",
                "v": {
                  "t": 2,
                  "d": [
                    {
                      "k": "allow_forking",
                      "v": true
                    ***,
                    {
                      "k": "archive_url",
                      "v": "https://api.github.com/repos/AliAhmad1600/unity-build-pipeline/{archive_format***{/ref***"
                    ***,
                    {
                      "k": "archived",
                      "v": false
                    ***,
                    {
                      "k": "assignees_url",
                      "v": "https://api.github.com/repos/AliAhmad1600/unity-build-pipeline/assignees{/user***"
                    ***,
                    {
                      "k": "blobs_url",
                      "v": "https://api.github.com/repos/AliAhmad1600/unity-build-pipeline/git/blobs{/sha***"
                    ***,
                    {
                      "k": "branches_url",
                      "v": "https://api.github.com/repos/AliAhmad1600/unity-build-pipeline/branches{/branch***"
                    ***,
                    {
                      "k": "clone_url",
                      "v": "https://github.com/AliAhmad1600/unity-build-pipeline.git"
                    ***,
                    {
                      "k": "collaborators_url",
                      "v": "https://api.github.com/repos/AliAhmad1600/unity-build-pipeline/collaborators{/collaborator***"
                    ***,
                    {
                      "k": "comments_url",
                      "v": "https://api.github.com/repos/AliAhmad1600/unity-build-pipeline/comments{/number***"
                    ***,
                    {
                      "k": "commits_url",
                      "v": "https://api.github.com/repos/AliAhmad1600/unity-build-pipeline/commits{/sha***"
                    ***,
                    {
                      "k": "compare_url",
                      "v": "https://api.github.com/repos/AliAhmad1600/unity-build-pipeline/compare/{base***...{head***"
                    ***,
                    {
                      "k": "contents_url",
                      "v": "https://api.github.com/repos/AliAhmad1600/unity-build-pipeline/contents/{+path***"
                    ***,
                    {
                      "k": "contributors_url",
                      "v": "https://api.github.com/repos/AliAhmad1600/unity-build-pipeline/contributors"
                    ***,
                    {
                      "k": "created_at",
                      "v": "2025-11-11T11:30:32Z"
                    ***,
                    {
                      "k": "default_branch",
                      "v": "main"
                    ***,
                    {
                      "k": "deployments_url",
                      "v": "https://api.github.com/repos/AliAhmad1600/unity-build-pipeline/deployments"
                    ***,
                    {
                      "k": "description",
                      "v": "its build pipeline that is publicly available."
                    ***,
                    {
                      "k": "disabled",
                      "v": false
                    ***,
                    {
                      "k": "downloads_url",
                      "v": "https://api.github.com/repos/AliAhmad1600/unity-build-pipeline/downloads"
                    ***,
                    {
                      "k": "events_url",
                      "v": "https://api.github.com/repos/AliAhmad1600/unity-build-pipeline/events"
                    ***,
                    {
                      "k": "fork",
                      "v": false
                    ***,
                    {
                      "k": "forks",
                      "v": 0.0
                    ***,
                    {
                      "k": "forks_count",
                      "v": 0.0
                    ***,
                    {
                      "k": "forks_url",
                      "v": "https://api.github.com/repos/AliAhmad1600/unity-build-pipeline/forks"
                    ***,
                    {
                      "k": "full_name",
                      "v": "AliAhmad1600/unity-build-pipeline"
                    ***,
                    {
                      "k": "git_commits_url",
                      "v": "https://api.github.com/repos/AliAhmad1600/unity-build-pipeline/git/commits{/sha***"
                    ***,
                    {
                      "k": "git_refs_url",
                      "v": "https://api.github.com/repos/AliAhmad1600/unity-build-pipeline/git/refs{/sha***"
                    ***,
                    {
                      "k": "git_tags_url",
                      "v": "https://api.github.com/repos/AliAhmad1600/unity-build-pipeline/git/tags{/sha***"
                    ***,
                    {
                      "k": "git_url",
                      "v": "git://github.com/AliAhmad1600/unity-build-pipeline.git"
                    ***,
                    {
                      "k": "has_discussions",
                      "v": false
                    ***,
                    {
                      "k": "has_downloads",
                      "v": true
                    ***,
                    {
                      "k": "has_issues",
                      "v": true
                    ***,
                    {
                      "k": "has_pages",
                      "v": false
                    ***,
                    {
                      "k": "has_projects",
                      "v": true
                    ***,
                    {
                      "k": "has_wiki",
                      "v": true
                    ***,
                    {
                      "k": "homepage",
                      "v": null
                    ***,
                    {
                      "k": "hooks_url",
                      "v": "https://api.github.com/repos/AliAhmad1600/unity-build-pipeline/hooks"
                    ***,
                    {
                      "k": "html_url",
                      "v": "https://github.com/AliAhmad1600/unity-build-pipeline"
                    ***,
                    {
                      "k": "id",
                      "v": 1094189050.0
                    ***,
                    {
                      "k": "is_template",
                      "v": false
                    ***,
                    {
                      "k": "issue_comment_url",
                      "v": "https://api.github.com/repos/AliAhmad1600/unity-build-pipeline/issues/comments{/number***"
                    ***,
                    {
                      "k": "issue_events_url",
                      "v": "https://api.github.com/repos/AliAhmad1600/unity-build-pipeline/issues/events{/number***"
                    ***,
                    {
                      "k": "issues_url",
                      "v": "https://api.github.com/repos/AliAhmad1600/unity-build-pipeline/issues{/number***"
                    ***,
                    {
                      "k": "keys_url",
                      "v": "https://api.github.com/repos/AliAhmad1600/unity-build-pipeline/keys{/key_id***"
                    ***,
                    {
                      "k": "labels_url",
                      "v": "https://api.github.com/repos/AliAhmad1600/unity-build-pipeline/labels{/name***"
                    ***,
                    {
                      "k": "language",
                      "v": "JavaScript"
                    ***,
                    {
                      "k": "languages_url",
                      "v": "https://api.github.com/repos/AliAhmad1600/unity-build-pipeline/languages"
                    ***,
                    {
                      "k": "license",
                      "v": null
                    ***,
                    {
                      "k": "merges_url",
                      "v": "https://api.github.com/repos/AliAhmad1600/unity-build-pipeline/merges"
                    ***,
                    {
                      "k": "milestones_url",
                      "v": "https://api.github.com/repos/AliAhmad1600/unity-build-pipeline/milestones{/number***"
                    ***,
                    {
                      "k": "mirror_url",
                      "v": null
                    ***,
                    {
                      "k": "name",
                      "v": "unity-build-pipeline"
                    ***,
                    {
                      "k": "node_id",
                      "v": "R_kgDOQTf_-g"
                    ***,
                    {
                      "k": "notifications_url",
                      "v": "https://api.github.com/repos/AliAhmad1600/unity-build-pipeline/notifications{?since,all,participating***"
                    ***,
                    {
                      "k": "open_issues",
                      "v": 0.0
                    ***,
                    {
                      "k": "open_issues_count",
                      "v": 0.0
                    ***,
                    {
                      "k": "owner",
                      "v": {
                        "t": 2,
                        "d": [
                          {
                            "k": "avatar_url",
                            "v": "https://avatars.githubusercontent.com/u/167503690?v=4"
                          ***,
                          {
                            "k": "events_url",
                            "v": "https://api.github.com/users/AliAhmad1600/events{/privacy***"
                          ***,
                          {
                            "k": "followers_url",
                            "v": "https://api.github.com/users/AliAhmad1600/followers"
                          ***,
                          {
                            "k": "following_url",
                            "v": "https://api.github.com/users/AliAhmad1600/following{/other_user***"
                          ***,
                          {
                            "k": "gists_url",
                            "v": "https://api.github.com/users/AliAhmad1600/gists{/gist_id***"
                          ***,
                          {
                            "k": "gravatar_id",
                            "v": ""
                          ***,
                          {
                            "k": "html_url",
                            "v": "https://github.com/AliAhmad1600"
                          ***,
                          {
                            "k": "id",
                            "v": 167503690.0
                          ***,
                          {
                            "k": "login",
                            "v": "AliAhmad1600"
                          ***,
                          {
                            "k": "node_id",
                            "v": "U_kgDOCfvnSg"
                          ***,
                          {
                            "k": "organizations_url",
                            "v": "https://api.github.com/users/AliAhmad1600/orgs"
                          ***,
                          {
                            "k": "received_events_url",
                            "v": "https://api.github.com/users/AliAhmad1600/received_events"
                          ***,
                          {
                            "k": "repos_url",
                            "v": "https://api.github.com/users/AliAhmad1600/repos"
                          ***,
                          {
                            "k": "site_admin",
                            "v": false
                          ***,
                          {
                            "k": "starred_url",
                            "v": "https://api.github.com/users/AliAhmad1600/starred{/owner***{/repo***"
                          ***,
                          {
                            "k": "subscriptions_url",
                            "v": "https://api.github.com/users/AliAhmad1600/subscriptions"
                          ***,
                          {
                            "k": "type",
                            "v": "User"
                          ***,
                          {
                            "k": "url",
                            "v": "https://api.github.com/users/AliAhmad1600"
                          ***,
                          {
                            "k": "user_view_type",
                            "v": "public"
                          ***
                        ]
                      ***
                    ***,
                    {
                      "k": "private",
                      "v": false
                    ***,
                    {
                      "k": "pulls_url",
                      "v": "https://api.github.com/repos/AliAhmad1600/unity-build-pipeline/pulls{/number***"
                    ***,
                    {
                      "k": "pushed_at",
                      "v": "2025-11-20T09:51:48Z"
                    ***,
                    {
                      "k": "releases_url",
                      "v": "https://api.github.com/repos/AliAhmad1600/unity-build-pipeline/releases{/id***"
                    ***,
                    {
                      "k": "size",
                      "v": 176037.0
                    ***,
                    {
                      "k": "ssh_url",
                      "v": "git@github.com:AliAhmad1600/unity-build-pipeline.git"
                    ***,
                    {
                      "k": "stargazers_count",
                      "v": 0.0
                    ***,
                    {
                      "k": "stargazers_url",
                      "v": "https://api.github.com/repos/AliAhmad1600/unity-build-pipeline/stargazers"
                    ***,
                    {
                      "k": "statuses_url",
                      "v": "https://api.github.com/repos/AliAhmad1600/unity-build-pipeline/statuses/{sha***"
                    ***,
                    {
                      "k": "subscribers_url",
                      "v": "https://api.github.com/repos/AliAhmad1600/unity-build-pipeline/subscribers"
                    ***,
                    {
                      "k": "subscription_url",
                      "v": "https://api.github.com/repos/AliAhmad1600/unity-build-pipeline/subscription"
                    ***,
                    {
                      "k": "svn_url",
                      "v": "https://github.com/AliAhmad1600/unity-build-pipeline"
                    ***,
                    {
                      "k": "tags_url",
                      "v": "https://api.github.com/repos/AliAhmad1600/unity-build-pipeline/tags"
                    ***,
                    {
                      "k": "teams_url",
                      "v": "https://api.github.com/repos/AliAhmad1600/unity-build-pipeline/teams"
                    ***,
                    {
                      "k": "topics",
                      "v": {
                        "t": 1
                      ***
                    ***,
                    {
                      "k": "trees_url",
                      "v": "https://api.github.com/repos/AliAhmad1600/unity-build-pipeline/git/trees{/sha***"
                    ***,
                    {
                      "k": "updated_at",
                      "v": "2025-11-20T09:51:51Z"
                    ***,
                    {
                      "k": "url",
                      "v": "https://api.github.com/repos/AliAhmad1600/unity-build-pipeline"
                    ***,
                    {
                      "k": "visibility",
                      "v": "public"
                    ***,
                    {
                      "k": "watchers",
                      "v": 0.0
                    ***,
                    {
                      "k": "watchers_count",
                      "v": 0.0
                    ***,
                    {
                      "k": "web_commit_signoff_required",
                      "v": false
                    ***
                  ]
                ***
              ***,
              {
                "k": "sender",
                "v": {
                  "t": 2,
                  "d": [
                    {
                      "k": "avatar_url",
                      "v": "https://avatars.githubusercontent.com/u/167503690?v=4"
                    ***,
                    {
                      "k": "events_url",
                      "v": "https://api.github.com/users/AliAhmad1600/events{/privacy***"
                    ***,
                    {
                      "k": "followers_url",
                      "v": "https://api.github.com/users/AliAhmad1600/followers"
                    ***,
                    {
                      "k": "following_url",
                      "v": "https://api.github.com/users/AliAhmad1600/following{/other_user***"
                    ***,
                    {
                      "k": "gists_url",
                      "v": "https://api.github.com/users/AliAhmad1600/gists{/gist_id***"
                    ***,
                    {
                      "k": "gravatar_id",
                      "v": ""
                    ***,
                    {
                      "k": "html_url",
                      "v": "https://github.com/AliAhmad1600"
                    ***,
                    {
                      "k": "id",
                      "v": 167503690.0
                    ***,
                    {
                      "k": "login",
                      "v": "AliAhmad1600"
                    ***,
                    {
                      "k": "node_id",
                      "v": "U_kgDOCfvnSg"
                    ***,
                    {
                      "k": "organizations_url",
                      "v": "https://api.github.com/users/AliAhmad1600/orgs"
                    ***,
                    {
                      "k": "received_events_url",
                      "v": "https://api.github.com/users/AliAhmad1600/received_events"
                    ***,
                    {
                      "k": "repos_url",
                      "v": "https://api.github.com/users/AliAhmad1600/repos"
                    ***,
                    {
                      "k": "site_admin",
                      "v": false
                    ***,
                    {
                      "k": "starred_url",
                      "v": "https://api.github.com/users/AliAhmad1600/starred{/owner***{/repo***"
                    ***,
                    {
                      "k": "subscriptions_url",
                      "v": "https://api.github.com/users/AliAhmad1600/subscriptions"
                    ***,
                    {
                      "k": "type",
                      "v": "User"
                    ***,
                    {
                      "k": "url",
                      "v": "https://api.github.com/users/AliAhmad1600"
                    ***,
                    {
                      "k": "user_view_type",
                      "v": "public"
                    ***
                  ]
                ***
              ***,
              {
                "k": "workflow",
                "v": ".github/workflows/unity-build.yml"
              ***
            ]
          ***
        ***,
        {
          "k": "workflow_ref",
          "v": "AliAhmad1600/unity-build-pipeline/.github/workflows/unity-build.yml@refs/heads/main"
        ***,
        {
          "k": "workflow_sha",
          "v": "c133135ef6e14f7689d63b94417515ea94291165"
        ***,
        {
          "k": "repository_id",
          "v": "1094189050"
        ***,
        {
          "k": "triggering_actor",
          "v": "AliAhmad1600"
        ***
      ]
    ***,
    "inputs": {
      "t": 2
    ***,
    "job": {
      "t": 2,
      "d": [
        {
          "k": "check_run_id",
          "v": 55919206615.0
        ***
      ]
    ***,
    "matrix": null,
    "needs": {
      "t": 2
    ***,
    "strategy": {
      "t": 2,
      "d": [
        {
          "k": "fail-fast",
          "v": true
        ***,
        {
          "k": "job-index",
          "v": 0.0
        ***,
        {
          "k": "job-total",
          "v": 1.0
        ***,
        {
          "k": "max-parallel",
          "v": 1.0
        ***
      ]
    ***,
    "vars": {
      "t": 2
    ***
  ***,
  "billingOwnerId": "U_kgDOCfvnSg"
***
[2025-11-20 09:52:25Z INFO JobRunner] Job ID 83b2ceca-3548-5542-90e6-05c20fe8cd6a
[2025-11-20 09:52:25Z INFO ConfigurationStore] currentAssemblyLocation: C:\Projects\unity-build-pipeline\actions-runner\bin\Runner.Worker.dll
[2025-11-20 09:52:25Z INFO HostContext] Well known directory 'Bin': 'C:\Projects\unity-build-pipeline\actions-runner\bin'
[2025-11-20 09:52:25Z INFO ConfigurationStore] binPath: C:\Projects\unity-build-pipeline\actions-runner\bin
[2025-11-20 09:52:25Z INFO HostContext] Well known directory 'Bin': 'C:\Projects\unity-build-pipeline\actions-runner\bin'
[2025-11-20 09:52:25Z INFO HostContext] Well known directory 'Root': 'C:\Projects\unity-build-pipeline\actions-runner'
[2025-11-20 09:52:25Z INFO ConfigurationStore] RootFolder: C:\Projects\unity-build-pipeline\actions-runner
[2025-11-20 09:52:25Z INFO HostContext] Well known directory 'Bin': 'C:\Projects\unity-build-pipeline\actions-runner\bin'
[2025-11-20 09:52:25Z INFO HostContext] Well known directory 'Root': 'C:\Projects\unity-build-pipeline\actions-runner'
[2025-11-20 09:52:25Z INFO HostContext] Well known config file 'Runner': 'C:\Projects\unity-build-pipeline\actions-runner\.runner'
[2025-11-20 09:52:25Z INFO ConfigurationStore] ConfigFilePath: C:\Projects\unity-build-pipeline\actions-runner\.runner
[2025-11-20 09:52:25Z INFO HostContext] Well known directory 'Bin': 'C:\Projects\unity-build-pipeline\actions-runner\bin'
[2025-11-20 09:52:25Z INFO HostContext] Well known directory 'Root': 'C:\Projects\unity-build-pipeline\actions-runner'
[2025-11-20 09:52:25Z INFO HostContext] Well known config file 'MigratedRunner': 'C:\Projects\unity-build-pipeline\actions-runner\.runner_migrated'
[2025-11-20 09:52:25Z INFO ConfigurationStore] MigratedConfigFilePath: C:\Projects\unity-build-pipeline\actions-runner\.runner_migrated
[2025-11-20 09:52:25Z INFO HostContext] Well known directory 'Bin': 'C:\Projects\unity-build-pipeline\actions-runner\bin'
[2025-11-20 09:52:25Z INFO HostContext] Well known directory 'Root': 'C:\Projects\unity-build-pipeline\actions-runner'
[2025-11-20 09:52:25Z INFO HostContext] Well known config file 'Credentials': 'C:\Projects\unity-build-pipeline\actions-runner\.credentials'
[2025-11-20 09:52:25Z INFO ConfigurationStore] CredFilePath: C:\Projects\unity-build-pipeline\actions-runner\.credentials
[2025-11-20 09:52:25Z INFO HostContext] Well known directory 'Bin': 'C:\Projects\unity-build-pipeline\actions-runner\bin'
[2025-11-20 09:52:25Z INFO HostContext] Well known directory 'Root': 'C:\Projects\unity-build-pipeline\actions-runner'
[2025-11-20 09:52:25Z INFO HostContext] Well known config file 'MigratedCredentials': 'C:\Projects\unity-build-pipeline\actions-runner\.credentials_migrated'
[2025-11-20 09:52:25Z INFO ConfigurationStore] MigratedCredFilePath: C:\Projects\unity-build-pipeline\actions-runner\.credentials_migrated
[2025-11-20 09:52:25Z INFO HostContext] Well known directory 'Bin': 'C:\Projects\unity-build-pipeline\actions-runner\bin'
[2025-11-20 09:52:25Z INFO HostContext] Well known directory 'Root': 'C:\Projects\unity-build-pipeline\actions-runner'
[2025-11-20 09:52:25Z INFO HostContext] Well known config file 'Service': 'C:\Projects\unity-build-pipeline\actions-runner\.service'
[2025-11-20 09:52:25Z INFO ConfigurationStore] ServiceConfigFilePath: C:\Projects\unity-build-pipeline\actions-runner\.service
[2025-11-20 09:52:25Z INFO ConfigurationStore] Read setting file: 401 chars
[2025-11-20 09:52:25Z INFO JobRunner] Initializing launch client
[2025-11-20 09:52:25Z INFO JobServerQueue] Initializing results client
[2025-11-20 09:52:25Z INFO ResultServer] Creating websocket client ...wss://results-receiver.actions.githubusercontent.com/_ws/ingest.sock
[2025-11-20 09:52:25Z INFO ResultServer] Attempting to start websocket client with delay 00:00:00.
[2025-11-20 09:52:25Z INFO JobServerQueue] Start process web console line queue.
[2025-11-20 09:52:25Z INFO JobServerQueue] Start process file upload queue.
[2025-11-20 09:52:25Z INFO JobServerQueue] Start results file upload queue.
[2025-11-20 09:52:25Z INFO JobServerQueue] Starting results-based upload queue...
[2025-11-20 09:52:25Z INFO JobServerQueue] Start process timeline update queue.
[2025-11-20 09:52:25Z INFO ExecutionContext] Initializing Job context
[2025-11-20 09:52:25Z INFO ExecutionContext] Initialize GitHub context
[2025-11-20 09:52:25Z INFO ExecutionContext] Initialize Env context
[2025-11-20 09:52:25Z INFO HostContext] Well known directory 'Bin': 'C:\Projects\unity-build-pipeline\actions-runner\bin'
[2025-11-20 09:52:25Z INFO HostContext] Well known directory 'Root': 'C:\Projects\unity-build-pipeline\actions-runner'
[2025-11-20 09:52:25Z INFO HostContext] Well known directory 'Diag': 'C:\Projects\unity-build-pipeline\actions-runner\_diag'
[2025-11-20 09:52:25Z INFO HostContext] Well known directory 'Bin': 'C:\Projects\unity-build-pipeline\actions-runner\bin'
[2025-11-20 09:52:25Z INFO HostContext] Well known directory 'Root': 'C:\Projects\unity-build-pipeline\actions-runner'
[2025-11-20 09:52:25Z INFO HostContext] Well known directory 'Diag': 'C:\Projects\unity-build-pipeline\actions-runner\_diag'
[2025-11-20 09:52:25Z INFO JobRunner] Starting the job execution context.
[2025-11-20 09:52:25Z INFO HostContext] Well known directory 'Bin': 'C:\Projects\unity-build-pipeline\actions-runner\bin'
[2025-11-20 09:52:25Z INFO HostContext] Well known directory 'Root': 'C:\Projects\unity-build-pipeline\actions-runner'
[2025-11-20 09:52:25Z INFO HostContext] Well known directory 'Work': 'C:\Projects\unity-build-pipeline\actions-runner\_work'
[2025-11-20 09:52:25Z INFO JobRunner] Validating directory permissions for: 'C:\Projects\unity-build-pipeline\actions-runner\_work'
[2025-11-20 09:52:25Z INFO HostContext] Well known directory 'Bin': 'C:\Projects\unity-build-pipeline\actions-runner\bin'
[2025-11-20 09:52:25Z INFO HostContext] Well known directory 'Root': 'C:\Projects\unity-build-pipeline\actions-runner'
[2025-11-20 09:52:25Z INFO HostContext] Well known directory 'Work': 'C:\Projects\unity-build-pipeline\actions-runner\_work'
[2025-11-20 09:52:25Z INFO HostContext] Well known directory 'Tools': 'C:\Projects\unity-build-pipeline\actions-runner\_work\_tool'
[2025-11-20 09:52:25Z INFO HostContext] Well known directory 'Bin': 'C:\Projects\unity-build-pipeline\actions-runner\bin'
[2025-11-20 09:52:25Z INFO HostContext] Well known directory 'Root': 'C:\Projects\unity-build-pipeline\actions-runner'
[2025-11-20 09:52:25Z INFO HostContext] Well known directory 'Work': 'C:\Projects\unity-build-pipeline\actions-runner\_work'
[2025-11-20 09:52:25Z INFO HostContext] Well known directory 'Temp': 'C:\Projects\unity-build-pipeline\actions-runner\_work\_temp'
[2025-11-20 09:52:25Z INFO JobRunner] Getting job extension.
[2025-11-20 09:52:25Z INFO JobRunner] Initialize job. Getting all job steps.
[2025-11-20 09:52:25Z INFO HostContext] Well known directory 'Bin': 'C:\Projects\unity-build-pipeline\actions-runner\bin'
[2025-11-20 09:52:25Z INFO HostContext] Well known directory 'Root': 'C:\Projects\unity-build-pipeline\actions-runner'
[2025-11-20 09:52:25Z INFO HostContext] Well known directory 'Diag': 'C:\Projects\unity-build-pipeline\actions-runner\_diag'
[2025-11-20 09:52:25Z INFO HostContext] Well known directory 'Bin': 'C:\Projects\unity-build-pipeline\actions-runner\bin'
[2025-11-20 09:52:25Z INFO HostContext] Well known directory 'Root': 'C:\Projects\unity-build-pipeline\actions-runner'
[2025-11-20 09:52:25Z INFO HostContext] Well known directory 'Diag': 'C:\Projects\unity-build-pipeline\actions-runner\_diag'
[2025-11-20 09:52:25Z INFO HostContext] Well known directory 'Bin': 'C:\Projects\unity-build-pipeline\actions-runner\bin'
[2025-11-20 09:52:25Z INFO HostContext] Well known directory 'Root': 'C:\Projects\unity-build-pipeline\actions-runner'
[2025-11-20 09:52:25Z INFO HostContext] Well known config file 'Credentials': 'C:\Projects\unity-build-pipeline\actions-runner\.credentials'
[2025-11-20 09:52:25Z INFO HostContext] Well known directory 'Bin': 'C:\Projects\unity-build-pipeline\actions-runner\bin'
[2025-11-20 09:52:25Z INFO HostContext] Well known directory 'Root': 'C:\Projects\unity-build-pipeline\actions-runner'
[2025-11-20 09:52:25Z INFO HostContext] Well known config file 'SetupInfo': 'C:\Projects\unity-build-pipeline\actions-runner\.setup_info'
[2025-11-20 09:52:25Z INFO HostContext] Well known directory 'Bin': 'C:\Projects\unity-build-pipeline\actions-runner\bin'
[2025-11-20 09:52:25Z INFO HostContext] Well known directory 'Root': 'C:\Projects\unity-build-pipeline\actions-runner'
[2025-11-20 09:52:25Z INFO HostContext] Well known directory 'Work': 'C:\Projects\unity-build-pipeline\actions-runner\_work'
[2025-11-20 09:52:25Z INFO PipelineDirectoryManager] Loading tracking config if exists: C:\Projects\unity-build-pipeline\actions-runner\_work\_PipelineMapping\AliAhmad1600/unity-build-pipeline\PipelineFolder.json
[2025-11-20 09:52:25Z INFO PipelineDirectoryManager] Updating job run properties.
[2025-11-20 09:52:25Z INFO HostContext] Well known directory 'Bin': 'C:\Projects\unity-build-pipeline\actions-runner\bin'
[2025-11-20 09:52:25Z INFO HostContext] Well known directory 'Root': 'C:\Projects\unity-build-pipeline\actions-runner'
[2025-11-20 09:52:25Z INFO HostContext] Well known directory 'Work': 'C:\Projects\unity-build-pipeline\actions-runner\_work'
[2025-11-20 09:52:25Z INFO HostContext] Well known directory 'Bin': 'C:\Projects\unity-build-pipeline\actions-runner\bin'
[2025-11-20 09:52:25Z INFO HostContext] Well known directory 'Root': 'C:\Projects\unity-build-pipeline\actions-runner'
[2025-11-20 09:52:25Z INFO HostContext] Well known directory 'Work': 'C:\Projects\unity-build-pipeline\actions-runner\_work'
[2025-11-20 09:52:25Z INFO HostContext] Well known directory 'Bin': 'C:\Projects\unity-build-pipeline\actions-runner\bin'
[2025-11-20 09:52:25Z INFO HostContext] Well known directory 'Root': 'C:\Projects\unity-build-pipeline\actions-runner'
[2025-11-20 09:52:25Z INFO HostContext] Well known directory 'Work': 'C:\Projects\unity-build-pipeline\actions-runner\_work'
[2025-11-20 09:52:25Z INFO JobExtension] Downloading actions
[2025-11-20 09:52:25Z INFO HostContext] Well known directory 'Bin': 'C:\Projects\unity-build-pipeline\actions-runner\bin'
[2025-11-20 09:52:25Z INFO HostContext] Well known directory 'Root': 'C:\Projects\unity-build-pipeline\actions-runner'
[2025-11-20 09:52:25Z INFO HostContext] Well known directory 'Work': 'C:\Projects\unity-build-pipeline\actions-runner\_work'
[2025-11-20 09:52:25Z INFO HostContext] Well known directory 'Actions': 'C:\Projects\unity-build-pipeline\actions-runner\_work\_actions'
[2025-11-20 09:52:26Z INFO Worker] Listening for cancel message from the channel.
[2025-11-20 09:52:26Z INFO Worker] Waiting for the job to complete or for a cancel message from the channel.
[2025-11-20 09:52:26Z INFO ResultServer] Successfully started websocket client.
[2025-11-20 09:52:26Z INFO JobServerQueue] Try to append 1 batches web console lines for record '1298aa8b-cf53-4534-943f-8db751219354', success rate: 1/1.
[2025-11-20 09:52:27Z INFO JobServerQueue] Job timeline record has been updated for the first time.
[2025-11-20 09:52:27Z INFO HostContext] Well known directory 'Bin': 'C:\Projects\unity-build-pipeline\actions-runner\bin'
[2025-11-20 09:52:27Z INFO HostContext] Well known directory 'Root': 'C:\Projects\unity-build-pipeline\actions-runner'
[2025-11-20 09:52:27Z INFO HostContext] Well known directory 'Work': 'C:\Projects\unity-build-pipeline\actions-runner\_work'
[2025-11-20 09:52:27Z INFO HostContext] Well known directory 'Actions': 'C:\Projects\unity-build-pipeline\actions-runner\_work\_actions'
[2025-11-20 09:52:27Z INFO HostContext] Well known directory 'Bin': 'C:\Projects\unity-build-pipeline\actions-runner\bin'
[2025-11-20 09:52:27Z INFO HostContext] Well known directory 'Root': 'C:\Projects\unity-build-pipeline\actions-runner'
[2025-11-20 09:52:27Z INFO HostContext] Well known directory 'Work': 'C:\Projects\unity-build-pipeline\actions-runner\_work'
[2025-11-20 09:52:27Z INFO HostContext] Well known directory 'Actions': 'C:\Projects\unity-build-pipeline\actions-runner\_work\_actions'
[2025-11-20 09:52:27Z INFO ActionManager] Save archive 'https://api.github.com/repos/actions/checkout/zipball/34e114876b0b11c390a56381ad16ebd13914f8d5' into C:\Projects\unity-build-pipeline\actions-runner\_work\_actions\_temp_1a26c213-59bd-4e24-b907-5057a9c3b581\2caff057-bab1-4b8c-af0b-6883443ce3f0.zip.
[2025-11-20 09:52:27Z INFO JobServerQueue] Try to append 1 batches web console lines for record '1298aa8b-cf53-4534-943f-8db751219354', success rate: 1/1.
[2025-11-20 09:52:31Z INFO ActionManager] Request URL: https://api.github.com/repos/actions/checkout/zipball/34e114876b0b11c390a56381ad16ebd13914f8d5 X-GitHub-Request-Id: F6E2:1858F6:D741:6B661:691EE4DC Http Status: OK
[2025-11-20 09:52:31Z INFO ActionManager] Finished getting action repository.
[2025-11-20 09:52:31Z INFO HostContext] Well known directory 'Bin': 'C:\Projects\unity-build-pipeline\actions-runner\bin'
[2025-11-20 09:52:31Z INFO HostContext] Well known directory 'Root': 'C:\Projects\unity-build-pipeline\actions-runner'
[2025-11-20 09:52:31Z INFO HostContext] Well known directory 'Work': 'C:\Projects\unity-build-pipeline\actions-runner\_work'
[2025-11-20 09:52:31Z INFO HostContext] Well known directory 'Actions': 'C:\Projects\unity-build-pipeline\actions-runner\_work\_actions'
[2025-11-20 09:52:31Z INFO HostContext] Well known directory 'Bin': 'C:\Projects\unity-build-pipeline\actions-runner\bin'
[2025-11-20 09:52:31Z INFO HostContext] Well known directory 'Root': 'C:\Projects\unity-build-pipeline\actions-runner'
[2025-11-20 09:52:31Z INFO HostContext] Well known directory 'Work': 'C:\Projects\unity-build-pipeline\actions-runner\_work'
[2025-11-20 09:52:31Z INFO HostContext] Well known directory 'Actions': 'C:\Projects\unity-build-pipeline\actions-runner\_work\_actions'
[2025-11-20 09:52:31Z INFO ActionManager] Save archive 'https://api.github.com/repos/rtCamp/action-slack-notify/zipball/e31e87e03dd19038e411e38ae27cbad084a90661' into C:\Projects\unity-build-pipeline\actions-runner\_work\_actions\_temp_bf04b9db-d91a-4085-a716-aa3d32e6b2bc\28b9d794-1b06-42e4-b674-98bc0098d79e.zip.
[2025-11-20 09:52:31Z INFO JobServerQueue] Try to append 1 batches web console lines for record '1298aa8b-cf53-4534-943f-8db751219354', success rate: 1/1.
[2025-11-20 09:52:33Z INFO ActionManager] Request URL: https://api.github.com/repos/rtCamp/action-slack-notify/zipball/e31e87e03dd19038e411e38ae27cbad084a90661 X-GitHub-Request-Id: F6E8:1DB059:DDA3:6BD06:691EE4E0 Http Status: OK
[2025-11-20 09:52:33Z INFO ActionManager] Finished getting action repository.
[2025-11-20 09:52:33Z INFO HostContext] Well known directory 'Bin': 'C:\Projects\unity-build-pipeline\actions-runner\bin'
[2025-11-20 09:52:33Z INFO HostContext] Well known directory 'Root': 'C:\Projects\unity-build-pipeline\actions-runner'
[2025-11-20 09:52:33Z INFO HostContext] Well known directory 'Work': 'C:\Projects\unity-build-pipeline\actions-runner\_work'
[2025-11-20 09:52:33Z INFO HostContext] Well known directory 'Actions': 'C:\Projects\unity-build-pipeline\actions-runner\_work\_actions'
[2025-11-20 09:52:33Z INFO ActionManifestManager] Load schema file with definitions: [
  "null",
  "boolean",
  "number",
  "string",
  "sequence",
  "mapping",
  "any",
  "action-root",
  "inputs",
  "input",
  "outputs",
  "output-definition",
  "runs",
  "container-runs",
  "container-runs-args",
  "container-runs-env",
  "node-runs",
  "plugin-runs",
  "composite-runs",
  "composite-steps",
  "composite-step",
  "run-step",
  "uses-step",
  "container-runs-context",
  "output-value",
  "input-default-context",
  "non-empty-string",
  "string-steps-context",
  "boolean-steps-context",
  "step-env",
  "step-if",
  "step-with"
]
[2025-11-20 09:52:33Z INFO HostContext] Well known directory 'Bin': 'C:\Projects\unity-build-pipeline\actions-runner\bin'
[2025-11-20 09:52:33Z INFO HostContext] Well known directory 'Root': 'C:\Projects\unity-build-pipeline\actions-runner'
[2025-11-20 09:52:33Z INFO HostContext] Well known directory 'Work': 'C:\Projects\unity-build-pipeline\actions-runner\_work'
[2025-11-20 09:52:33Z INFO HostContext] Well known directory 'Actions': 'C:\Projects\unity-build-pipeline\actions-runner\_work\_actions'
[2025-11-20 09:52:33Z INFO ActionManifestManager] Loaded action.yml file: {
  "name": "Checkout",
  "description": "Checkout a Git repository at a particular version",
  "inputs": {
    "type": 2,
    "map": [
      {
        "key": {
          "type": 0,
          "file": 2,
          "line": 4,
          "col": 3,
          "lit": "repository"
        ***,
        "value": {
          "type": 3,
          "file": 2,
          "line": 6,
          "col": 14,
          "expr": "github.repository"
        ***
      ***,
      {
        "key": {
          "type": 0,
          "file": 2,
          "line": 7,
          "col": 3,
          "lit": "ref"
        ***,
        "value": ""
      ***,
      {
        "key": {
          "type": 0,
          "file": 2,
          "line": 12,
          "col": 3,
          "lit": "token"
        ***,
        "value": {
          "type": 3,
          "file": 2,
          "line": 24,
          "col": 14,
          "expr": "github.token"
        ***
      ***,
      {
        "key": {
          "type": 0,
          "file": 2,
          "line": 25,
          "col": 3,
          "lit": "ssh-key"
        ***,
        "value": ""
      ***,
      {
        "key": {
          "type": 0,
          "file": 2,
          "line": 37,
          "col": 3,
          "lit": "ssh-known-hosts"
        ***,
        "value": ""
      ***,
      {
        "key": {
          "type": 0,
          "file": 2,
          "line": 42,
          "col": 3,
          "lit": "ssh-strict"
        ***,
        "value": {
          "type": 0,
          "file": 2,
          "line": 47,
          "col": 14,
          "lit": "true"
        ***
      ***,
      {
        "key": {
          "type": 0,
          "file": 2,
          "line": 48,
          "col": 3,
          "lit": "ssh-user"
        ***,
        "value": {
          "type": 0,
          "file": 2,
          "line": 51,
          "col": 14,
          "lit": "git"
        ***
      ***,
      {
        "key": {
          "type": 0,
          "file": 2,
          "line": 52,
          "col": 3,
          "lit": "persist-credentials"
        ***,
        "value": {
          "type": 0,
          "file": 2,
          "line": 54,
          "col": 14,
          "lit": "true"
        ***
      ***,
      {
        "key": {
          "type": 0,
          "file": 2,
          "line": 55,
          "col": 3,
          "lit": "path"
        ***,
        "value": ""
      ***,
      {
        "key": {
          "type": 0,
          "file": 2,
          "line": 57,
          "col": 3,
          "lit": "clean"
        ***,
        "value": {
          "type": 0,
          "file": 2,
          "line": 59,
          "col": 14,
          "lit": "true"
        ***
      ***,
      {
        "key": {
          "type": 0,
          "file": 2,
          "line": 60,
          "col": 3,
          "lit": "filter"
        ***,
        "value": {
          "type": 0,
          "file": 2,
          "line": 64,
          "col": 14,
          "lit": ""
        ***
      ***,
      {
        "key": {
          "type": 0,
          "file": 2,
          "line": 65,
          "col": 3,
          "lit": "sparse-checkout"
        ***,
        "value": {
          "type": 0,
          "file": 2,
          "line": 69,
          "col": 14,
          "lit": ""
        ***
      ***,
      {
        "key": {
          "type": 0,
          "file": 2,
          "line": 70,
          "col": 3,
          "lit": "sparse-checkout-cone-mode"
        ***,
        "value": {
          "type": 0,
          "file": 2,
          "line": 73,
          "col": 14,
          "lit": "true"
        ***
      ***,
      {
        "key": {
          "type": 0,
          "file": 2,
          "line": 74,
          "col": 3,
          "lit": "fetch-depth"
        ***,
        "value": {
          "type": 0,
          "file": 2,
          "line": 76,
          "col": 14,
          "lit": "1"
        ***
      ***,
      {
        "key": {
          "type": 0,
          "file": 2,
          "line": 77,
          "col": 3,
          "lit": "fetch-tags"
        ***,
        "value": {
          "type": 0,
          "file": 2,
          "line": 79,
          "col": 14,
          "lit": "false"
        ***
      ***,
      {
        "key": {
          "type": 0,
          "file": 2,
          "line": 80,
          "col": 3,
          "lit": "show-progress"
        ***,
        "value": {
          "type": 0,
          "file": 2,
          "line": 82,
          "col": 14,
          "lit": "true"
        ***
      ***,
      {
        "key": {
          "type": 0,
          "file": 2,
          "line": 83,
          "col": 3,
          "lit": "lfs"
        ***,
        "value": {
          "type": 0,
          "file": 2,
          "line": 85,
          "col": 14,
          "lit": "false"
        ***
      ***,
      {
        "key": {
          "type": 0,
          "file": 2,
          "line": 86,
          "col": 3,
          "lit": "submodules"
        ***,
        "value": {
          "type": 0,
          "file": 2,
          "line": 94,
          "col": 14,
          "lit": "false"
        ***
      ***,
      {
        "key": {
          "type": 0,
          "file": 2,
          "line": 95,
          "col": 3,
          "lit": "set-safe-directory"
        ***,
        "value": {
          "type": 0,
          "file": 2,
          "line": 97,
          "col": 14,
          "lit": "true"
        ***
      ***,
      {
        "key": {
          "type": 0,
          "file": 2,
          "line": 98,
          "col": 3,
          "lit": "github-server-url"
        ***,
        "value": ""
      ***
    ]
  ***,
  "execution": {
    "executionType": "nodeJS",
    "hasPre": false,
    "hasPost": true,
    "script": "dist/index.js",
    "pre": null,
    "post": "dist/index.js",
    "nodeVersion": "node20",
    "cleanupCondition": "always()",
    "initCondition": "always()"
  ***,
  "deprecated": null
***
[2025-11-20 09:52:33Z INFO ActionManager] Action node.js file: dist/index.js, no more preparation.
[2025-11-20 09:52:33Z INFO HostContext] Well known directory 'Bin': 'C:\Projects\unity-build-pipeline\actions-runner\bin'
[2025-11-20 09:52:33Z INFO HostContext] Well known directory 'Root': 'C:\Projects\unity-build-pipeline\actions-runner'
[2025-11-20 09:52:33Z INFO HostContext] Well known directory 'Work': 'C:\Projects\unity-build-pipeline\actions-runner\_work'
[2025-11-20 09:52:33Z INFO HostContext] Well known directory 'Actions': 'C:\Projects\unity-build-pipeline\actions-runner\_work\_actions'
[2025-11-20 09:52:33Z INFO ActionManager] Load action that reference repository from 'C:\Projects\unity-build-pipeline\actions-runner\_work\_actions\actions\checkout\v4'
[2025-11-20 09:52:33Z INFO HostContext] Well known directory 'Bin': 'C:\Projects\unity-build-pipeline\actions-runner\bin'
[2025-11-20 09:52:33Z INFO HostContext] Well known directory 'Root': 'C:\Projects\unity-build-pipeline\actions-runner'
[2025-11-20 09:52:33Z INFO HostContext] Well known directory 'Work': 'C:\Projects\unity-build-pipeline\actions-runner\_work'
[2025-11-20 09:52:33Z INFO HostContext] Well known directory 'Actions': 'C:\Projects\unity-build-pipeline\actions-runner\_work\_actions'
[2025-11-20 09:52:33Z INFO ActionManifestManager] Loaded action.yml file: {
  "name": "Checkout",
  "description": "Checkout a Git repository at a particular version",
  "inputs": {
    "type": 2,
    "map": [
      {
        "key": {
          "type": 0,
          "file": 2,
          "line": 4,
          "col": 3,
          "lit": "repository"
        ***,
        "value": {
          "type": 3,
          "file": 2,
          "line": 6,
          "col": 14,
          "expr": "github.repository"
        ***
      ***,
      {
        "key": {
          "type": 0,
          "file": 2,
          "line": 7,
          "col": 3,
          "lit": "ref"
        ***,
        "value": ""
      ***,
      {
        "key": {
          "type": 0,
          "file": 2,
          "line": 12,
          "col": 3,
          "lit": "token"
        ***,
        "value": {
          "type": 3,
          "file": 2,
          "line": 24,
          "col": 14,
          "expr": "github.token"
        ***
      ***,
      {
        "key": {
          "type": 0,
          "file": 2,
          "line": 25,
          "col": 3,
          "lit": "ssh-key"
        ***,
        "value": ""
      ***,
      {
        "key": {
          "type": 0,
          "file": 2,
          "line": 37,
          "col": 3,
          "lit": "ssh-known-hosts"
        ***,
        "value": ""
      ***,
      {
        "key": {
          "type": 0,
          "file": 2,
          "line": 42,
          "col": 3,
          "lit": "ssh-strict"
        ***,
        "value": {
          "type": 0,
          "file": 2,
          "line": 47,
          "col": 14,
          "lit": "true"
        ***
      ***,
      {
        "key": {
          "type": 0,
          "file": 2,
          "line": 48,
          "col": 3,
          "lit": "ssh-user"
        ***,
        "value": {
          "type": 0,
          "file": 2,
          "line": 51,
          "col": 14,
          "lit": "git"
        ***
      ***,
      {
        "key": {
          "type": 0,
          "file": 2,
          "line": 52,
          "col": 3,
          "lit": "persist-credentials"
        ***,
        "value": {
          "type": 0,
          "file": 2,
          "line": 54,
          "col": 14,
          "lit": "true"
        ***
      ***,
      {
        "key": {
          "type": 0,
          "file": 2,
          "line": 55,
          "col": 3,
          "lit": "path"
        ***,
        "value": ""
      ***,
      {
        "key": {
          "type": 0,
          "file": 2,
          "line": 57,
          "col": 3,
          "lit": "clean"
        ***,
        "value": {
          "type": 0,
          "file": 2,
          "line": 59,
          "col": 14,
          "lit": "true"
        ***
      ***,
      {
        "key": {
          "type": 0,
          "file": 2,
          "line": 60,
          "col": 3,
          "lit": "filter"
        ***,
        "value": {
          "type": 0,
          "file": 2,
          "line": 64,
          "col": 14,
          "lit": ""
        ***
      ***,
      {
        "key": {
          "type": 0,
          "file": 2,
          "line": 65,
          "col": 3,
          "lit": "sparse-checkout"
        ***,
        "value": {
          "type": 0,
          "file": 2,
          "line": 69,
          "col": 14,
          "lit": ""
        ***
      ***,
      {
        "key": {
          "type": 0,
          "file": 2,
          "line": 70,
          "col": 3,
          "lit": "sparse-checkout-cone-mode"
        ***,
        "value": {
          "type": 0,
          "file": 2,
          "line": 73,
          "col": 14,
          "lit": "true"
        ***
      ***,
      {
        "key": {
          "type": 0,
          "file": 2,
          "line": 74,
          "col": 3,
          "lit": "fetch-depth"
        ***,
        "value": {
          "type": 0,
          "file": 2,
          "line": 76,
          "col": 14,
          "lit": "1"
        ***
      ***,
      {
        "key": {
          "type": 0,
          "file": 2,
          "line": 77,
          "col": 3,
          "lit": "fetch-tags"
        ***,
        "value": {
          "type": 0,
          "file": 2,
          "line": 79,
          "col": 14,
          "lit": "false"
        ***
      ***,
      {
        "key": {
          "type": 0,
          "file": 2,
          "line": 80,
          "col": 3,
          "lit": "show-progress"
        ***,
        "value": {
          "type": 0,
          "file": 2,
          "line": 82,
          "col": 14,
          "lit": "true"
        ***
      ***,
      {
        "key": {
          "type": 0,
          "file": 2,
          "line": 83,
          "col": 3,
          "lit": "lfs"
        ***,
        "value": {
          "type": 0,
          "file": 2,
          "line": 85,
          "col": 14,
          "lit": "false"
        ***
      ***,
      {
        "key": {
          "type": 0,
          "file": 2,
          "line": 86,
          "col": 3,
          "lit": "submodules"
        ***,
        "value": {
          "type": 0,
          "file": 2,
          "line": 94,
          "col": 14,
          "lit": "false"
        ***
      ***,
      {
        "key": {
          "type": 0,
          "file": 2,
          "line": 95,
          "col": 3,
          "lit": "set-safe-directory"
        ***,
        "value": {
          "type": 0,
          "file": 2,
          "line": 97,
          "col": 14,
          "lit": "true"
        ***
      ***,
      {
        "key": {
          "type": 0,
          "file": 2,
          "line": 98,
          "col": 3,
          "lit": "github-server-url"
        ***,
        "value": ""
      ***
    ]
  ***,
  "execution": {
    "executionType": "nodeJS",
    "hasPre": false,
    "hasPost": true,
    "script": "dist/index.js",
    "pre": null,
    "post": "dist/index.js",
    "nodeVersion": "node20",
    "cleanupCondition": "always()",
    "initCondition": "always()"
  ***,
  "deprecated": null
***
[2025-11-20 09:52:33Z INFO ActionManager] Action pre node.js file: N/A.
[2025-11-20 09:52:33Z INFO ActionManager] Action node.js file: dist/index.js.
[2025-11-20 09:52:33Z INFO ActionManager] Action post node.js file: dist/index.js.
[2025-11-20 09:52:33Z INFO HostContext] Well known directory 'Bin': 'C:\Projects\unity-build-pipeline\actions-runner\bin'
[2025-11-20 09:52:33Z INFO HostContext] Well known directory 'Root': 'C:\Projects\unity-build-pipeline\actions-runner'
[2025-11-20 09:52:33Z INFO HostContext] Well known directory 'Work': 'C:\Projects\unity-build-pipeline\actions-runner\_work'
[2025-11-20 09:52:33Z INFO HostContext] Well known directory 'Actions': 'C:\Projects\unity-build-pipeline\actions-runner\_work\_actions'
[2025-11-20 09:52:33Z INFO HostContext] Well known directory 'Bin': 'C:\Projects\unity-build-pipeline\actions-runner\bin'
[2025-11-20 09:52:33Z INFO HostContext] Well known directory 'Root': 'C:\Projects\unity-build-pipeline\actions-runner'
[2025-11-20 09:52:33Z INFO HostContext] Well known directory 'Work': 'C:\Projects\unity-build-pipeline\actions-runner\_work'
[2025-11-20 09:52:33Z INFO HostContext] Well known directory 'Actions': 'C:\Projects\unity-build-pipeline\actions-runner\_work\_actions'
[2025-11-20 09:52:33Z INFO ActionManifestManager] Ignore action property author.
[2025-11-20 09:52:33Z INFO ActionManifestManager] Ignore action property branding.
[2025-11-20 09:52:33Z INFO ActionManifestManager] Loaded action.yml file: {
  "name": "Slack Notify",
  "description": "This action will send a notification to Slack",
  "inputs": null,
  "execution": {
    "executionType": "composite",
    "hasPre": false,
    "hasPost": false,
    "preSteps": [],
    "steps": [
      {
        "type": "action",
        "reference": {
          "type": "repository",
          "name": "LoveToKnow/slackify-markdown-action",
          "ref": "698a1d4d0ff1794152a93c03ee8ca5e03a310d4e",
          "repositoryType": "GitHub",
          "path": ""
        ***,
        "displayNameToken": {
          "type": 0,
          "file": 3,
          "line": 7,
          "col": 15,
          "lit": "Slack-Markdown Message Conversion"
        ***,
        "contextName": "slackify_message",
        "inputs": {
          "type": 2,
          "file": 3,
          "line": 12,
          "col": 11,
          "map": [
            {
              "key": {
                "type": 0,
                "file": 3,
                "line": 12,
                "col": 11,
                "lit": "text"
              ***,
              "value": {
                "type": 3,
                "file": 3,
                "line": 12,
                "col": 17,
                "expr": "env.SLACK_MESSAGE"
              ***
            ***
          ]
        ***,
        "condition": "success() && (env.SLACKIFY_MARKDOWN == 'true' && env.SLACK_MESSAGE != '')"
      ***,
      {
        "type": "action",
        "reference": {
          "type": "repository",
          "name": "LoveToKnow/slackify-markdown-action",
          "ref": "698a1d4d0ff1794152a93c03ee8ca5e03a310d4e",
          "repositoryType": "GitHub",
          "path": ""
        ***,
        "displayNameToken": {
          "type": 0,
          "file": 3,
          "line": 14,
          "col": 15,
          "lit": "Slack-Markdown Success Message Conversion"
        ***,
        "contextName": "slackify_success_message",
        "inputs": {
          "type": 2,
          "file": 3,
          "line": 19,
          "col": 11,
          "map": [
            {
              "key": {
                "type": 0,
                "file": 3,
                "line": 19,
                "col": 11,
                "lit": "text"
              ***,
              "value": {
                "type": 3,
                "file": 3,
                "line": 19,
                "col": 17,
                "expr": "env.SLACK_MESSAGE_ON_SUCCESS"
              ***
            ***
          ]
        ***,
        "condition": "success() && (env.SLACKIFY_MARKDOWN == 'true' && env.SLACK_MESSAGE_ON_SUCCESS != '')"
      ***,
      {
        "type": "action",
        "reference": {
          "type": "repository",
          "name": "LoveToKnow/slackify-markdown-action",
          "ref": "698a1d4d0ff1794152a93c03ee8ca5e03a310d4e",
          "repositoryType": "GitHub",
          "path": ""
        ***,
        "displayNameToken": {
          "type": 0,
          "file": 3,
          "line": 21,
          "col": 15,
          "lit": "Slack-Markdown Failure Message Conversion"
        ***,
        "contextName": "slackify_failure_message",
        "inputs": {
          "type": 2,
          "file": 3,
          "line": 26,
          "col": 11,
          "map": [
            {
              "key": {
                "type": 0,
                "file": 3,
                "line": 26,
                "col": 11,
                "lit": "text"
              ***,
              "value": {
                "type": 3,
                "file": 3,
                "line": 26,
                "col": 17,
                "expr": "env.SLACK_MESSAGE_ON_FAILURE"
              ***
            ***
          ]
        ***,
        "condition": "success() && (env.SLACKIFY_MARKDOWN == 'true' && env.SLACK_MESSAGE_ON_FAILURE != '')"
      ***,
      {
        "type": "action",
        "reference": {
          "type": "repository",
          "name": "LoveToKnow/slackify-markdown-action",
          "ref": "698a1d4d0ff1794152a93c03ee8ca5e03a310d4e",
          "repositoryType": "GitHub",
          "path": ""
        ***,
        "displayNameToken": {
          "type": 0,
          "file": 3,
          "line": 28,
          "col": 15,
          "lit": "Slack-Markdown Cancel Message Conversion"
        ***,
        "contextName": "slackify_cancel_message",
        "inputs": {
          "type": 2,
          "file": 3,
          "line": 33,
          "col": 11,
          "map": [
            {
              "key": {
                "type": 0,
                "file": 3,
                "line": 33,
                "col": 11,
                "lit": "text"
              ***,
              "value": {
                "type": 3,
                "file": 3,
                "line": 33,
                "col": 17,
                "expr": "env.SLACK_MESSAGE_ON_CANCEL"
              ***
            ***
          ]
        ***,
        "condition": "success() && (env.SLACKIFY_MARKDOWN == 'true' && env.SLACK_MESSAGE_ON_CANCEL != '')"
      ***,
      {
        "type": "action",
        "reference": {
          "type": "containerRegistry",
          "image": "ghcr.io/rtcamp/action-slack-notify:v2.3.3"
        ***,
        "displayNameToken": {
          "type": 0,
          "file": 3,
          "line": 35,
          "col": 15,
          "lit": "Slack Notification (Formatted)"
        ***,
        "contextName": "__ghcr_io_rtcamp_action-slack-notify_v2_3_3",
        "environment": {
          "type": 2,
          "file": 3,
          "line": 38,
          "col": 11,
          "map": [
            {
              "key": {
                "type": 0,
                "file": 3,
                "line": 38,
                "col": 11,
                "lit": "SLACK_MESSAGE"
              ***,
              "value": {
                "type": 3,
                "file": 3,
                "line": 38,
                "col": 26,
                "expr": "steps.slackify_message.outputs.text || env.SLACK_MESSAGE"
              ***
            ***,
            {
              "key": {
                "type": 0,
                "file": 3,
                "line": 39,
                "col": 11,
                "lit": "SLACK_MESSAGE_ON_SUCCESS"
              ***,
              "value": {
                "type": 3,
                "file": 3,
                "line": 39,
                "col": 37,
                "expr": "steps.slackify_success_message.outputs.text || env.SLACK_MESSAGE_ON_SUCCESS"
              ***
            ***,
            {
              "key": {
                "type": 0,
                "file": 3,
                "line": 40,
                "col": 11,
                "lit": "SLACK_MESSAGE_ON_FAILURE"
              ***,
              "value": {
                "type": 3,
                "file": 3,
                "line": 40,
                "col": 37,
                "expr": "steps.slackify_failure_message.outputs.text || env.SLACK_MESSAGE_ON_FAILURE"
              ***
            ***,
            {
              "key": {
                "type": 0,
                "file": 3,
                "line": 41,
                "col": 11,
                "lit": "SLACK_MESSAGE_ON_CANCEL"
              ***,
              "value": {
                "type": 3,
                "file": 3,
                "line": 41,
                "col": 36,
                "expr": "steps.slackify_cancel_message.outputs.text || env.SLACK_MESSAGE_ON_CANCEL"
              ***
            ***,
            {
              "key": {
                "type": 0,
                "file": 3,
                "line": 42,
                "col": 11,
                "lit": "GITHUB_RUN"
              ***,
              "value": {
                "type": 3,
                "file": 3,
                "line": 42,
                "col": 23,
                "expr": "format('{0***/actions/runs/{1***', github.event.repository.html_url, github.run_id)"
              ***
            ***,
            {
              "key": {
                "type": 0,
                "file": 3,
                "line": 43,
                "col": 11,
                "lit": "ENABLE_ESCAPES"
              ***,
              "value": {
                "type": 0,
                "file": 3,
                "line": 43,
                "col": 27,
                "lit": "true"
              ***
            ***
          ]
        ***,
        "condition": "success() && (env.SLACKIFY_MARKDOWN == 'true')"
      ***,
      {
        "type": "action",
        "reference": {
          "type": "containerRegistry",
          "image": "ghcr.io/rtcamp/action-slack-notify:v2.3.3"
        ***,
        "displayNameToken": {
          "type": 0,
          "file": 3,
          "line": 46,
          "col": 15,
          "lit": "Slack Notification (Unformatted)"
        ***,
        "contextName": "__ghcr_io_rtcamp_action-slack-notify_v2_3_3_2",
        "environment": {
          "type": 2,
          "file": 3,
          "line": 50,
          "col": 11,
          "map": [
            {
              "key": {
                "type": 0,
                "file": 3,
                "line": 50,
                "col": 11,
                "lit": "GITHUB_RUN"
              ***,
              "value": {
                "type": 3,
                "file": 3,
                "line": 50,
                "col": 23,
                "expr": "format('{0***/actions/runs/{1***', github.event.repository.html_url, github.run_id)"
              ***
            ***
          ]
        ***,
        "condition": "success() && (env.SLACKIFY_MARKDOWN != 'true')"
      ***
    ],
    "postSteps": [],
    "outputs": null,
    "cleanupCondition": "always()",
    "initCondition": "always()"
  ***,
  "deprecated": null
***
[2025-11-20 09:52:33Z INFO ActionManager] Loading Composite steps
[2025-11-20 09:52:33Z INFO ActionManager] Action  (3745cba4-e3d0-430b-84f1-5e71ec203907) needs to pull image 'ghcr.io/rtcamp/action-slack-notify:v2.3.3'
[2025-11-20 09:52:33Z INFO ActionManager] Action  (f2ea403f-c95c-493a-9903-453d4fa5ed18) needs to pull image 'ghcr.io/rtcamp/action-slack-notify:v2.3.3'
[2025-11-20 09:52:33Z INFO JobServerQueue] Try to append 1 batches web console lines for record '1298aa8b-cf53-4534-943f-8db751219354', success rate: 1/1.
[2025-11-20 09:52:33Z INFO HostContext] Well known directory 'Bin': 'C:\Projects\unity-build-pipeline\actions-runner\bin'
[2025-11-20 09:52:33Z INFO HostContext] Well known directory 'Root': 'C:\Projects\unity-build-pipeline\actions-runner'
[2025-11-20 09:52:33Z INFO HostContext] Well known directory 'Work': 'C:\Projects\unity-build-pipeline\actions-runner\_work'
[2025-11-20 09:52:33Z INFO HostContext] Well known directory 'Actions': 'C:\Projects\unity-build-pipeline\actions-runner\_work\_actions'
[2025-11-20 09:52:33Z INFO HostContext] Well known directory 'Bin': 'C:\Projects\unity-build-pipeline\actions-runner\bin'
[2025-11-20 09:52:33Z INFO HostContext] Well known directory 'Root': 'C:\Projects\unity-build-pipeline\actions-runner'
[2025-11-20 09:52:33Z INFO HostContext] Well known directory 'Work': 'C:\Projects\unity-build-pipeline\actions-runner\_work'
[2025-11-20 09:52:33Z INFO HostContext] Well known directory 'Actions': 'C:\Projects\unity-build-pipeline\actions-runner\_work\_actions'
[2025-11-20 09:52:33Z INFO ActionManager] Save archive 'https://api.github.com/repos/LoveToKnow/slackify-markdown-action/zipball/698a1d4d0ff1794152a93c03ee8ca5e03a310d4e' into C:\Projects\unity-build-pipeline\actions-runner\_work\_actions\_temp_6d093d63-5a16-475e-b4eb-2a3417e821b3\1a5a2924-1d58-4c1f-9add-920d057d8d5a.zip.
[2025-11-20 09:52:34Z INFO JobServerQueue] Try to append 1 batches web console lines for record '1298aa8b-cf53-4534-943f-8db751219354', success rate: 1/1.
[2025-11-20 09:52:36Z INFO ActionManager] Request URL: https://api.github.com/repos/LoveToKnow/slackify-markdown-action/zipball/698a1d4d0ff1794152a93c03ee8ca5e03a310d4e X-GitHub-Request-Id: F6EC:1137A7:D807:6B76C:691EE4E2 Http Status: OK
[2025-11-20 09:52:38Z INFO ActionManager] Finished getting action repository.
[2025-11-20 09:52:38Z INFO HostContext] Well known directory 'Bin': 'C:\Projects\unity-build-pipeline\actions-runner\bin'
[2025-11-20 09:52:38Z INFO HostContext] Well known directory 'Root': 'C:\Projects\unity-build-pipeline\actions-runner'
[2025-11-20 09:52:38Z INFO HostContext] Well known directory 'Work': 'C:\Projects\unity-build-pipeline\actions-runner\_work'
[2025-11-20 09:52:38Z INFO HostContext] Well known directory 'Actions': 'C:\Projects\unity-build-pipeline\actions-runner\_work\_actions'
[2025-11-20 09:52:38Z INFO HostContext] Well known directory 'Bin': 'C:\Projects\unity-build-pipeline\actions-runner\bin'
[2025-11-20 09:52:38Z INFO HostContext] Well known directory 'Root': 'C:\Projects\unity-build-pipeline\actions-runner'
[2025-11-20 09:52:38Z INFO HostContext] Well known directory 'Work': 'C:\Projects\unity-build-pipeline\actions-runner\_work'
[2025-11-20 09:52:38Z INFO HostContext] Well known directory 'Actions': 'C:\Projects\unity-build-pipeline\actions-runner\_work\_actions'
[2025-11-20 09:52:38Z INFO HostContext] Well known directory 'Bin': 'C:\Projects\unity-build-pipeline\actions-runner\bin'
[2025-11-20 09:52:38Z INFO HostContext] Well known directory 'Root': 'C:\Projects\unity-build-pipeline\actions-runner'
[2025-11-20 09:52:38Z INFO HostContext] Well known directory 'Work': 'C:\Projects\unity-build-pipeline\actions-runner\_work'
[2025-11-20 09:52:38Z INFO HostContext] Well known directory 'Actions': 'C:\Projects\unity-build-pipeline\actions-runner\_work\_actions'
[2025-11-20 09:52:38Z INFO HostContext] Well known directory 'Bin': 'C:\Projects\unity-build-pipeline\actions-runner\bin'
[2025-11-20 09:52:38Z INFO HostContext] Well known directory 'Root': 'C:\Projects\unity-build-pipeline\actions-runner'
[2025-11-20 09:52:38Z INFO HostContext] Well known directory 'Work': 'C:\Projects\unity-build-pipeline\actions-runner\_work'
[2025-11-20 09:52:38Z INFO HostContext] Well known directory 'Actions': 'C:\Projects\unity-build-pipeline\actions-runner\_work\_actions'
[2025-11-20 09:52:38Z INFO HostContext] Well known directory 'Bin': 'C:\Projects\unity-build-pipeline\actions-runner\bin'
[2025-11-20 09:52:38Z INFO HostContext] Well known directory 'Root': 'C:\Projects\unity-build-pipeline\actions-runner'
[2025-11-20 09:52:38Z INFO HostContext] Well known directory 'Work': 'C:\Projects\unity-build-pipeline\actions-runner\_work'
[2025-11-20 09:52:38Z INFO HostContext] Well known directory 'Actions': 'C:\Projects\unity-build-pipeline\actions-runner\_work\_actions'
[2025-11-20 09:52:38Z INFO ActionManifestManager] Ignore action property author.
[2025-11-20 09:52:38Z INFO ActionManifestManager] Ignore action property branding.
[2025-11-20 09:52:38Z INFO ActionManifestManager] Loaded action.yml file: {
  "name": "Slack Markdown Converter",
  "description": "Converts markdown to Slack's mrkdwn",
  "inputs": {
    "type": 2,
    "map": [
      {
        "key": {
          "type": 0,
          "file": 4,
          "line": 5,
          "col": 3,
          "lit": "text"
        ***,
        "value": ""
      ***
    ]
  ***,
  "execution": {
    "executionType": "nodeJS",
    "hasPre": false,
    "hasPost": false,
    "script": "index.js",
    "pre": null,
    "post": null,
    "nodeVersion": "node20",
    "cleanupCondition": "always()",
    "initCondition": "always()"
  ***,
  "deprecated": null
***
[2025-11-20 09:52:38Z INFO ActionManager] Action node.js file: index.js, no more preparation.
[2025-11-20 09:52:38Z INFO HostContext] Well known directory 'Bin': 'C:\Projects\unity-build-pipeline\actions-runner\bin'
[2025-11-20 09:52:38Z INFO HostContext] Well known directory 'Root': 'C:\Projects\unity-build-pipeline\actions-runner'
[2025-11-20 09:52:38Z INFO HostContext] Well known directory 'Work': 'C:\Projects\unity-build-pipeline\actions-runner\_work'
[2025-11-20 09:52:38Z INFO HostContext] Well known directory 'Actions': 'C:\Projects\unity-build-pipeline\actions-runner\_work\_actions'
[2025-11-20 09:52:38Z INFO ActionManager] Load action that reference repository from 'C:\Projects\unity-build-pipeline\actions-runner\_work\_actions\LoveToKnow\slackify-markdown-action\698a1d4d0ff1794152a93c03ee8ca5e03a310d4e'
[2025-11-20 09:52:38Z INFO HostContext] Well known directory 'Bin': 'C:\Projects\unity-build-pipeline\actions-runner\bin'
[2025-11-20 09:52:38Z INFO HostContext] Well known directory 'Root': 'C:\Projects\unity-build-pipeline\actions-runner'
[2025-11-20 09:52:38Z INFO HostContext] Well known directory 'Work': 'C:\Projects\unity-build-pipeline\actions-runner\_work'
[2025-11-20 09:52:38Z INFO HostContext] Well known directory 'Actions': 'C:\Projects\unity-build-pipeline\actions-runner\_work\_actions'
[2025-11-20 09:52:38Z INFO ActionManifestManager] Ignore action property author.
[2025-11-20 09:52:38Z INFO ActionManifestManager] Ignore action property branding.
[2025-11-20 09:52:38Z INFO ActionManifestManager] Loaded action.yml file: {
  "name": "Slack Markdown Converter",
  "description": "Converts markdown to Slack's mrkdwn",
  "inputs": {
    "type": 2,
    "map": [
      {
        "key": {
          "type": 0,
          "file": 4,
          "line": 5,
          "col": 3,
          "lit": "text"
        ***,
        "value": ""
      ***
    ]
  ***,
  "execution": {
    "executionType": "nodeJS",
    "hasPre": false,
    "hasPost": false,
    "script": "index.js",
    "pre": null,
    "post": null,
    "nodeVersion": "node20",
    "cleanupCondition": "always()",
    "initCondition": "always()"
  ***,
  "deprecated": null
***
[2025-11-20 09:52:38Z INFO ActionManager] Action pre node.js file: N/A.
[2025-11-20 09:52:38Z INFO ActionManager] Action node.js file: index.js.
[2025-11-20 09:52:38Z INFO ActionManager] Action post node.js file: N/A.
[2025-11-20 09:52:38Z INFO HostContext] Well known directory 'Bin': 'C:\Projects\unity-build-pipeline\actions-runner\bin'
[2025-11-20 09:52:38Z INFO HostContext] Well known directory 'Root': 'C:\Projects\unity-build-pipeline\actions-runner'
[2025-11-20 09:52:38Z INFO HostContext] Well known directory 'Work': 'C:\Projects\unity-build-pipeline\actions-runner\_work'
[2025-11-20 09:52:38Z INFO HostContext] Well known directory 'Actions': 'C:\Projects\unity-build-pipeline\actions-runner\_work\_actions'
[2025-11-20 09:52:38Z INFO HostContext] Well known directory 'Bin': 'C:\Projects\unity-build-pipeline\actions-runner\bin'
[2025-11-20 09:52:38Z INFO HostContext] Well known directory 'Root': 'C:\Projects\unity-build-pipeline\actions-runner'
[2025-11-20 09:52:38Z INFO HostContext] Well known directory 'Work': 'C:\Projects\unity-build-pipeline\actions-runner\_work'
[2025-11-20 09:52:38Z INFO HostContext] Well known directory 'Actions': 'C:\Projects\unity-build-pipeline\actions-runner\_work\_actions'
[2025-11-20 09:52:38Z INFO ActionManifestManager] Ignore action property author.
[2025-11-20 09:52:38Z INFO ActionManifestManager] Ignore action property branding.
[2025-11-20 09:52:38Z INFO ActionManifestManager] Loaded action.yml file: {
  "name": "Slack Markdown Converter",
  "description": "Converts markdown to Slack's mrkdwn",
  "inputs": {
    "type": 2,
    "map": [
      {
        "key": {
          "type": 0,
          "file": 4,
          "line": 5,
          "col": 3,
          "lit": "text"
        ***,
        "value": ""
      ***
    ]
  ***,
  "execution": {
    "executionType": "nodeJS",
    "hasPre": false,
    "hasPost": false,
    "script": "index.js",
    "pre": null,
    "post": null,
    "nodeVersion": "node20",
    "cleanupCondition": "always()",
    "initCondition": "always()"
  ***,
  "deprecated": null
***
[2025-11-20 09:52:38Z INFO ActionManager] Action node.js file: index.js, no more preparation.
[2025-11-20 09:52:38Z INFO HostContext] Well known directory 'Bin': 'C:\Projects\unity-build-pipeline\actions-runner\bin'
[2025-11-20 09:52:38Z INFO HostContext] Well known directory 'Root': 'C:\Projects\unity-build-pipeline\actions-runner'
[2025-11-20 09:52:38Z INFO HostContext] Well known directory 'Work': 'C:\Projects\unity-build-pipeline\actions-runner\_work'
[2025-11-20 09:52:38Z INFO HostContext] Well known directory 'Actions': 'C:\Projects\unity-build-pipeline\actions-runner\_work\_actions'
[2025-11-20 09:52:38Z INFO ActionManager] Load action that reference repository from 'C:\Projects\unity-build-pipeline\actions-runner\_work\_actions\LoveToKnow\slackify-markdown-action\698a1d4d0ff1794152a93c03ee8ca5e03a310d4e'
[2025-11-20 09:52:38Z INFO HostContext] Well known directory 'Bin': 'C:\Projects\unity-build-pipeline\actions-runner\bin'
[2025-11-20 09:52:38Z INFO HostContext] Well known directory 'Root': 'C:\Projects\unity-build-pipeline\actions-runner'
[2025-11-20 09:52:38Z INFO HostContext] Well known directory 'Work': 'C:\Projects\unity-build-pipeline\actions-runner\_work'
[2025-11-20 09:52:38Z INFO HostContext] Well known directory 'Actions': 'C:\Projects\unity-build-pipeline\actions-runner\_work\_actions'
[2025-11-20 09:52:38Z INFO ActionManifestManager] Ignore action property author.
[2025-11-20 09:52:38Z INFO ActionManifestManager] Ignore action property branding.
[2025-11-20 09:52:38Z INFO ActionManifestManager] Loaded action.yml file: {
  "name": "Slack Markdown Converter",
  "description": "Converts markdown to Slack's mrkdwn",
  "inputs": {
    "type": 2,
    "map": [
      {
        "key": {
          "type": 0,
          "file": 4,
          "line": 5,
          "col": 3,
          "lit": "text"
        ***,
        "value": ""
      ***
    ]
  ***,
  "execution": {
    "executionType": "nodeJS",
    "hasPre": false,
    "hasPost": false,
    "script": "index.js",
    "pre": null,
    "post": null,
    "nodeVersion": "node20",
    "cleanupCondition": "always()",
    "initCondition": "always()"
  ***,
  "deprecated": null
***
[2025-11-20 09:52:38Z INFO ActionManager] Action pre node.js file: N/A.
[2025-11-20 09:52:38Z INFO ActionManager] Action node.js file: index.js.
[2025-11-20 09:52:38Z INFO ActionManager] Action post node.js file: N/A.
[2025-11-20 09:52:38Z INFO HostContext] Well known directory 'Bin': 'C:\Projects\unity-build-pipeline\actions-runner\bin'
[2025-11-20 09:52:38Z INFO HostContext] Well known directory 'Root': 'C:\Projects\unity-build-pipeline\actions-runner'
[2025-11-20 09:52:38Z INFO HostContext] Well known directory 'Work': 'C:\Projects\unity-build-pipeline\actions-runner\_work'
[2025-11-20 09:52:38Z INFO HostContext] Well known directory 'Actions': 'C:\Projects\unity-build-pipeline\actions-runner\_work\_actions'
[2025-11-20 09:52:38Z INFO HostContext] Well known directory 'Bin': 'C:\Projects\unity-build-pipeline\actions-runner\bin'
[2025-11-20 09:52:38Z INFO HostContext] Well known directory 'Root': 'C:\Projects\unity-build-pipeline\actions-runner'
[2025-11-20 09:52:38Z INFO HostContext] Well known directory 'Work': 'C:\Projects\unity-build-pipeline\actions-runner\_work'
[2025-11-20 09:52:38Z INFO HostContext] Well known directory 'Actions': 'C:\Projects\unity-build-pipeline\actions-runner\_work\_actions'
[2025-11-20 09:52:38Z INFO ActionManifestManager] Ignore action property author.
[2025-11-20 09:52:38Z INFO ActionManifestManager] Ignore action property branding.
[2025-11-20 09:52:38Z INFO ActionManifestManager] Loaded action.yml file: {
  "name": "Slack Markdown Converter",
  "description": "Converts markdown to Slack's mrkdwn",
  "inputs": {
    "type": 2,
    "map": [
      {
        "key": {
          "type": 0,
          "file": 4,
          "line": 5,
          "col": 3,
          "lit": "text"
        ***,
        "value": ""
      ***
    ]
  ***,
  "execution": {
    "executionType": "nodeJS",
    "hasPre": false,
    "hasPost": false,
    "script": "index.js",
    "pre": null,
    "post": null,
    "nodeVersion": "node20",
    "cleanupCondition": "always()",
    "initCondition": "always()"
  ***,
  "deprecated": null
***
[2025-11-20 09:52:38Z INFO ActionManager] Action node.js file: index.js, no more preparation.
[2025-11-20 09:52:38Z INFO HostContext] Well known directory 'Bin': 'C:\Projects\unity-build-pipeline\actions-runner\bin'
[2025-11-20 09:52:38Z INFO HostContext] Well known directory 'Root': 'C:\Projects\unity-build-pipeline\actions-runner'
[2025-11-20 09:52:38Z INFO HostContext] Well known directory 'Work': 'C:\Projects\unity-build-pipeline\actions-runner\_work'
[2025-11-20 09:52:38Z INFO HostContext] Well known directory 'Actions': 'C:\Projects\unity-build-pipeline\actions-runner\_work\_actions'
[2025-11-20 09:52:38Z INFO ActionManager] Load action that reference repository from 'C:\Projects\unity-build-pipeline\actions-runner\_work\_actions\LoveToKnow\slackify-markdown-action\698a1d4d0ff1794152a93c03ee8ca5e03a310d4e'
[2025-11-20 09:52:38Z INFO HostContext] Well known directory 'Bin': 'C:\Projects\unity-build-pipeline\actions-runner\bin'
[2025-11-20 09:52:38Z INFO HostContext] Well known directory 'Root': 'C:\Projects\unity-build-pipeline\actions-runner'
[2025-11-20 09:52:38Z INFO HostContext] Well known directory 'Work': 'C:\Projects\unity-build-pipeline\actions-runner\_work'
[2025-11-20 09:52:38Z INFO HostContext] Well known directory 'Actions': 'C:\Projects\unity-build-pipeline\actions-runner\_work\_actions'
[2025-11-20 09:52:38Z INFO ActionManifestManager] Ignore action property author.
[2025-11-20 09:52:38Z INFO ActionManifestManager] Ignore action property branding.
[2025-11-20 09:52:38Z INFO ActionManifestManager] Loaded action.yml file: {
  "name": "Slack Markdown Converter",
  "description": "Converts markdown to Slack's mrkdwn",
  "inputs": {
    "type": 2,
    "map": [
      {
        "key": {
          "type": 0,
          "file": 4,
          "line": 5,
          "col": 3,
          "lit": "text"
        ***,
        "value": ""
      ***
    ]
  ***,
  "execution": {
    "executionType": "nodeJS",
    "hasPre": false,
    "hasPost": false,
    "script": "index.js",
    "pre": null,
    "post": null,
    "nodeVersion": "node20",
    "cleanupCondition": "always()",
    "initCondition": "always()"
  ***,
  "deprecated": null
***
[2025-11-20 09:52:38Z INFO ActionManager] Action pre node.js file: N/A.
[2025-11-20 09:52:38Z INFO ActionManager] Action node.js file: index.js.
[2025-11-20 09:52:38Z INFO ActionManager] Action post node.js file: N/A.
[2025-11-20 09:52:38Z INFO HostContext] Well known directory 'Bin': 'C:\Projects\unity-build-pipeline\actions-runner\bin'
[2025-11-20 09:52:38Z INFO HostContext] Well known directory 'Root': 'C:\Projects\unity-build-pipeline\actions-runner'
[2025-11-20 09:52:38Z INFO HostContext] Well known directory 'Work': 'C:\Projects\unity-build-pipeline\actions-runner\_work'
[2025-11-20 09:52:38Z INFO HostContext] Well known directory 'Actions': 'C:\Projects\unity-build-pipeline\actions-runner\_work\_actions'
[2025-11-20 09:52:38Z INFO HostContext] Well known directory 'Bin': 'C:\Projects\unity-build-pipeline\actions-runner\bin'
[2025-11-20 09:52:38Z INFO HostContext] Well known directory 'Root': 'C:\Projects\unity-build-pipeline\actions-runner'
[2025-11-20 09:52:38Z INFO HostContext] Well known directory 'Work': 'C:\Projects\unity-build-pipeline\actions-runner\_work'
[2025-11-20 09:52:38Z INFO HostContext] Well known directory 'Actions': 'C:\Projects\unity-build-pipeline\actions-runner\_work\_actions'
[2025-11-20 09:52:38Z INFO ActionManifestManager] Ignore action property author.
[2025-11-20 09:52:38Z INFO ActionManifestManager] Ignore action property branding.
[2025-11-20 09:52:38Z INFO ActionManifestManager] Loaded action.yml file: {
  "name": "Slack Markdown Converter",
  "description": "Converts markdown to Slack's mrkdwn",
  "inputs": {
    "type": 2,
    "map": [
      {
        "key": {
          "type": 0,
          "file": 4,
          "line": 5,
          "col": 3,
          "lit": "text"
        ***,
        "value": ""
      ***
    ]
  ***,
  "execution": {
    "executionType": "nodeJS",
    "hasPre": false,
    "hasPost": false,
    "script": "index.js",
    "pre": null,
    "post": null,
    "nodeVersion": "node20",
    "cleanupCondition": "always()",
    "initCondition": "always()"
  ***,
  "deprecated": null
***
[2025-11-20 09:52:38Z INFO ActionManager] Action node.js file: index.js, no more preparation.
[2025-11-20 09:52:38Z INFO HostContext] Well known directory 'Bin': 'C:\Projects\unity-build-pipeline\actions-runner\bin'
[2025-11-20 09:52:38Z INFO HostContext] Well known directory 'Root': 'C:\Projects\unity-build-pipeline\actions-runner'
[2025-11-20 09:52:38Z INFO HostContext] Well known directory 'Work': 'C:\Projects\unity-build-pipeline\actions-runner\_work'
[2025-11-20 09:52:38Z INFO HostContext] Well known directory 'Actions': 'C:\Projects\unity-build-pipeline\actions-runner\_work\_actions'
[2025-11-20 09:52:38Z INFO ActionManager] Load action that reference repository from 'C:\Projects\unity-build-pipeline\actions-runner\_work\_actions\LoveToKnow\slackify-markdown-action\698a1d4d0ff1794152a93c03ee8ca5e03a310d4e'
[2025-11-20 09:52:38Z INFO HostContext] Well known directory 'Bin': 'C:\Projects\unity-build-pipeline\actions-runner\bin'
[2025-11-20 09:52:38Z INFO HostContext] Well known directory 'Root': 'C:\Projects\unity-build-pipeline\actions-runner'
[2025-11-20 09:52:38Z INFO HostContext] Well known directory 'Work': 'C:\Projects\unity-build-pipeline\actions-runner\_work'
[2025-11-20 09:52:38Z INFO HostContext] Well known directory 'Actions': 'C:\Projects\unity-build-pipeline\actions-runner\_work\_actions'
[2025-11-20 09:52:38Z INFO ActionManifestManager] Ignore action property author.
[2025-11-20 09:52:38Z INFO ActionManifestManager] Ignore action property branding.
[2025-11-20 09:52:38Z INFO ActionManifestManager] Loaded action.yml file: {
  "name": "Slack Markdown Converter",
  "description": "Converts markdown to Slack's mrkdwn",
  "inputs": {
    "type": 2,
    "map": [
      {
        "key": {
          "type": 0,
          "file": 4,
          "line": 5,
          "col": 3,
          "lit": "text"
        ***,
        "value": ""
      ***
    ]
  ***,
  "execution": {
    "executionType": "nodeJS",
    "hasPre": false,
    "hasPost": false,
    "script": "index.js",
    "pre": null,
    "post": null,
    "nodeVersion": "node20",
    "cleanupCondition": "always()",
    "initCondition": "always()"
  ***,
  "deprecated": null
***
[2025-11-20 09:52:38Z INFO ActionManager] Action pre node.js file: N/A.
[2025-11-20 09:52:38Z INFO ActionManager] Action node.js file: index.js.
[2025-11-20 09:52:38Z INFO ActionManager] Action post node.js file: N/A.
[2025-11-20 09:52:38Z INFO HostContext] Well known directory 'Bin': 'C:\Projects\unity-build-pipeline\actions-runner\bin'
[2025-11-20 09:52:38Z INFO HostContext] Well known directory 'Root': 'C:\Projects\unity-build-pipeline\actions-runner'
[2025-11-20 09:52:38Z INFO HostContext] Well known directory 'Work': 'C:\Projects\unity-build-pipeline\actions-runner\_work'
[2025-11-20 09:52:38Z INFO HostContext] Well known directory 'Actions': 'C:\Projects\unity-build-pipeline\actions-runner\_work\_actions'
[2025-11-20 09:52:38Z INFO ActionManager] Load action that reference repository from 'C:\Projects\unity-build-pipeline\actions-runner\_work\_actions\rtCamp\action-slack-notify\v2'
[2025-11-20 09:52:38Z INFO HostContext] Well known directory 'Bin': 'C:\Projects\unity-build-pipeline\actions-runner\bin'
[2025-11-20 09:52:38Z INFO HostContext] Well known directory 'Root': 'C:\Projects\unity-build-pipeline\actions-runner'
[2025-11-20 09:52:38Z INFO HostContext] Well known directory 'Work': 'C:\Projects\unity-build-pipeline\actions-runner\_work'
[2025-11-20 09:52:38Z INFO HostContext] Well known directory 'Actions': 'C:\Projects\unity-build-pipeline\actions-runner\_work\_actions'
[2025-11-20 09:52:38Z INFO ActionManifestManager] Ignore action property author.
[2025-11-20 09:52:38Z INFO ActionManifestManager] Ignore action property branding.
[2025-11-20 09:52:38Z INFO ActionManifestManager] Loaded action.yml file: {
  "name": "Slack Notify",
  "description": "This action will send a notification to Slack",
  "inputs": null,
  "execution": {
    "executionType": "composite",
    "hasPre": false,
    "hasPost": false,
    "preSteps": [],
    "steps": [
      {
        "type": "action",
        "reference": {
          "type": "repository",
          "name": "LoveToKnow/slackify-markdown-action",
          "ref": "698a1d4d0ff1794152a93c03ee8ca5e03a310d4e",
          "repositoryType": "GitHub",
          "path": ""
        ***,
        "displayNameToken": {
          "type": 0,
          "file": 3,
          "line": 7,
          "col": 15,
          "lit": "Slack-Markdown Message Conversion"
        ***,
        "contextName": "slackify_message",
        "inputs": {
          "type": 2,
          "file": 3,
          "line": 12,
          "col": 11,
          "map": [
            {
              "key": {
                "type": 0,
                "file": 3,
                "line": 12,
                "col": 11,
                "lit": "text"
              ***,
              "value": {
                "type": 3,
                "file": 3,
                "line": 12,
                "col": 17,
                "expr": "env.SLACK_MESSAGE"
              ***
            ***
          ]
        ***,
        "condition": "success() && (env.SLACKIFY_MARKDOWN == 'true' && env.SLACK_MESSAGE != '')"
      ***,
      {
        "type": "action",
        "reference": {
          "type": "repository",
          "name": "LoveToKnow/slackify-markdown-action",
          "ref": "698a1d4d0ff1794152a93c03ee8ca5e03a310d4e",
          "repositoryType": "GitHub",
          "path": ""
        ***,
        "displayNameToken": {
          "type": 0,
          "file": 3,
          "line": 14,
          "col": 15,
          "lit": "Slack-Markdown Success Message Conversion"
        ***,
        "contextName": "slackify_success_message",
        "inputs": {
          "type": 2,
          "file": 3,
          "line": 19,
          "col": 11,
          "map": [
            {
              "key": {
                "type": 0,
                "file": 3,
                "line": 19,
                "col": 11,
                "lit": "text"
              ***,
              "value": {
                "type": 3,
                "file": 3,
                "line": 19,
                "col": 17,
                "expr": "env.SLACK_MESSAGE_ON_SUCCESS"
              ***
            ***
          ]
        ***,
        "condition": "success() && (env.SLACKIFY_MARKDOWN == 'true' && env.SLACK_MESSAGE_ON_SUCCESS != '')"
      ***,
      {
        "type": "action",
        "reference": {
          "type": "repository",
          "name": "LoveToKnow/slackify-markdown-action",
          "ref": "698a1d4d0ff1794152a93c03ee8ca5e03a310d4e",
          "repositoryType": "GitHub",
          "path": ""
        ***,
        "displayNameToken": {
          "type": 0,
          "file": 3,
          "line": 21,
          "col": 15,
          "lit": "Slack-Markdown Failure Message Conversion"
        ***,
        "contextName": "slackify_failure_message",
        "inputs": {
          "type": 2,
          "file": 3,
          "line": 26,
          "col": 11,
          "map": [
            {
              "key": {
                "type": 0,
                "file": 3,
                "line": 26,
                "col": 11,
                "lit": "text"
              ***,
              "value": {
                "type": 3,
                "file": 3,
                "line": 26,
                "col": 17,
                "expr": "env.SLACK_MESSAGE_ON_FAILURE"
              ***
            ***
          ]
        ***,
        "condition": "success() && (env.SLACKIFY_MARKDOWN == 'true' && env.SLACK_MESSAGE_ON_FAILURE != '')"
      ***,
      {
        "type": "action",
        "reference": {
          "type": "repository",
          "name": "LoveToKnow/slackify-markdown-action",
          "ref": "698a1d4d0ff1794152a93c03ee8ca5e03a310d4e",
          "repositoryType": "GitHub",
          "path": ""
        ***,
        "displayNameToken": {
          "type": 0,
          "file": 3,
          "line": 28,
          "col": 15,
          "lit": "Slack-Markdown Cancel Message Conversion"
        ***,
        "contextName": "slackify_cancel_message",
        "inputs": {
          "type": 2,
          "file": 3,
          "line": 33,
          "col": 11,
          "map": [
            {
              "key": {
                "type": 0,
                "file": 3,
                "line": 33,
                "col": 11,
                "lit": "text"
              ***,
              "value": {
                "type": 3,
                "file": 3,
                "line": 33,
                "col": 17,
                "expr": "env.SLACK_MESSAGE_ON_CANCEL"
              ***
            ***
          ]
        ***,
        "condition": "success() && (env.SLACKIFY_MARKDOWN == 'true' && env.SLACK_MESSAGE_ON_CANCEL != '')"
      ***,
      {
        "type": "action",
        "reference": {
          "type": "containerRegistry",
          "image": "ghcr.io/rtcamp/action-slack-notify:v2.3.3"
        ***,
        "displayNameToken": {
          "type": 0,
          "file": 3,
          "line": 35,
          "col": 15,
          "lit": "Slack Notification (Formatted)"
        ***,
        "contextName": "__ghcr_io_rtcamp_action-slack-notify_v2_3_3",
        "environment": {
          "type": 2,
          "file": 3,
          "line": 38,
          "col": 11,
          "map": [
            {
              "key": {
                "type": 0,
                "file": 3,
                "line": 38,
                "col": 11,
                "lit": "SLACK_MESSAGE"
              ***,
              "value": {
                "type": 3,
                "file": 3,
                "line": 38,
                "col": 26,
                "expr": "steps.slackify_message.outputs.text || env.SLACK_MESSAGE"
              ***
            ***,
            {
              "key": {
                "type": 0,
                "file": 3,
                "line": 39,
                "col": 11,
                "lit": "SLACK_MESSAGE_ON_SUCCESS"
              ***,
              "value": {
                "type": 3,
                "file": 3,
                "line": 39,
                "col": 37,
                "expr": "steps.slackify_success_message.outputs.text || env.SLACK_MESSAGE_ON_SUCCESS"
              ***
            ***,
            {
              "key": {
                "type": 0,
                "file": 3,
                "line": 40,
                "col": 11,
                "lit": "SLACK_MESSAGE_ON_FAILURE"
              ***,
              "value": {
                "type": 3,
                "file": 3,
                "line": 40,
                "col": 37,
                "expr": "steps.slackify_failure_message.outputs.text || env.SLACK_MESSAGE_ON_FAILURE"
              ***
            ***,
            {
              "key": {
                "type": 0,
                "file": 3,
                "line": 41,
                "col": 11,
                "lit": "SLACK_MESSAGE_ON_CANCEL"
              ***,
              "value": {
                "type": 3,
                "file": 3,
                "line": 41,
                "col": 36,
                "expr": "steps.slackify_cancel_message.outputs.text || env.SLACK_MESSAGE_ON_CANCEL"
              ***
            ***,
            {
              "key": {
                "type": 0,
                "file": 3,
                "line": 42,
                "col": 11,
                "lit": "GITHUB_RUN"
              ***,
              "value": {
                "type": 3,
                "file": 3,
                "line": 42,
                "col": 23,
                "expr": "format('{0***/actions/runs/{1***', github.event.repository.html_url, github.run_id)"
              ***
            ***,
            {
              "key": {
                "type": 0,
                "file": 3,
                "line": 43,
                "col": 11,
                "lit": "ENABLE_ESCAPES"
              ***,
              "value": {
                "type": 0,
                "file": 3,
                "line": 43,
                "col": 27,
                "lit": "true"
              ***
            ***
          ]
        ***,
        "condition": "success() && (env.SLACKIFY_MARKDOWN == 'true')"
      ***,
      {
        "type": "action",
        "reference": {
          "type": "containerRegistry",
          "image": "ghcr.io/rtcamp/action-slack-notify:v2.3.3"
        ***,
        "displayNameToken": {
          "type": 0,
          "file": 3,
          "line": 46,
          "col": 15,
          "lit": "Slack Notification (Unformatted)"
        ***,
        "contextName": "__ghcr_io_rtcamp_action-slack-notify_v2_3_3_2",
        "environment": {
          "type": 2,
          "file": 3,
          "line": 50,
          "col": 11,
          "map": [
            {
              "key": {
                "type": 0,
                "file": 3,
                "line": 50,
                "col": 11,
                "lit": "GITHUB_RUN"
              ***,
              "value": {
                "type": 3,
                "file": 3,
                "line": 50,
                "col": 23,
                "expr": "format('{0***/actions/runs/{1***', github.event.repository.html_url, github.run_id)"
              ***
            ***
          ]
        ***,
        "condition": "success() && (env.SLACKIFY_MARKDOWN != 'true')"
      ***
    ],
    "postSteps": [],
    "outputs": null,
    "cleanupCondition": "always()",
    "initCondition": "always()"
  ***,
  "deprecated": null
***
[2025-11-20 09:52:38Z INFO ActionManager] Load 6 action steps.
[2025-11-20 09:52:38Z INFO ActionManager] Load: 0 number of outputs
[2025-11-20 09:52:38Z INFO ActionManager] Details: null
[2025-11-20 09:52:38Z INFO ActionManager] 2 steps need to pull image 'ghcr.io/rtcamp/action-slack-notify:v2.3.3'
[2025-11-20 09:52:38Z INFO JobExtension] Adding .
[2025-11-20 09:52:38Z INFO JobExtension] Adding .
[2025-11-20 09:52:38Z INFO JobExtension] Adding .
[2025-11-20 09:52:38Z INFO JobExtension] Adding .
[2025-11-20 09:52:38Z INFO HostContext] Well known directory 'Bin': 'C:\Projects\unity-build-pipeline\actions-runner\bin'
[2025-11-20 09:52:38Z INFO HostContext] Well known directory 'Root': 'C:\Projects\unity-build-pipeline\actions-runner'
[2025-11-20 09:52:38Z INFO HostContext] Well known directory 'Diag': 'C:\Projects\unity-build-pipeline\actions-runner\_diag'
[2025-11-20 09:52:38Z INFO HostContext] Well known directory 'Bin': 'C:\Projects\unity-build-pipeline\actions-runner\bin'
[2025-11-20 09:52:38Z INFO HostContext] Well known directory 'Root': 'C:\Projects\unity-build-pipeline\actions-runner'
[2025-11-20 09:52:38Z INFO HostContext] Well known directory 'Diag': 'C:\Projects\unity-build-pipeline\actions-runner\_diag'
[2025-11-20 09:52:38Z INFO HostContext] Well known directory 'Bin': 'C:\Projects\unity-build-pipeline\actions-runner\bin'
[2025-11-20 09:52:38Z INFO HostContext] Well known directory 'Root': 'C:\Projects\unity-build-pipeline\actions-runner'
[2025-11-20 09:52:38Z INFO HostContext] Well known directory 'Diag': 'C:\Projects\unity-build-pipeline\actions-runner\_diag'
[2025-11-20 09:52:38Z INFO HostContext] Well known directory 'Bin': 'C:\Projects\unity-build-pipeline\actions-runner\bin'
[2025-11-20 09:52:38Z INFO HostContext] Well known directory 'Root': 'C:\Projects\unity-build-pipeline\actions-runner'
[2025-11-20 09:52:38Z INFO HostContext] Well known directory 'Diag': 'C:\Projects\unity-build-pipeline\actions-runner\_diag'
[2025-11-20 09:52:38Z INFO HostContext] Well known directory 'Bin': 'C:\Projects\unity-build-pipeline\actions-runner\bin'
[2025-11-20 09:52:38Z INFO HostContext] Well known directory 'Root': 'C:\Projects\unity-build-pipeline\actions-runner'
[2025-11-20 09:52:38Z INFO HostContext] Well known directory 'Diag': 'C:\Projects\unity-build-pipeline\actions-runner\_diag'
[2025-11-20 09:52:38Z INFO HostContext] Well known directory 'Bin': 'C:\Projects\unity-build-pipeline\actions-runner\bin'
[2025-11-20 09:52:38Z INFO HostContext] Well known directory 'Root': 'C:\Projects\unity-build-pipeline\actions-runner'
[2025-11-20 09:52:38Z INFO HostContext] Well known directory 'Diag': 'C:\Projects\unity-build-pipeline\actions-runner\_diag'
[2025-11-20 09:52:38Z INFO HostContext] Well known directory 'Bin': 'C:\Projects\unity-build-pipeline\actions-runner\bin'
[2025-11-20 09:52:38Z INFO HostContext] Well known directory 'Root': 'C:\Projects\unity-build-pipeline\actions-runner'
[2025-11-20 09:52:38Z INFO HostContext] Well known directory 'Diag': 'C:\Projects\unity-build-pipeline\actions-runner\_diag'
[2025-11-20 09:52:38Z INFO HostContext] Well known directory 'Bin': 'C:\Projects\unity-build-pipeline\actions-runner\bin'
[2025-11-20 09:52:38Z INFO HostContext] Well known directory 'Root': 'C:\Projects\unity-build-pipeline\actions-runner'
[2025-11-20 09:52:38Z INFO HostContext] Well known directory 'Diag': 'C:\Projects\unity-build-pipeline\actions-runner\_diag'
[2025-11-20 09:52:38Z INFO JobExtension] Total accessible running process: 386.
[2025-11-20 09:52:38Z INFO HostContext] Well known directory 'Bin': 'C:\Projects\unity-build-pipeline\actions-runner\bin'
[2025-11-20 09:52:38Z INFO HostContext] Well known directory 'Root': 'C:\Projects\unity-build-pipeline\actions-runner'
[2025-11-20 09:52:38Z INFO HostContext] Well known directory 'Work': 'C:\Projects\unity-build-pipeline\actions-runner\_work'
[2025-11-20 09:52:38Z INFO JobExtension] Start checking service connectivity in background.
[2025-11-20 09:52:38Z INFO ExecutionContext] Publish step telemetry for current step {
  "action": "setup_job",
  "type": "runner",
  "stage": "Pre",
  "stepId": "1298aa8b-cf53-4534-943f-8db751219354",
  "result": "succeeded",
  "errorMessages": [],
  "executionTimeInSeconds": 13,
  "startTime": "2025-11-20T09:52:25.9074772Z",
  "finishTime": "2025-11-20T09:52:38.3499149Z"
***.
[2025-11-20 09:52:38Z INFO JobRunner] Total job steps: 4.
[2025-11-20 09:52:38Z INFO JobRunner] Run all job steps.
[2025-11-20 09:52:38Z INFO StepsRunner] Processing step: DisplayName='Checkout repo with private submodule authentication'
[2025-11-20 09:52:38Z INFO StepsRunner] Evaluating: success()
[2025-11-20 09:52:38Z INFO StepsRunner] Result: true
[2025-11-20 09:52:38Z INFO StepsRunner] Starting the step.
[2025-11-20 09:52:38Z INFO HostContext] Well known directory 'Bin': 'C:\Projects\unity-build-pipeline\actions-runner\bin'
[2025-11-20 09:52:38Z INFO HostContext] Well known directory 'Root': 'C:\Projects\unity-build-pipeline\actions-runner'
[2025-11-20 09:52:38Z INFO HostContext] Well known directory 'Work': 'C:\Projects\unity-build-pipeline\actions-runner\_work'
[2025-11-20 09:52:38Z INFO StepsRunner] Which2: 'chcp'
[2025-11-20 09:52:38Z INFO StepsRunner] Location: 'C:\WINDOWS\system32\chcp.COM'
[2025-11-20 09:52:38Z INFO ProcessInvokerWrapper] Starting process:
[2025-11-20 09:52:38Z INFO ProcessInvokerWrapper]   File name: 'C:\WINDOWS\system32\chcp.COM'
[2025-11-20 09:52:38Z INFO ProcessInvokerWrapper]   Arguments: '65001'
[2025-11-20 09:52:38Z INFO ProcessInvokerWrapper]   Working directory: 'C:\Projects\unity-build-pipeline\actions-runner\_work'
[2025-11-20 09:52:38Z INFO ProcessInvokerWrapper]   Require exit code zero: 'False'
[2025-11-20 09:52:38Z INFO ProcessInvokerWrapper]   Encoding web name:  ; code page: ''
[2025-11-20 09:52:38Z INFO ProcessInvokerWrapper]   Force kill process on cancellation: 'False'
[2025-11-20 09:52:38Z INFO ProcessInvokerWrapper]   Redirected STDIN: 'False'
[2025-11-20 09:52:38Z INFO ProcessInvokerWrapper]   Persist current code page: 'True'
[2025-11-20 09:52:38Z INFO ProcessInvokerWrapper]   Keep redirected STDIN open: 'False'
[2025-11-20 09:52:38Z INFO ProcessInvokerWrapper]   High priority process: 'False'
[2025-11-20 09:52:38Z INFO ProcessInvokerWrapper] Process started with process id 29588, waiting for process exit.
[2025-11-20 09:52:38Z INFO ProcessInvokerWrapper] STDOUT/STDERR stream read finished.
[2025-11-20 09:52:38Z INFO ProcessInvokerWrapper] STDOUT/STDERR stream read finished.
[2025-11-20 09:52:38Z INFO ProcessInvokerWrapper] Finished process 29588 with exit code 0, and elapsed time 00:00:00.0213309.
[2025-11-20 09:52:38Z INFO StepsRunner] Successfully returned to code page 65001 (UTF8)
[2025-11-20 09:52:38Z INFO JobServerQueue] Try to append 1 batches web console lines for record '1298aa8b-cf53-4534-943f-8db751219354', success rate: 1/1.
[2025-11-20 09:52:38Z INFO HostContext] Well known directory 'Bin': 'C:\Projects\unity-build-pipeline\actions-runner\bin'
[2025-11-20 09:52:38Z INFO HostContext] Well known directory 'Root': 'C:\Projects\unity-build-pipeline\actions-runner'
[2025-11-20 09:52:38Z INFO HostContext] Well known directory 'Work': 'C:\Projects\unity-build-pipeline\actions-runner\_work'
[2025-11-20 09:52:38Z INFO HostContext] Well known directory 'Actions': 'C:\Projects\unity-build-pipeline\actions-runner\_work\_actions'
[2025-11-20 09:52:38Z INFO ActionManager] Load action that reference repository from 'C:\Projects\unity-build-pipeline\actions-runner\_work\_actions\actions\checkout\v4'
[2025-11-20 09:52:38Z INFO HostContext] Well known directory 'Bin': 'C:\Projects\unity-build-pipeline\actions-runner\bin'
[2025-11-20 09:52:38Z INFO HostContext] Well known directory 'Root': 'C:\Projects\unity-build-pipeline\actions-runner'
[2025-11-20 09:52:38Z INFO HostContext] Well known directory 'Work': 'C:\Projects\unity-build-pipeline\actions-runner\_work'
[2025-11-20 09:52:38Z INFO HostContext] Well known directory 'Actions': 'C:\Projects\unity-build-pipeline\actions-runner\_work\_actions'
[2025-11-20 09:52:38Z INFO ActionManifestManager] Loaded action.yml file: {
  "name": "Checkout",
  "description": "Checkout a Git repository at a particular version",
  "inputs": {
    "type": 2,
    "map": [
      {
        "key": {
          "type": 0,
          "file": 2,
          "line": 4,
          "col": 3,
          "lit": "repository"
        ***,
        "value": {
          "type": 3,
          "file": 2,
          "line": 6,
          "col": 14,
          "expr": "github.repository"
        ***
      ***,
      {
        "key": {
          "type": 0,
          "file": 2,
          "line": 7,
          "col": 3,
          "lit": "ref"
        ***,
        "value": ""
      ***,
      {
        "key": {
          "type": 0,
          "file": 2,
          "line": 12,
          "col": 3,
          "lit": "token"
        ***,
        "value": {
          "type": 3,
          "file": 2,
          "line": 24,
          "col": 14,
          "expr": "github.token"
        ***
      ***,
      {
        "key": {
          "type": 0,
          "file": 2,
          "line": 25,
          "col": 3,
          "lit": "ssh-key"
        ***,
        "value": ""
      ***,
      {
        "key": {
          "type": 0,
          "file": 2,
          "line": 37,
          "col": 3,
          "lit": "ssh-known-hosts"
        ***,
        "value": ""
      ***,
      {
        "key": {
          "type": 0,
          "file": 2,
          "line": 42,
          "col": 3,
          "lit": "ssh-strict"
        ***,
        "value": {
          "type": 0,
          "file": 2,
          "line": 47,
          "col": 14,
          "lit": "true"
        ***
      ***,
      {
        "key": {
          "type": 0,
          "file": 2,
          "line": 48,
          "col": 3,
          "lit": "ssh-user"
        ***,
        "value": {
          "type": 0,
          "file": 2,
          "line": 51,
          "col": 14,
          "lit": "git"
        ***
      ***,
      {
        "key": {
          "type": 0,
          "file": 2,
          "line": 52,
          "col": 3,
          "lit": "persist-credentials"
        ***,
        "value": {
          "type": 0,
          "file": 2,
          "line": 54,
          "col": 14,
          "lit": "true"
        ***
      ***,
      {
        "key": {
          "type": 0,
          "file": 2,
          "line": 55,
          "col": 3,
          "lit": "path"
        ***,
        "value": ""
      ***,
      {
        "key": {
          "type": 0,
          "file": 2,
          "line": 57,
          "col": 3,
          "lit": "clean"
        ***,
        "value": {
          "type": 0,
          "file": 2,
          "line": 59,
          "col": 14,
          "lit": "true"
        ***
      ***,
      {
        "key": {
          "type": 0,
          "file": 2,
          "line": 60,
          "col": 3,
          "lit": "filter"
        ***,
        "value": {
          "type": 0,
          "file": 2,
          "line": 64,
          "col": 14,
          "lit": ""
        ***
      ***,
      {
        "key": {
          "type": 0,
          "file": 2,
          "line": 65,
          "col": 3,
          "lit": "sparse-checkout"
        ***,
        "value": {
          "type": 0,
          "file": 2,
          "line": 69,
          "col": 14,
          "lit": ""
        ***
      ***,
      {
        "key": {
          "type": 0,
          "file": 2,
          "line": 70,
          "col": 3,
          "lit": "sparse-checkout-cone-mode"
        ***,
        "value": {
          "type": 0,
          "file": 2,
          "line": 73,
          "col": 14,
          "lit": "true"
        ***
      ***,
      {
        "key": {
          "type": 0,
          "file": 2,
          "line": 74,
          "col": 3,
          "lit": "fetch-depth"
        ***,
        "value": {
          "type": 0,
          "file": 2,
          "line": 76,
          "col": 14,
          "lit": "1"
        ***
      ***,
      {
        "key": {
          "type": 0,
          "file": 2,
          "line": 77,
          "col": 3,
          "lit": "fetch-tags"
        ***,
        "value": {
          "type": 0,
          "file": 2,
          "line": 79,
          "col": 14,
          "lit": "false"
        ***
      ***,
      {
        "key": {
          "type": 0,
          "file": 2,
          "line": 80,
          "col": 3,
          "lit": "show-progress"
        ***,
        "value": {
          "type": 0,
          "file": 2,
          "line": 82,
          "col": 14,
          "lit": "true"
        ***
      ***,
      {
        "key": {
          "type": 0,
          "file": 2,
          "line": 83,
          "col": 3,
          "lit": "lfs"
        ***,
        "value": {
          "type": 0,
          "file": 2,
          "line": 85,
          "col": 14,
          "lit": "false"
        ***
      ***,
      {
        "key": {
          "type": 0,
          "file": 2,
          "line": 86,
          "col": 3,
          "lit": "submodules"
        ***,
        "value": {
          "type": 0,
          "file": 2,
          "line": 94,
          "col": 14,
          "lit": "false"
        ***
      ***,
      {
        "key": {
          "type": 0,
          "file": 2,
          "line": 95,
          "col": 3,
          "lit": "set-safe-directory"
        ***,
        "value": {
          "type": 0,
          "file": 2,
          "line": 97,
          "col": 14,
          "lit": "true"
        ***
      ***,
      {
        "key": {
          "type": 0,
          "file": 2,
          "line": 98,
          "col": 3,
          "lit": "github-server-url"
        ***,
        "value": ""
      ***
    ]
  ***,
  "execution": {
    "executionType": "nodeJS",
    "hasPre": false,
    "hasPost": true,
    "script": "dist/index.js",
    "pre": null,
    "post": "dist/index.js",
    "nodeVersion": "node20",
    "cleanupCondition": "always()",
    "initCondition": "always()"
  ***,
  "deprecated": null
***
[2025-11-20 09:52:38Z INFO ActionManager] Action pre node.js file: N/A.
[2025-11-20 09:52:38Z INFO ActionManager] Action node.js file: dist/index.js.
[2025-11-20 09:52:38Z INFO ActionManager] Action post node.js file: dist/index.js.
[2025-11-20 09:52:38Z INFO ExecutionContext] Reserve record order 6 to 10 for post job actions.
[2025-11-20 09:52:38Z INFO HostContext] Well known directory 'Bin': 'C:\Projects\unity-build-pipeline\actions-runner\bin'
[2025-11-20 09:52:38Z INFO HostContext] Well known directory 'Root': 'C:\Projects\unity-build-pipeline\actions-runner'
[2025-11-20 09:52:38Z INFO HostContext] Well known directory 'Diag': 'C:\Projects\unity-build-pipeline\actions-runner\_diag'
[2025-11-20 09:52:38Z INFO HostContext] Well known directory 'Bin': 'C:\Projects\unity-build-pipeline\actions-runner\bin'
[2025-11-20 09:52:38Z INFO HostContext] Well known directory 'Root': 'C:\Projects\unity-build-pipeline\actions-runner'
[2025-11-20 09:52:38Z INFO HostContext] Well known directory 'Diag': 'C:\Projects\unity-build-pipeline\actions-runner\_diag'
[2025-11-20 09:52:38Z INFO HostContext] Well known directory 'Bin': 'C:\Projects\unity-build-pipeline\actions-runner\bin'
[2025-11-20 09:52:38Z INFO HostContext] Well known directory 'Root': 'C:\Projects\unity-build-pipeline\actions-runner'
[2025-11-20 09:52:38Z INFO HostContext] Well known directory 'Work': 'C:\Projects\unity-build-pipeline\actions-runner\_work'
[2025-11-20 09:52:38Z INFO HostContext] Well known directory 'Temp': 'C:\Projects\unity-build-pipeline\actions-runner\_work\_temp'
[2025-11-20 09:52:38Z INFO ExecutionContext] Write event payload to C:\Projects\unity-build-pipeline\actions-runner\_work\_temp\_github_workflow\event.json
[2025-11-20 09:52:38Z INFO HostContext] Well known directory 'Bin': 'C:\Projects\unity-build-pipeline\actions-runner\bin'
[2025-11-20 09:52:38Z INFO HostContext] Well known directory 'Root': 'C:\Projects\unity-build-pipeline\actions-runner'
[2025-11-20 09:52:38Z INFO HostContext] Well known directory 'Work': 'C:\Projects\unity-build-pipeline\actions-runner\_work'
[2025-11-20 09:52:38Z INFO HostContext] Well known directory 'Temp': 'C:\Projects\unity-build-pipeline\actions-runner\_work\_temp'
[2025-11-20 09:52:38Z INFO ExtensionManager] Getting extensions for interface: 'GitHub.Runner.Worker.IFileCommandExtension'
[2025-11-20 09:52:38Z INFO ExtensionManager] Creating instance: GitHub.Runner.Worker.AddPathFileCommand, Runner.Worker
[2025-11-20 09:52:38Z INFO ExtensionManager] Creating instance: GitHub.Runner.Worker.SetEnvFileCommand, Runner.Worker
[2025-11-20 09:52:38Z INFO ExtensionManager] Creating instance: GitHub.Runner.Worker.CreateStepSummaryCommand, Runner.Worker
[2025-11-20 09:52:38Z INFO ExtensionManager] Creating instance: GitHub.Runner.Worker.SaveStateFileCommand, Runner.Worker
[2025-11-20 09:52:38Z INFO ExtensionManager] Creating instance: GitHub.Runner.Worker.SetOutputFileCommand, Runner.Worker
[2025-11-20 09:52:38Z INFO ActionManifestManager] Input 'repository': default value evaluate result: {
  "type": 0,
  "file": 2,
  "line": 6,
  "col": 14,
  "lit": "AliAhmad1600/unity-build-pipeline"
***
[2025-11-20 09:52:38Z INFO ActionManifestManager] Input 'ref': default value evaluate result: ""
[2025-11-20 09:52:38Z INFO ActionManifestManager] Input 'ssh-key': default value evaluate result: ""
[2025-11-20 09:52:38Z INFO ActionManifestManager] Input 'ssh-known-hosts': default value evaluate result: ""
[2025-11-20 09:52:38Z INFO ActionManifestManager] Input 'ssh-strict': default value evaluate result: {
  "type": 0,
  "file": 2,
  "line": 47,
  "col": 14,
  "lit": "true"
***
[2025-11-20 09:52:38Z INFO ActionManifestManager] Input 'ssh-user': default value evaluate result: {
  "type": 0,
  "file": 2,
  "line": 51,
  "col": 14,
  "lit": "git"
***
[2025-11-20 09:52:38Z INFO ActionManifestManager] Input 'path': default value evaluate result: ""
[2025-11-20 09:52:38Z INFO ActionManifestManager] Input 'clean': default value evaluate result: {
  "type": 0,
  "file": 2,
  "line": 59,
  "col": 14,
  "lit": "true"
***
[2025-11-20 09:52:38Z INFO ActionManifestManager] Input 'filter': default value evaluate result: {
  "type": 0,
  "file": 2,
  "line": 64,
  "col": 14,
  "lit": ""
***
[2025-11-20 09:52:38Z INFO ActionManifestManager] Input 'sparse-checkout': default value evaluate result: {
  "type": 0,
  "file": 2,
  "line": 69,
  "col": 14,
  "lit": ""
***
[2025-11-20 09:52:38Z INFO ActionManifestManager] Input 'sparse-checkout-cone-mode': default value evaluate result: {
  "type": 0,
  "file": 2,
  "line": 73,
  "col": 14,
  "lit": "true"
***
[2025-11-20 09:52:38Z INFO ActionManifestManager] Input 'fetch-depth': default value evaluate result: {
  "type": 0,
  "file": 2,
  "line": 76,
  "col": 14,
  "lit": "1"
***
[2025-11-20 09:52:38Z INFO ActionManifestManager] Input 'fetch-tags': default value evaluate result: {
  "type": 0,
  "file": 2,
  "line": 79,
  "col": 14,
  "lit": "false"
***
[2025-11-20 09:52:38Z INFO ActionManifestManager] Input 'show-progress': default value evaluate result: {
  "type": 0,
  "file": 2,
  "line": 82,
  "col": 14,
  "lit": "true"
***
[2025-11-20 09:52:38Z INFO ActionManifestManager] Input 'lfs': default value evaluate result: {
  "type": 0,
  "file": 2,
  "line": 85,
  "col": 14,
  "lit": "false"
***
[2025-11-20 09:52:38Z INFO ActionManifestManager] Input 'set-safe-directory': default value evaluate result: {
  "type": 0,
  "file": 2,
  "line": 97,
  "col": 14,
  "lit": "true"
***
[2025-11-20 09:52:38Z INFO ActionManifestManager] Input 'github-server-url': default value evaluate result: ""
[2025-11-20 09:52:38Z INFO ExtensionManager] Getting extensions for interface: 'GitHub.Runner.Worker.IActionCommandExtension'
[2025-11-20 09:52:38Z INFO ExtensionManager] Creating instance: GitHub.Runner.Worker.InternalPluginSetRepoPathCommandExtension, Runner.Worker
[2025-11-20 09:52:38Z INFO ExtensionManager] Creating instance: GitHub.Runner.Worker.SetEnvCommandExtension, Runner.Worker
[2025-11-20 09:52:38Z INFO ExtensionManager] Creating instance: GitHub.Runner.Worker.SetOutputCommandExtension, Runner.Worker
[2025-11-20 09:52:38Z INFO ExtensionManager] Creating instance: GitHub.Runner.Worker.SaveStateCommandExtension, Runner.Worker
[2025-11-20 09:52:38Z INFO ExtensionManager] Creating instance: GitHub.Runner.Worker.AddPathCommandExtension, Runner.Worker
[2025-11-20 09:52:38Z INFO ExtensionManager] Creating instance: GitHub.Runner.Worker.AddMaskCommandExtension, Runner.Worker
[2025-11-20 09:52:38Z INFO ExtensionManager] Creating instance: GitHub.Runner.Worker.AddMatcherCommandExtension, Runner.Worker
[2025-11-20 09:52:38Z INFO ExtensionManager] Creating instance: GitHub.Runner.Worker.RemoveMatcherCommandExtension, Runner.Worker
[2025-11-20 09:52:38Z INFO ExtensionManager] Creating instance: GitHub.Runner.Worker.WarningCommandExtension, Runner.Worker
[2025-11-20 09:52:38Z INFO ExtensionManager] Creating instance: GitHub.Runner.Worker.ErrorCommandExtension, Runner.Worker
[2025-11-20 09:52:38Z INFO ExtensionManager] Creating instance: GitHub.Runner.Worker.NoticeCommandExtension, Runner.Worker
[2025-11-20 09:52:38Z INFO ExtensionManager] Creating instance: GitHub.Runner.Worker.DebugCommandExtension, Runner.Worker
[2025-11-20 09:52:38Z INFO ExtensionManager] Creating instance: GitHub.Runner.Worker.GroupCommandExtension, Runner.Worker
[2025-11-20 09:52:38Z INFO ExtensionManager] Creating instance: GitHub.Runner.Worker.EndGroupCommandExtension, Runner.Worker
[2025-11-20 09:52:38Z INFO ExtensionManager] Creating instance: GitHub.Runner.Worker.EchoCommandExtension, Runner.Worker
[2025-11-20 09:52:38Z INFO ActionCommandManager] Register action command extension for command internal-set-repo-path
[2025-11-20 09:52:38Z INFO ActionCommandManager] Register action command extension for command set-env
[2025-11-20 09:52:38Z INFO ActionCommandManager] Register action command extension for command set-output
[2025-11-20 09:52:38Z INFO ActionCommandManager] Register action command extension for command save-state
[2025-11-20 09:52:38Z INFO ActionCommandManager] Register action command extension for command add-path
[2025-11-20 09:52:38Z INFO ActionCommandManager] Register action command extension for command add-mask
[2025-11-20 09:52:38Z INFO ActionCommandManager] Register action command extension for command add-matcher
[2025-11-20 09:52:38Z INFO ActionCommandManager] Register action command extension for command remove-matcher
[2025-11-20 09:52:38Z INFO ActionCommandManager] Register action command extension for command warning
[2025-11-20 09:52:38Z INFO ActionCommandManager] Register action command extension for command error
[2025-11-20 09:52:38Z INFO ActionCommandManager] Register action command extension for command notice
[2025-11-20 09:52:38Z INFO ActionCommandManager] Register action command extension for command debug
[2025-11-20 09:52:38Z INFO ActionCommandManager] Register action command extension for command group
[2025-11-20 09:52:38Z INFO ActionCommandManager] Register action command extension for command endgroup
[2025-11-20 09:52:38Z INFO ActionCommandManager] Register action command extension for command echo
[2025-11-20 09:52:38Z INFO HostContext] Well known directory 'Bin': 'C:\Projects\unity-build-pipeline\actions-runner\bin'
[2025-11-20 09:52:38Z INFO HostContext] Well known directory 'Root': 'C:\Projects\unity-build-pipeline\actions-runner'
[2025-11-20 09:52:38Z INFO HostContext] Well known directory 'Externals': 'C:\Projects\unity-build-pipeline\actions-runner\externals'
[2025-11-20 09:52:38Z INFO ProcessInvokerWrapper] Starting process:
[2025-11-20 09:52:38Z INFO ProcessInvokerWrapper]   File name: 'C:\Projects\unity-build-pipeline\actions-runner\externals\node20\bin\node.exe'
[2025-11-20 09:52:38Z INFO ProcessInvokerWrapper]   Arguments: '"C:\Projects\unity-build-pipeline\actions-runner\_work\_actions\actions\checkout\v4\dist/index.js"'
[2025-11-20 09:52:38Z INFO ProcessInvokerWrapper]   Working directory: 'C:\Projects\unity-build-pipeline\actions-runner\_work\unity-build-pipeline\unity-build-pipeline'
[2025-11-20 09:52:38Z INFO ProcessInvokerWrapper]   Require exit code zero: 'False'
[2025-11-20 09:52:38Z INFO ProcessInvokerWrapper]   Encoding web name: utf-8 ; code page: '65001'
[2025-11-20 09:52:38Z INFO ProcessInvokerWrapper]   Force kill process on cancellation: 'False'
[2025-11-20 09:52:38Z INFO ProcessInvokerWrapper]   Redirected STDIN: 'False'
[2025-11-20 09:52:38Z INFO ProcessInvokerWrapper]   Persist current code page: 'True'
[2025-11-20 09:52:38Z INFO ProcessInvokerWrapper]   Keep redirected STDIN open: 'False'
[2025-11-20 09:52:38Z INFO ProcessInvokerWrapper]   High priority process: 'False'
[2025-11-20 09:52:38Z INFO ProcessInvokerWrapper] Process started with process id 15316, waiting for process exit.
[2025-11-20 09:52:38Z INFO JobServerQueue] Try to append 1 batches web console lines for record '1477e453-34ed-41b5-9cb8-a04da31c93c6', success rate: 1/1.
[2025-11-20 09:52:38Z INFO JobServerQueue] Got a step log file to send to results service.
[2025-11-20 09:52:38Z INFO JobServerQueue] Try to append 1 batches web console lines for record '1477e453-34ed-41b5-9cb8-a04da31c93c6', success rate: 1/1.
[2025-11-20 09:52:38Z INFO JobServerQueue] Starting upload of step log file to results service ResultsLog, C:\Projects\unity-build-pipeline\actions-runner\_diag\blocks\a025a58e-34c9-45a3-97e4-1789d5323469_1298aa8b-cf53-4534-943f-8db751219354.1
[2025-11-20 09:52:38Z INFO JobServerQueue] Try to upload 1 log files or attachments, success rate: 1/1.
[2025-11-20 09:52:38Z INFO AddMaskCommandExtension] Add new secret mask with length of 76
[2025-11-20 09:52:39Z INFO JobServerQueue] Try to append 1 batches web console lines for record '1477e453-34ed-41b5-9cb8-a04da31c93c6', success rate: 1/1.
[2025-11-20 09:52:39Z INFO JobServerQueue] Try to append 1 batches web console lines for record '1477e453-34ed-41b5-9cb8-a04da31c93c6', success rate: 1/1.
[2025-11-20 09:52:39Z INFO JobServerQueue] Try to append 1 batches web console lines for record '1477e453-34ed-41b5-9cb8-a04da31c93c6', success rate: 1/1.
[2025-11-20 09:52:40Z INFO JobServerQueue] Try to append 1 batches web console lines for record '1477e453-34ed-41b5-9cb8-a04da31c93c6', success rate: 1/1.
[2025-11-20 09:52:41Z INFO JobServerQueue] Try to append 1 batches web console lines for record '1477e453-34ed-41b5-9cb8-a04da31c93c6', success rate: 1/1.
[2025-11-20 09:52:41Z INFO JobServerQueue] Tried to upload 1 file(s) to results, success rate: 1/1.
[2025-11-20 09:52:41Z INFO JobServerQueue] Try to append 1 batches web console lines for record '1477e453-34ed-41b5-9cb8-a04da31c93c6', success rate: 1/1.
[2025-11-20 09:52:42Z INFO JobServerQueue] Try to append 1 batches web console lines for record '1477e453-34ed-41b5-9cb8-a04da31c93c6', success rate: 1/1.
[2025-11-20 09:52:42Z INFO JobServerQueue] Try to append 1 batches web console lines for record '1477e453-34ed-41b5-9cb8-a04da31c93c6', success rate: 1/1.
[2025-11-20 09:52:43Z INFO JobServerQueue] Try to append 1 batches web console lines for record '1477e453-34ed-41b5-9cb8-a04da31c93c6', success rate: 1/1.
[2025-11-20 09:52:45Z INFO JobServerQueue] Try to append 1 batches web console lines for record '1477e453-34ed-41b5-9cb8-a04da31c93c6', success rate: 1/1.
[2025-11-20 09:52:45Z INFO JobServerQueue] Try to append 1 batches web console lines for record '1477e453-34ed-41b5-9cb8-a04da31c93c6', success rate: 1/1.
[2025-11-20 09:52:47Z INFO JobServerQueue] Try to append 1 batches web console lines for record '1477e453-34ed-41b5-9cb8-a04da31c93c6', success rate: 1/1.
[2025-11-20 09:52:47Z INFO JobServerQueue] Try to append 1 batches web console lines for record '1477e453-34ed-41b5-9cb8-a04da31c93c6', success rate: 1/1.
[2025-11-20 09:52:47Z INFO JobServerQueue] Try to append 1 batches web console lines for record '1477e453-34ed-41b5-9cb8-a04da31c93c6', success rate: 1/1.
[2025-11-20 09:52:48Z INFO JobServerQueue] Try to append 1 batches web console lines for record '1477e453-34ed-41b5-9cb8-a04da31c93c6', success rate: 1/1.
[2025-11-20 09:52:48Z INFO HostContext] Well known directory 'Bin': 'C:\Projects\unity-build-pipeline\actions-runner\bin'
[2025-11-20 09:52:48Z INFO HostContext] Well known directory 'Root': 'C:\Projects\unity-build-pipeline\actions-runner'
[2025-11-20 09:52:48Z INFO HostContext] Well known directory 'Work': 'C:\Projects\unity-build-pipeline\actions-runner\_work'
[2025-11-20 09:52:49Z INFO JobServerQueue] Try to append 1 batches web console lines for record '1477e453-34ed-41b5-9cb8-a04da31c93c6', success rate: 1/1.
[2025-11-20 09:52:50Z INFO JobServerQueue] Try to append 1 batches web console lines for record '1477e453-34ed-41b5-9cb8-a04da31c93c6', success rate: 1/1.
[2025-11-20 09:52:51Z INFO JobServerQueue] Try to append 1 batches web console lines for record '1477e453-34ed-41b5-9cb8-a04da31c93c6', success rate: 1/1.
[2025-11-20 09:52:52Z INFO JobServerQueue] Try to append 1 batches web console lines for record '1477e453-34ed-41b5-9cb8-a04da31c93c6', success rate: 1/1.
[2025-11-20 09:52:53Z INFO JobServerQueue] Try to append 1 batches web console lines for record '1477e453-34ed-41b5-9cb8-a04da31c93c6', success rate: 1/1.
[2025-11-20 09:52:54Z INFO JobServerQueue] Try to append 1 batches web console lines for record '1477e453-34ed-41b5-9cb8-a04da31c93c6', success rate: 1/1.
[2025-11-20 09:52:54Z INFO JobServerQueue] Try to append 1 batches web console lines for record '1477e453-34ed-41b5-9cb8-a04da31c93c6', success rate: 1/1.
[2025-11-20 09:52:55Z INFO JobServerQueue] Try to append 1 batches web console lines for record '1477e453-34ed-41b5-9cb8-a04da31c93c6', success rate: 1/1.
[2025-11-20 09:52:56Z INFO ProcessInvokerWrapper] STDOUT/STDERR stream read finished.
[2025-11-20 09:52:56Z INFO ProcessInvokerWrapper] STDOUT/STDERR stream read finished.
[2025-11-20 09:52:56Z INFO ProcessInvokerWrapper] Finished process 15316 with exit code 0, and elapsed time 00:00:18.3483813.
[2025-11-20 09:52:56Z INFO CreateStepSummaryCommand] Step Summary file (C:\Projects\unity-build-pipeline\actions-runner\_work\_temp\_runner_file_commands\step_summary_2f4afc34-c32c-4150-972c-3a31f404a6ce) is empty; skipping attachment upload
[2025-11-20 09:52:56Z INFO StepsRunner] Step result: 
[2025-11-20 09:52:56Z INFO ExecutionContext] Publish step telemetry for current step {
  "action": "actions/checkout",
  "ref": "v4",
  "type": "node20",
  "stage": "Main",
  "stepId": "1477e453-34ed-41b5-9cb8-a04da31c93c6",
  "stepContextName": "__actions_checkout",
  "hasPreStep": false,
  "hasPostStep": true,
  "result": "succeeded",
  "errorMessages": [],
  "executionTimeInSeconds": 19,
  "startTime": "2025-11-20T09:52:38.3754654Z",
  "finishTime": "2025-11-20T09:52:56.8597198Z"
***.
[2025-11-20 09:52:56Z INFO StepsRunner] No need for updating job result with current step result 'Succeeded'.
[2025-11-20 09:52:56Z INFO StepsRunner] Current state: job state = ''
[2025-11-20 09:52:56Z INFO StepsRunner] Processing step: DisplayName='Run Unity Build'
[2025-11-20 09:52:56Z INFO StepsRunner] Evaluating: success()
[2025-11-20 09:52:56Z INFO StepsRunner] Result: true
[2025-11-20 09:52:56Z INFO StepsRunner] Starting the step.
[2025-11-20 09:52:56Z INFO HostContext] Well known directory 'Bin': 'C:\Projects\unity-build-pipeline\actions-runner\bin'
[2025-11-20 09:52:56Z INFO HostContext] Well known directory 'Root': 'C:\Projects\unity-build-pipeline\actions-runner'
[2025-11-20 09:52:56Z INFO HostContext] Well known directory 'Work': 'C:\Projects\unity-build-pipeline\actions-runner\_work'
[2025-11-20 09:52:56Z INFO StepsRunner] Which2: 'chcp'
[2025-11-20 09:52:56Z INFO StepsRunner] Location: 'C:\WINDOWS\system32\chcp.COM'
[2025-11-20 09:52:56Z INFO ProcessInvokerWrapper] Starting process:
[2025-11-20 09:52:56Z INFO ProcessInvokerWrapper]   File name: 'C:\WINDOWS\system32\chcp.COM'
[2025-11-20 09:52:56Z INFO ProcessInvokerWrapper]   Arguments: '65001'
[2025-11-20 09:52:56Z INFO ProcessInvokerWrapper]   Working directory: 'C:\Projects\unity-build-pipeline\actions-runner\_work'
[2025-11-20 09:52:56Z INFO ProcessInvokerWrapper]   Require exit code zero: 'False'
[2025-11-20 09:52:56Z INFO ProcessInvokerWrapper]   Encoding web name:  ; code page: ''
[2025-11-20 09:52:56Z INFO ProcessInvokerWrapper]   Force kill process on cancellation: 'False'
[2025-11-20 09:52:56Z INFO ProcessInvokerWrapper]   Redirected STDIN: 'False'
[2025-11-20 09:52:56Z INFO ProcessInvokerWrapper]   Persist current code page: 'True'
[2025-11-20 09:52:56Z INFO ProcessInvokerWrapper]   Keep redirected STDIN open: 'False'
[2025-11-20 09:52:56Z INFO ProcessInvokerWrapper]   High priority process: 'False'
[2025-11-20 09:52:56Z INFO ProcessInvokerWrapper] Process started with process id 93920, waiting for process exit.
[2025-11-20 09:52:56Z INFO JobServerQueue] Try to append 1 batches web console lines for record '1477e453-34ed-41b5-9cb8-a04da31c93c6', success rate: 1/1.
[2025-11-20 09:52:56Z INFO ProcessInvokerWrapper] STDOUT/STDERR stream read finished.
[2025-11-20 09:52:56Z INFO ProcessInvokerWrapper] STDOUT/STDERR stream read finished.
[2025-11-20 09:52:56Z INFO ProcessInvokerWrapper] Finished process 93920 with exit code 0, and elapsed time 00:00:00.0141226.
[2025-11-20 09:52:56Z INFO StepsRunner] Successfully returned to code page 65001 (UTF8)
[2025-11-20 09:52:56Z INFO HostContext] Well known directory 'Bin': 'C:\Projects\unity-build-pipeline\actions-runner\bin'
[2025-11-20 09:52:56Z INFO HostContext] Well known directory 'Root': 'C:\Projects\unity-build-pipeline\actions-runner'
[2025-11-20 09:52:56Z INFO HostContext] Well known directory 'Work': 'C:\Projects\unity-build-pipeline\actions-runner\_work'
[2025-11-20 09:52:56Z INFO HostContext] Well known directory 'Temp': 'C:\Projects\unity-build-pipeline\actions-runner\_work\_temp'
[2025-11-20 09:52:56Z INFO ExecutionContext] Write event payload to C:\Projects\unity-build-pipeline\actions-runner\_work\_temp\_github_workflow\event.json
[2025-11-20 09:52:56Z INFO HostContext] Well known directory 'Bin': 'C:\Projects\unity-build-pipeline\actions-runner\bin'
[2025-11-20 09:52:56Z INFO HostContext] Well known directory 'Root': 'C:\Projects\unity-build-pipeline\actions-runner'
[2025-11-20 09:52:56Z INFO HostContext] Well known directory 'Work': 'C:\Projects\unity-build-pipeline\actions-runner\_work'
[2025-11-20 09:52:56Z INFO HostContext] Well known directory 'Temp': 'C:\Projects\unity-build-pipeline\actions-runner\_work\_temp'
[2025-11-20 09:52:56Z INFO ExtensionManager] Getting extensions for interface: 'GitHub.Runner.Worker.IFileCommandExtension'
[2025-11-20 09:52:56Z INFO ExtensionManager] Getting extensions for interface: 'GitHub.Runner.Worker.IActionCommandExtension'
[2025-11-20 09:52:56Z INFO ActionCommandManager] Register action command extension for command internal-set-repo-path
[2025-11-20 09:52:56Z INFO ActionCommandManager] Register action command extension for command set-env
[2025-11-20 09:52:56Z INFO ActionCommandManager] Register action command extension for command set-output
[2025-11-20 09:52:56Z INFO ActionCommandManager] Register action command extension for command save-state
[2025-11-20 09:52:56Z INFO ActionCommandManager] Register action command extension for command add-path
[2025-11-20 09:52:56Z INFO ActionCommandManager] Register action command extension for command add-mask
[2025-11-20 09:52:56Z INFO ActionCommandManager] Register action command extension for command add-matcher
[2025-11-20 09:52:56Z INFO ActionCommandManager] Register action command extension for command remove-matcher
[2025-11-20 09:52:56Z INFO ActionCommandManager] Register action command extension for command warning
[2025-11-20 09:52:56Z INFO ActionCommandManager] Register action command extension for command error
[2025-11-20 09:52:56Z INFO ActionCommandManager] Register action command extension for command notice
[2025-11-20 09:52:56Z INFO ActionCommandManager] Register action command extension for command debug
[2025-11-20 09:52:56Z INFO ActionCommandManager] Register action command extension for command group
[2025-11-20 09:52:56Z INFO ActionCommandManager] Register action command extension for command endgroup
[2025-11-20 09:52:56Z INFO ActionCommandManager] Register action command extension for command echo
[2025-11-20 09:52:56Z INFO ScriptHandler] Which2: 'cmd'
[2025-11-20 09:52:56Z INFO ScriptHandler] Location: 'C:\WINDOWS\system32\cmd.EXE'
[2025-11-20 09:52:56Z INFO HostContext] Well known directory 'Bin': 'C:\Projects\unity-build-pipeline\actions-runner\bin'
[2025-11-20 09:52:56Z INFO HostContext] Well known directory 'Root': 'C:\Projects\unity-build-pipeline\actions-runner'
[2025-11-20 09:52:56Z INFO HostContext] Well known directory 'Work': 'C:\Projects\unity-build-pipeline\actions-runner\_work'
[2025-11-20 09:52:56Z INFO HostContext] Well known directory 'Temp': 'C:\Projects\unity-build-pipeline\actions-runner\_work\_temp'
[2025-11-20 09:52:56Z INFO ScriptHandler] Which2: 'cmd'
[2025-11-20 09:52:56Z INFO ScriptHandler] Location: 'C:\WINDOWS\system32\cmd.EXE'
[2025-11-20 09:52:56Z INFO ProcessInvokerWrapper] Starting process:
[2025-11-20 09:52:56Z INFO ProcessInvokerWrapper]   File name: 'C:\WINDOWS\system32\cmd.EXE'
[2025-11-20 09:52:56Z INFO ProcessInvokerWrapper]   Arguments: '/D /E:ON /V:OFF /S /C "CALL "C:\Projects\unity-build-pipeline\actions-runner\_work\_temp\57628943-4c6d-4f34-84f1-cbc9c17fcbf0.cmd""'
[2025-11-20 09:52:56Z INFO ProcessInvokerWrapper]   Working directory: 'C:\Projects\unity-build-pipeline\actions-runner\_work\unity-build-pipeline\unity-build-pipeline'
[2025-11-20 09:52:56Z INFO ProcessInvokerWrapper]   Require exit code zero: 'False'
[2025-11-20 09:52:56Z INFO ProcessInvokerWrapper]   Encoding web name:  ; code page: ''
[2025-11-20 09:52:56Z INFO ProcessInvokerWrapper]   Force kill process on cancellation: 'False'
[2025-11-20 09:52:56Z INFO ProcessInvokerWrapper]   Redirected STDIN: 'False'
[2025-11-20 09:52:56Z INFO ProcessInvokerWrapper]   Persist current code page: 'True'
[2025-11-20 09:52:56Z INFO ProcessInvokerWrapper]   Keep redirected STDIN open: 'False'
[2025-11-20 09:52:56Z INFO ProcessInvokerWrapper]   High priority process: 'False'
[2025-11-20 09:52:56Z INFO ProcessInvokerWrapper] Process started with process id 90368, waiting for process exit.
[2025-11-20 09:52:57Z INFO JobServerQueue] Try to upload 1 log files or attachments, success rate: 1/1.
[2025-11-20 09:52:57Z INFO JobServerQueue] Try to append 1 batches web console lines for record '41a4e988-d6fc-4e48-b6b3-7ee309e62b21', success rate: 1/1.
[2025-11-20 09:52:57Z INFO JobServerQueue] Got a step log file to send to results service.
[2025-11-20 09:52:57Z INFO JobServerQueue] Starting upload of step log file to results service ResultsLog, C:\Projects\unity-build-pipeline\actions-runner\_diag\blocks\a025a58e-34c9-45a3-97e4-1789d5323469_1477e453-34ed-41b5-9cb8-a04da31c93c6.1
[2025-11-20 09:52:58Z INFO HostContext] Well known directory 'Bin': 'C:\Projects\unity-build-pipeline\actions-runner\bin'
[2025-11-20 09:52:58Z INFO HostContext] Well known directory 'Root': 'C:\Projects\unity-build-pipeline\actions-runner'
[2025-11-20 09:52:58Z INFO HostContext] Well known directory 'Work': 'C:\Projects\unity-build-pipeline\actions-runner\_work'
[2025-11-20 09:52:58Z INFO JobServerQueue] Tried to upload 1 file(s) to results, success rate: 1/1.
[2025-11-20 09:53:08Z INFO HostContext] Well known directory 'Bin': 'C:\Projects\unity-build-pipeline\actions-runner\bin'
[2025-11-20 09:53:08Z INFO HostContext] Well known directory 'Root': 'C:\Projects\unity-build-pipeline\actions-runner'
[2025-11-20 09:53:08Z INFO HostContext] Well known directory 'Work': 'C:\Projects\unity-build-pipeline\actions-runner\_work'
[2025-11-20 09:53:18Z INFO HostContext] Well known directory 'Bin': 'C:\Projects\unity-build-pipeline\actions-runner\bin'
[2025-11-20 09:53:18Z INFO HostContext] Well known directory 'Root': 'C:\Projects\unity-build-pipeline\actions-runner'
[2025-11-20 09:53:18Z INFO HostContext] Well known directory 'Work': 'C:\Projects\unity-build-pipeline\actions-runner\_work'
[2025-11-20 09:53:28Z INFO HostContext] Well known directory 'Bin': 'C:\Projects\unity-build-pipeline\actions-runner\bin'
[2025-11-20 09:53:28Z INFO HostContext] Well known directory 'Root': 'C:\Projects\unity-build-pipeline\actions-runner'
[2025-11-20 09:53:28Z INFO HostContext] Well known directory 'Work': 'C:\Projects\unity-build-pipeline\actions-runner\_work'
[2025-11-20 09:53:28Z INFO JobServerQueue] Stop aggressive process web console line queue.
[2025-11-20 09:53:38Z INFO HostContext] Well known directory 'Bin': 'C:\Projects\unity-build-pipeline\actions-runner\bin'
[2025-11-20 09:53:38Z INFO HostContext] Well known directory 'Root': 'C:\Projects\unity-build-pipeline\actions-runner'
[2025-11-20 09:53:38Z INFO HostContext] Well known directory 'Work': 'C:\Projects\unity-build-pipeline\actions-runner\_work'
[2025-11-20 09:53:48Z INFO HostContext] Well known directory 'Bin': 'C:\Projects\unity-build-pipeline\actions-runner\bin'
[2025-11-20 09:53:48Z INFO HostContext] Well known directory 'Root': 'C:\Projects\unity-build-pipeline\actions-runner'
[2025-11-20 09:53:48Z INFO HostContext] Well known directory 'Work': 'C:\Projects\unity-build-pipeline\actions-runner\_work'
[2025-11-20 09:53:58Z INFO HostContext] Well known directory 'Bin': 'C:\Projects\unity-build-pipeline\actions-runner\bin'
[2025-11-20 09:53:58Z INFO HostContext] Well known directory 'Root': 'C:\Projects\unity-build-pipeline\actions-runner'
[2025-11-20 09:53:58Z INFO HostContext] Well known directory 'Work': 'C:\Projects\unity-build-pipeline\actions-runner\_work'
[2025-11-20 09:54:08Z INFO HostContext] Well known directory 'Bin': 'C:\Projects\unity-build-pipeline\actions-runner\bin'
[2025-11-20 09:54:08Z INFO HostContext] Well known directory 'Root': 'C:\Projects\unity-build-pipeline\actions-runner'
[2025-11-20 09:54:08Z INFO HostContext] Well known directory 'Work': 'C:\Projects\unity-build-pipeline\actions-runner\_work'
[2025-11-20 09:54:15Z INFO JobServerQueue] Try to append 1 batches web console lines for record '41a4e988-d6fc-4e48-b6b3-7ee309e62b21', success rate: 1/1.
[2025-11-20 09:54:16Z INFO JobServerQueue] Try to append 1 batches web console lines for record '41a4e988-d6fc-4e48-b6b3-7ee309e62b21', success rate: 1/1.
[2025-11-20 09:54:18Z INFO HostContext] Well known directory 'Bin': 'C:\Projects\unity-build-pipeline\actions-runner\bin'
[2025-11-20 09:54:18Z INFO HostContext] Well known directory 'Root': 'C:\Projects\unity-build-pipeline\actions-runner'
[2025-11-20 09:54:18Z INFO HostContext] Well known directory 'Work': 'C:\Projects\unity-build-pipeline\actions-runner\_work'
[2025-11-20 09:54:21Z INFO ProcessInvokerWrapper] Scan all processes to find relationship between all processes.
[2025-11-20 09:54:21Z INFO ProcessInvokerWrapper] Find all child processes of process '90368'.
[2025-11-20 09:54:21Z INFO ProcessInvokerWrapper] Need kill all child processes trees before kill process '90368'.
[2025-11-20 09:54:21Z INFO ProcessInvokerWrapper] Child process '28612' needs be killed first.
[2025-11-20 09:54:21Z INFO ProcessInvokerWrapper] Find all child processes of process '28612'.
[2025-11-20 09:54:21Z INFO ProcessInvokerWrapper] Need kill all child processes trees before kill process '28612'.
[2025-11-20 09:54:21Z INFO ProcessInvokerWrapper] Child process '7272' needs be killed first.
[2025-11-20 09:54:21Z INFO ProcessInvokerWrapper] Find all child processes of process '7272'.
[2025-11-20 09:54:21Z INFO ProcessInvokerWrapper] Kill process '7272'.
[2025-11-20 09:54:21Z INFO ProcessInvokerWrapper] Kill process '28612'.
[2025-11-20 09:54:21Z INFO ProcessInvokerWrapper] Kill process '90368'.
[2025-11-20 09:54:21Z INFO ProcessInvokerWrapper] Finished process 90368 with exit code 0, and elapsed time 00:01:24.2328608.
[2025-11-20 09:54:21Z INFO CreateStepSummaryCommand] Step Summary file (C:\Projects\unity-build-pipeline\actions-runner\_work\_temp\_runner_file_commands\step_summary_4e1b3f3d-927c-4a67-87eb-41912618d68e) is empty; skipping attachment upload
[2025-11-20 09:54:21Z INFO StepsRunner] Step result: 
[2025-11-20 09:54:21Z INFO ProcessInvokerWrapper] STDOUT/STDERR stream read finished.
[2025-11-20 09:54:21Z INFO ExecutionContext] Publish step telemetry for current step {
  "action": "cmd",
  "type": "run",
  "stage": "Main",
  "stepId": "41a4e988-d6fc-4e48-b6b3-7ee309e62b21",
  "stepContextName": "__run",
  "result": "succeeded",
  "errorMessages": [],
  "executionTimeInSeconds": 85,
  "startTime": "2025-11-20T09:52:56.8603317Z",
  "finishTime": "2025-11-20T09:54:21.1179649Z"
***.
[2025-11-20 09:54:21Z INFO ProcessInvokerWrapper] STDOUT/STDERR stream read finished.
[2025-11-20 09:54:21Z INFO StepsRunner] No need for updating job result with current step result 'Succeeded'.
[2025-11-20 09:54:21Z INFO StepsRunner] Current state: job state = ''
[2025-11-20 09:54:21Z INFO StepsRunner] Processing step: DisplayName='Upload build to Google Drive'
[2025-11-20 09:54:21Z INFO StepsRunner] Evaluating: success()
[2025-11-20 09:54:21Z INFO StepsRunner] Result: true
[2025-11-20 09:54:21Z INFO StepsRunner] Starting the step.
[2025-11-20 09:54:21Z INFO HostContext] Well known directory 'Bin': 'C:\Projects\unity-build-pipeline\actions-runner\bin'
[2025-11-20 09:54:21Z INFO HostContext] Well known directory 'Root': 'C:\Projects\unity-build-pipeline\actions-runner'
[2025-11-20 09:54:21Z INFO HostContext] Well known directory 'Work': 'C:\Projects\unity-build-pipeline\actions-runner\_work'
[2025-11-20 09:54:21Z INFO StepsRunner] Which2: 'chcp'
[2025-11-20 09:54:21Z INFO StepsRunner] Location: 'C:\WINDOWS\system32\chcp.COM'
[2025-11-20 09:54:21Z INFO ProcessInvokerWrapper] Starting process:
[2025-11-20 09:54:21Z INFO ProcessInvokerWrapper]   File name: 'C:\WINDOWS\system32\chcp.COM'
[2025-11-20 09:54:21Z INFO ProcessInvokerWrapper]   Arguments: '65001'
[2025-11-20 09:54:21Z INFO ProcessInvokerWrapper]   Working directory: 'C:\Projects\unity-build-pipeline\actions-runner\_work'
[2025-11-20 09:54:21Z INFO ProcessInvokerWrapper]   Require exit code zero: 'False'
[2025-11-20 09:54:21Z INFO ProcessInvokerWrapper]   Encoding web name:  ; code page: ''
[2025-11-20 09:54:21Z INFO ProcessInvokerWrapper]   Force kill process on cancellation: 'False'
[2025-11-20 09:54:21Z INFO ProcessInvokerWrapper]   Redirected STDIN: 'False'
[2025-11-20 09:54:21Z INFO ProcessInvokerWrapper]   Persist current code page: 'True'
[2025-11-20 09:54:21Z INFO ProcessInvokerWrapper]   Keep redirected STDIN open: 'False'
[2025-11-20 09:54:21Z INFO ProcessInvokerWrapper]   High priority process: 'False'
[2025-11-20 09:54:21Z INFO ProcessInvokerWrapper] Process started with process id 100948, waiting for process exit.
[2025-11-20 09:54:21Z INFO ProcessInvokerWrapper] STDOUT/STDERR stream read finished.
[2025-11-20 09:54:21Z INFO ProcessInvokerWrapper] STDOUT/STDERR stream read finished.
[2025-11-20 09:54:21Z INFO ProcessInvokerWrapper] Finished process 100948 with exit code 0, and elapsed time 00:00:00.0188913.
[2025-11-20 09:54:21Z INFO StepsRunner] Successfully returned to code page 65001 (UTF8)
[2025-11-20 09:54:21Z INFO HostContext] Well known directory 'Bin': 'C:\Projects\unity-build-pipeline\actions-runner\bin'
[2025-11-20 09:54:21Z INFO HostContext] Well known directory 'Root': 'C:\Projects\unity-build-pipeline\actions-runner'
[2025-11-20 09:54:21Z INFO HostContext] Well known directory 'Work': 'C:\Projects\unity-build-pipeline\actions-runner\_work'
[2025-11-20 09:54:21Z INFO HostContext] Well known directory 'Temp': 'C:\Projects\unity-build-pipeline\actions-runner\_work\_temp'
[2025-11-20 09:54:21Z INFO ExecutionContext] Write event payload to C:\Projects\unity-build-pipeline\actions-runner\_work\_temp\_github_workflow\event.json
[2025-11-20 09:54:21Z INFO HostContext] Well known directory 'Bin': 'C:\Projects\unity-build-pipeline\actions-runner\bin'
[2025-11-20 09:54:21Z INFO HostContext] Well known directory 'Root': 'C:\Projects\unity-build-pipeline\actions-runner'
[2025-11-20 09:54:21Z INFO HostContext] Well known directory 'Work': 'C:\Projects\unity-build-pipeline\actions-runner\_work'
[2025-11-20 09:54:21Z INFO HostContext] Well known directory 'Temp': 'C:\Projects\unity-build-pipeline\actions-runner\_work\_temp'
[2025-11-20 09:54:21Z INFO ExtensionManager] Getting extensions for interface: 'GitHub.Runner.Worker.IFileCommandExtension'
[2025-11-20 09:54:21Z INFO ExtensionManager] Getting extensions for interface: 'GitHub.Runner.Worker.IActionCommandExtension'
[2025-11-20 09:54:21Z INFO ActionCommandManager] Register action command extension for command internal-set-repo-path
[2025-11-20 09:54:21Z INFO ActionCommandManager] Register action command extension for command set-env
[2025-11-20 09:54:21Z INFO ActionCommandManager] Register action command extension for command set-output
[2025-11-20 09:54:21Z INFO ActionCommandManager] Register action command extension for command save-state
[2025-11-20 09:54:21Z INFO ActionCommandManager] Register action command extension for command add-path
[2025-11-20 09:54:21Z INFO ActionCommandManager] Register action command extension for command add-mask
[2025-11-20 09:54:21Z INFO ActionCommandManager] Register action command extension for command add-matcher
[2025-11-20 09:54:21Z INFO ActionCommandManager] Register action command extension for command remove-matcher
[2025-11-20 09:54:21Z INFO ActionCommandManager] Register action command extension for command warning
[2025-11-20 09:54:21Z INFO ActionCommandManager] Register action command extension for command error
[2025-11-20 09:54:21Z INFO ActionCommandManager] Register action command extension for command notice
[2025-11-20 09:54:21Z INFO ActionCommandManager] Register action command extension for command debug
[2025-11-20 09:54:21Z INFO ActionCommandManager] Register action command extension for command group
[2025-11-20 09:54:21Z INFO ActionCommandManager] Register action command extension for command endgroup
[2025-11-20 09:54:21Z INFO ActionCommandManager] Register action command extension for command echo
[2025-11-20 09:54:21Z INFO ScriptHandler] Which2: 'cmd'
[2025-11-20 09:54:21Z INFO ScriptHandler] Location: 'C:\WINDOWS\system32\cmd.EXE'
[2025-11-20 09:54:21Z INFO HostContext] Well known directory 'Bin': 'C:\Projects\unity-build-pipeline\actions-runner\bin'
[2025-11-20 09:54:21Z INFO HostContext] Well known directory 'Root': 'C:\Projects\unity-build-pipeline\actions-runner'
[2025-11-20 09:54:21Z INFO HostContext] Well known directory 'Work': 'C:\Projects\unity-build-pipeline\actions-runner\_work'
[2025-11-20 09:54:21Z INFO HostContext] Well known directory 'Temp': 'C:\Projects\unity-build-pipeline\actions-runner\_work\_temp'
[2025-11-20 09:54:21Z INFO ScriptHandler] Which2: 'cmd'
[2025-11-20 09:54:21Z INFO ScriptHandler] Location: 'C:\WINDOWS\system32\cmd.EXE'
[2025-11-20 09:54:21Z INFO ProcessInvokerWrapper] Starting process:
[2025-11-20 09:54:21Z INFO ProcessInvokerWrapper]   File name: 'C:\WINDOWS\system32\cmd.EXE'
[2025-11-20 09:54:21Z INFO ProcessInvokerWrapper]   Arguments: '/D /E:ON /V:OFF /S /C "CALL "C:\Projects\unity-build-pipeline\actions-runner\_work\_temp\d34eef54-c4b0-475f-b8ea-3274cd2b616d.cmd""'
[2025-11-20 09:54:21Z INFO ProcessInvokerWrapper]   Working directory: 'C:\Projects\unity-build-pipeline\actions-runner\_work\unity-build-pipeline\unity-build-pipeline'
[2025-11-20 09:54:21Z INFO ProcessInvokerWrapper]   Require exit code zero: 'False'
[2025-11-20 09:54:21Z INFO ProcessInvokerWrapper]   Encoding web name:  ; code page: ''
[2025-11-20 09:54:21Z INFO ProcessInvokerWrapper]   Force kill process on cancellation: 'False'
[2025-11-20 09:54:21Z INFO ProcessInvokerWrapper]   Redirected STDIN: 'False'
[2025-11-20 09:54:21Z INFO ProcessInvokerWrapper]   Persist current code page: 'True'
[2025-11-20 09:54:21Z INFO ProcessInvokerWrapper]   Keep redirected STDIN open: 'False'
[2025-11-20 09:54:21Z INFO ProcessInvokerWrapper]   High priority process: 'False'
[2025-11-20 09:54:21Z INFO ProcessInvokerWrapper] Process started with process id 80420, waiting for process exit.
[2025-11-20 09:54:21Z INFO JobServerQueue] Got a step log file to send to results service.
[2025-11-20 09:54:21Z INFO JobServerQueue] Starting upload of step log file to results service ResultsLog, C:\Projects\unity-build-pipeline\actions-runner\_diag\blocks\a025a58e-34c9-45a3-97e4-1789d5323469_41a4e988-d6fc-4e48-b6b3-7ee309e62b21.1
[2025-11-20 09:54:21Z INFO JobServerQueue] Try to append 1 batches web console lines for record 'b4f69f42-813c-4b18-9a9a-050ae6ea4b90', success rate: 1/1.
[2025-11-20 09:54:21Z INFO JobServerQueue] Try to upload 1 log files or attachments, success rate: 1/1.
[2025-11-20 09:54:22Z INFO JobServerQueue] Try to append 1 batches web console lines for record 'b4f69f42-813c-4b18-9a9a-050ae6ea4b90', success rate: 1/1.
[2025-11-20 09:54:22Z INFO JobServerQueue] Try to append 1 batches web console lines for record 'b4f69f42-813c-4b18-9a9a-050ae6ea4b90', success rate: 1/1.
[2025-11-20 09:54:23Z INFO JobServerQueue] Try to append 1 batches web console lines for record 'b4f69f42-813c-4b18-9a9a-050ae6ea4b90', success rate: 1/1.
[2025-11-20 09:54:23Z INFO JobServerQueue] Try to append 1 batches web console lines for record 'b4f69f42-813c-4b18-9a9a-050ae6ea4b90', success rate: 1/1.
[2025-11-20 09:54:24Z INFO JobServerQueue] Try to append 1 batches web console lines for record 'b4f69f42-813c-4b18-9a9a-050ae6ea4b90', success rate: 1/1.
[2025-11-20 09:54:24Z INFO JobServerQueue] Try to append 1 batches web console lines for record 'b4f69f42-813c-4b18-9a9a-050ae6ea4b90', success rate: 1/1.
[2025-11-20 09:54:24Z INFO ProcessInvokerWrapper] STDOUT/STDERR stream read finished.
[2025-11-20 09:54:24Z INFO ProcessInvokerWrapper] STDOUT/STDERR stream read finished.
[2025-11-20 09:54:24Z INFO ProcessInvokerWrapper] Finished process 80420 with exit code 0, and elapsed time 00:00:03.8032770.
[2025-11-20 09:54:24Z INFO CreateStepSummaryCommand] Step Summary file (C:\Projects\unity-build-pipeline\actions-runner\_work\_temp\_runner_file_commands\step_summary_04a45e32-d141-4386-8e11-0fbe2453da5e) is empty; skipping attachment upload
[2025-11-20 09:54:24Z INFO StepsRunner] Step result: 
[2025-11-20 09:54:24Z INFO ExecutionContext] Publish step telemetry for current step {
  "action": "cmd",
  "type": "run",
  "stage": "Main",
  "stepId": "b4f69f42-813c-4b18-9a9a-050ae6ea4b90",
  "stepContextName": "__run_2",
  "result": "succeeded",
  "errorMessages": [],
  "executionTimeInSeconds": 4,
  "startTime": "2025-11-20T09:54:21.1188278Z",
  "finishTime": "2025-11-20T09:54:24.9503342Z"
***.
[2025-11-20 09:54:24Z INFO StepsRunner] No need for updating job result with current step result 'Succeeded'.
[2025-11-20 09:54:24Z INFO StepsRunner] Current state: job state = ''
[2025-11-20 09:54:24Z INFO StepsRunner] Processing step: DisplayName='Send Slack Notification'
[2025-11-20 09:54:24Z INFO StepsRunner] Evaluating: always()
[2025-11-20 09:54:24Z INFO StepsRunner] Result: true
[2025-11-20 09:54:24Z INFO StepsRunner] Starting the step.
[2025-11-20 09:54:24Z INFO HostContext] Well known directory 'Bin': 'C:\Projects\unity-build-pipeline\actions-runner\bin'
[2025-11-20 09:54:24Z INFO HostContext] Well known directory 'Root': 'C:\Projects\unity-build-pipeline\actions-runner'
[2025-11-20 09:54:24Z INFO HostContext] Well known directory 'Work': 'C:\Projects\unity-build-pipeline\actions-runner\_work'
[2025-11-20 09:54:24Z INFO StepsRunner] Which2: 'chcp'
[2025-11-20 09:54:24Z INFO StepsRunner] Location: 'C:\WINDOWS\system32\chcp.COM'
[2025-11-20 09:54:24Z INFO ProcessInvokerWrapper] Starting process:
[2025-11-20 09:54:24Z INFO ProcessInvokerWrapper]   File name: 'C:\WINDOWS\system32\chcp.COM'
[2025-11-20 09:54:24Z INFO ProcessInvokerWrapper]   Arguments: '65001'
[2025-11-20 09:54:24Z INFO ProcessInvokerWrapper]   Working directory: 'C:\Projects\unity-build-pipeline\actions-runner\_work'
[2025-11-20 09:54:24Z INFO ProcessInvokerWrapper]   Require exit code zero: 'False'
[2025-11-20 09:54:24Z INFO ProcessInvokerWrapper]   Encoding web name:  ; code page: ''
[2025-11-20 09:54:24Z INFO ProcessInvokerWrapper]   Force kill process on cancellation: 'False'
[2025-11-20 09:54:24Z INFO ProcessInvokerWrapper]   Redirected STDIN: 'False'
[2025-11-20 09:54:24Z INFO ProcessInvokerWrapper]   Persist current code page: 'True'
[2025-11-20 09:54:24Z INFO ProcessInvokerWrapper]   Keep redirected STDIN open: 'False'
[2025-11-20 09:54:24Z INFO ProcessInvokerWrapper]   High priority process: 'False'
[2025-11-20 09:54:24Z INFO ProcessInvokerWrapper] Process started with process id 72644, waiting for process exit.
[2025-11-20 09:54:24Z INFO ProcessInvokerWrapper] STDOUT/STDERR stream read finished.
[2025-11-20 09:54:24Z INFO ProcessInvokerWrapper] STDOUT/STDERR stream read finished.
[2025-11-20 09:54:24Z INFO ProcessInvokerWrapper] Finished process 72644 with exit code 0, and elapsed time 00:00:00.0102876.
[2025-11-20 09:54:24Z INFO StepsRunner] Successfully returned to code page 65001 (UTF8)
[2025-11-20 09:54:24Z INFO HostContext] Well known directory 'Bin': 'C:\Projects\unity-build-pipeline\actions-runner\bin'
[2025-11-20 09:54:24Z INFO HostContext] Well known directory 'Root': 'C:\Projects\unity-build-pipeline\actions-runner'
[2025-11-20 09:54:24Z INFO HostContext] Well known directory 'Work': 'C:\Projects\unity-build-pipeline\actions-runner\_work'
[2025-11-20 09:54:24Z INFO HostContext] Well known directory 'Actions': 'C:\Projects\unity-build-pipeline\actions-runner\_work\_actions'
[2025-11-20 09:54:24Z INFO ActionManager] Load action that reference repository from 'C:\Projects\unity-build-pipeline\actions-runner\_work\_actions\rtCamp\action-slack-notify\v2'
[2025-11-20 09:54:24Z INFO HostContext] Well known directory 'Bin': 'C:\Projects\unity-build-pipeline\actions-runner\bin'
[2025-11-20 09:54:24Z INFO HostContext] Well known directory 'Root': 'C:\Projects\unity-build-pipeline\actions-runner'
[2025-11-20 09:54:24Z INFO HostContext] Well known directory 'Work': 'C:\Projects\unity-build-pipeline\actions-runner\_work'
[2025-11-20 09:54:24Z INFO HostContext] Well known directory 'Actions': 'C:\Projects\unity-build-pipeline\actions-runner\_work\_actions'
[2025-11-20 09:54:24Z INFO ActionManifestManager] Ignore action property author.
[2025-11-20 09:54:24Z INFO ActionManifestManager] Ignore action property branding.
[2025-11-20 09:54:24Z INFO ActionManifestManager] Loaded action.yml file: {
  "name": "Slack Notify",
  "description": "This action will send a notification to Slack",
  "inputs": null,
  "execution": {
    "executionType": "composite",
    "hasPre": false,
    "hasPost": false,
    "preSteps": [],
    "steps": [
      {
        "type": "action",
        "reference": {
          "type": "repository",
          "name": "LoveToKnow/slackify-markdown-action",
          "ref": "698a1d4d0ff1794152a93c03ee8ca5e03a310d4e",
          "repositoryType": "GitHub",
          "path": ""
        ***,
        "displayNameToken": {
          "type": 0,
          "file": 3,
          "line": 7,
          "col": 15,
          "lit": "Slack-Markdown Message Conversion"
        ***,
        "contextName": "slackify_message",
        "inputs": {
          "type": 2,
          "file": 3,
          "line": 12,
          "col": 11,
          "map": [
            {
              "key": {
                "type": 0,
                "file": 3,
                "line": 12,
                "col": 11,
                "lit": "text"
              ***,
              "value": {
                "type": 3,
                "file": 3,
                "line": 12,
                "col": 17,
                "expr": "env.SLACK_MESSAGE"
              ***
            ***
          ]
        ***,
        "condition": "success() && (env.SLACKIFY_MARKDOWN == 'true' && env.SLACK_MESSAGE != '')"
      ***,
      {
        "type": "action",
        "reference": {
          "type": "repository",
          "name": "LoveToKnow/slackify-markdown-action",
          "ref": "698a1d4d0ff1794152a93c03ee8ca5e03a310d4e",
          "repositoryType": "GitHub",
          "path": ""
        ***,
        "displayNameToken": {
          "type": 0,
          "file": 3,
          "line": 14,
          "col": 15,
          "lit": "Slack-Markdown Success Message Conversion"
        ***,
        "contextName": "slackify_success_message",
        "inputs": {
          "type": 2,
          "file": 3,
          "line": 19,
          "col": 11,
          "map": [
            {
              "key": {
                "type": 0,
                "file": 3,
                "line": 19,
                "col": 11,
                "lit": "text"
              ***,
              "value": {
                "type": 3,
                "file": 3,
                "line": 19,
                "col": 17,
                "expr": "env.SLACK_MESSAGE_ON_SUCCESS"
              ***
            ***
          ]
        ***,
        "condition": "success() && (env.SLACKIFY_MARKDOWN == 'true' && env.SLACK_MESSAGE_ON_SUCCESS != '')"
      ***,
      {
        "type": "action",
        "reference": {
          "type": "repository",
          "name": "LoveToKnow/slackify-markdown-action",
          "ref": "698a1d4d0ff1794152a93c03ee8ca5e03a310d4e",
          "repositoryType": "GitHub",
          "path": ""
        ***,
        "displayNameToken": {
          "type": 0,
          "file": 3,
          "line": 21,
          "col": 15,
          "lit": "Slack-Markdown Failure Message Conversion"
        ***,
        "contextName": "slackify_failure_message",
        "inputs": {
          "type": 2,
          "file": 3,
          "line": 26,
          "col": 11,
          "map": [
            {
              "key": {
                "type": 0,
                "file": 3,
                "line": 26,
                "col": 11,
                "lit": "text"
              ***,
              "value": {
                "type": 3,
                "file": 3,
                "line": 26,
                "col": 17,
                "expr": "env.SLACK_MESSAGE_ON_FAILURE"
              ***
            ***
          ]
        ***,
        "condition": "success() && (env.SLACKIFY_MARKDOWN == 'true' && env.SLACK_MESSAGE_ON_FAILURE != '')"
      ***,
      {
        "type": "action",
        "reference": {
          "type": "repository",
          "name": "LoveToKnow/slackify-markdown-action",
          "ref": "698a1d4d0ff1794152a93c03ee8ca5e03a310d4e",
          "repositoryType": "GitHub",
          "path": ""
        ***,
        "displayNameToken": {
          "type": 0,
          "file": 3,
          "line": 28,
          "col": 15,
          "lit": "Slack-Markdown Cancel Message Conversion"
        ***,
        "contextName": "slackify_cancel_message",
        "inputs": {
          "type": 2,
          "file": 3,
          "line": 33,
          "col": 11,
          "map": [
            {
              "key": {
                "type": 0,
                "file": 3,
                "line": 33,
                "col": 11,
                "lit": "text"
              ***,
              "value": {
                "type": 3,
                "file": 3,
                "line": 33,
                "col": 17,
                "expr": "env.SLACK_MESSAGE_ON_CANCEL"
              ***
            ***
          ]
        ***,
        "condition": "success() && (env.SLACKIFY_MARKDOWN == 'true' && env.SLACK_MESSAGE_ON_CANCEL != '')"
      ***,
      {
        "type": "action",
        "reference": {
          "type": "containerRegistry",
          "image": "ghcr.io/rtcamp/action-slack-notify:v2.3.3"
        ***,
        "displayNameToken": {
          "type": 0,
          "file": 3,
          "line": 35,
          "col": 15,
          "lit": "Slack Notification (Formatted)"
        ***,
        "contextName": "__ghcr_io_rtcamp_action-slack-notify_v2_3_3",
        "environment": {
          "type": 2,
          "file": 3,
          "line": 38,
          "col": 11,
          "map": [
            {
              "key": {
                "type": 0,
                "file": 3,
                "line": 38,
                "col": 11,
                "lit": "SLACK_MESSAGE"
              ***,
              "value": {
                "type": 3,
                "file": 3,
                "line": 38,
                "col": 26,
                "expr": "steps.slackify_message.outputs.text || env.SLACK_MESSAGE"
              ***
            ***,
            {
              "key": {
                "type": 0,
                "file": 3,
                "line": 39,
                "col": 11,
                "lit": "SLACK_MESSAGE_ON_SUCCESS"
              ***,
              "value": {
                "type": 3,
                "file": 3,
                "line": 39,
                "col": 37,
                "expr": "steps.slackify_success_message.outputs.text || env.SLACK_MESSAGE_ON_SUCCESS"
              ***
            ***,
            {
              "key": {
                "type": 0,
                "file": 3,
                "line": 40,
                "col": 11,
                "lit": "SLACK_MESSAGE_ON_FAILURE"
              ***,
              "value": {
                "type": 3,
                "file": 3,
                "line": 40,
                "col": 37,
                "expr": "steps.slackify_failure_message.outputs.text || env.SLACK_MESSAGE_ON_FAILURE"
              ***
            ***,
            {
              "key": {
                "type": 0,
                "file": 3,
                "line": 41,
                "col": 11,
                "lit": "SLACK_MESSAGE_ON_CANCEL"
              ***,
              "value": {
                "type": 3,
                "file": 3,
                "line": 41,
                "col": 36,
                "expr": "steps.slackify_cancel_message.outputs.text || env.SLACK_MESSAGE_ON_CANCEL"
              ***
            ***,
            {
              "key": {
                "type": 0,
                "file": 3,
                "line": 42,
                "col": 11,
                "lit": "GITHUB_RUN"
              ***,
              "value": {
                "type": 3,
                "file": 3,
                "line": 42,
                "col": 23,
                "expr": "format('{0***/actions/runs/{1***', github.event.repository.html_url, github.run_id)"
              ***
            ***,
            {
              "key": {
                "type": 0,
                "file": 3,
                "line": 43,
                "col": 11,
                "lit": "ENABLE_ESCAPES"
              ***,
              "value": {
                "type": 0,
                "file": 3,
                "line": 43,
                "col": 27,
                "lit": "true"
              ***
            ***
          ]
        ***,
        "condition": "success() && (env.SLACKIFY_MARKDOWN == 'true')"
      ***,
      {
        "type": "action",
        "reference": {
          "type": "containerRegistry",
          "image": "ghcr.io/rtcamp/action-slack-notify:v2.3.3"
        ***,
        "displayNameToken": {
          "type": 0,
          "file": 3,
          "line": 46,
          "col": 15,
          "lit": "Slack Notification (Unformatted)"
        ***,
        "contextName": "__ghcr_io_rtcamp_action-slack-notify_v2_3_3_2",
        "environment": {
          "type": 2,
          "file": 3,
          "line": 50,
          "col": 11,
          "map": [
            {
              "key": {
                "type": 0,
                "file": 3,
                "line": 50,
                "col": 11,
                "lit": "GITHUB_RUN"
              ***,
              "value": {
                "type": 3,
                "file": 3,
                "line": 50,
                "col": 23,
                "expr": "format('{0***/actions/runs/{1***', github.event.repository.html_url, github.run_id)"
              ***
            ***
          ]
        ***,
        "condition": "success() && (env.SLACKIFY_MARKDOWN != 'true')"
      ***
    ],
    "postSteps": [],
    "outputs": null,
    "cleanupCondition": "always()",
    "initCondition": "always()"
  ***,
  "deprecated": null
***
[2025-11-20 09:54:24Z INFO ActionManager] Load 6 action steps.
[2025-11-20 09:54:24Z INFO ActionManager] Load: 0 number of outputs
[2025-11-20 09:54:24Z INFO ActionManager] Details: null
[2025-11-20 09:54:24Z INFO HostContext] Well known directory 'Bin': 'C:\Projects\unity-build-pipeline\actions-runner\bin'
[2025-11-20 09:54:24Z INFO HostContext] Well known directory 'Root': 'C:\Projects\unity-build-pipeline\actions-runner'
[2025-11-20 09:54:24Z INFO HostContext] Well known directory 'Work': 'C:\Projects\unity-build-pipeline\actions-runner\_work'
[2025-11-20 09:54:24Z INFO HostContext] Well known directory 'Temp': 'C:\Projects\unity-build-pipeline\actions-runner\_work\_temp'
[2025-11-20 09:54:24Z INFO ExecutionContext] Write event payload to C:\Projects\unity-build-pipeline\actions-runner\_work\_temp\_github_workflow\event.json
[2025-11-20 09:54:24Z INFO HostContext] Well known directory 'Bin': 'C:\Projects\unity-build-pipeline\actions-runner\bin'
[2025-11-20 09:54:24Z INFO HostContext] Well known directory 'Root': 'C:\Projects\unity-build-pipeline\actions-runner'
[2025-11-20 09:54:24Z INFO HostContext] Well known directory 'Work': 'C:\Projects\unity-build-pipeline\actions-runner\_work'
[2025-11-20 09:54:24Z INFO HostContext] Well known directory 'Temp': 'C:\Projects\unity-build-pipeline\actions-runner\_work\_temp'
[2025-11-20 09:54:24Z INFO ExtensionManager] Getting extensions for interface: 'GitHub.Runner.Worker.IFileCommandExtension'
[2025-11-20 09:54:24Z INFO ExtensionManager] Getting extensions for interface: 'GitHub.Runner.Worker.IActionCommandExtension'
[2025-11-20 09:54:24Z INFO ActionCommandManager] Register action command extension for command internal-set-repo-path
[2025-11-20 09:54:24Z INFO ActionCommandManager] Register action command extension for command set-env
[2025-11-20 09:54:24Z INFO ActionCommandManager] Register action command extension for command set-output
[2025-11-20 09:54:24Z INFO ActionCommandManager] Register action command extension for command save-state
[2025-11-20 09:54:24Z INFO ActionCommandManager] Register action command extension for command add-path
[2025-11-20 09:54:24Z INFO ActionCommandManager] Register action command extension for command add-mask
[2025-11-20 09:54:24Z INFO ActionCommandManager] Register action command extension for command add-matcher
[2025-11-20 09:54:24Z INFO ActionCommandManager] Register action command extension for command remove-matcher
[2025-11-20 09:54:24Z INFO ActionCommandManager] Register action command extension for command warning
[2025-11-20 09:54:24Z INFO ActionCommandManager] Register action command extension for command error
[2025-11-20 09:54:24Z INFO ActionCommandManager] Register action command extension for command notice
[2025-11-20 09:54:24Z INFO ActionCommandManager] Register action command extension for command debug
[2025-11-20 09:54:24Z INFO ActionCommandManager] Register action command extension for command group
[2025-11-20 09:54:24Z INFO ActionCommandManager] Register action command extension for command endgroup
[2025-11-20 09:54:24Z INFO ActionCommandManager] Register action command extension for command echo
[2025-11-20 09:54:24Z INFO CompositeActionHandler] Processing embedded step: DisplayName='run'
[2025-11-20 09:54:24Z INFO CompositeActionHandler] Initialize Env context for embedded step
[2025-11-20 09:54:24Z INFO CompositeActionHandler] Evaluating: (success() && (env.SLACKIFY_MARKDOWN == 'true') && (env.SLACK_MESSAGE != ''))
[2025-11-20 09:54:24Z INFO CompositeActionHandler] Expanded: (true && (null == 'true') && (env['SLACK_MESSAGE'] != ''))
[2025-11-20 09:54:24Z INFO CompositeActionHandler] Result: false
[2025-11-20 09:54:24Z INFO CompositeActionHandler] Skipping step due to condition evaluation.
[2025-11-20 09:54:24Z INFO CompositeActionHandler] Processing embedded step: DisplayName='run'
[2025-11-20 09:54:24Z INFO CompositeActionHandler] Initialize Env context for embedded step
[2025-11-20 09:54:24Z INFO CompositeActionHandler] Evaluating: (success() && (env.SLACKIFY_MARKDOWN == 'true') && (env.SLACK_MESSAGE_ON_SUCCESS != ''))
[2025-11-20 09:54:24Z INFO CompositeActionHandler] Expanded: (true && (null == 'true') && (env['SLACK_MESSAGE_ON_SUCCESS'] != ''))
[2025-11-20 09:54:24Z INFO CompositeActionHandler] Result: false
[2025-11-20 09:54:24Z INFO CompositeActionHandler] Skipping step due to condition evaluation.
[2025-11-20 09:54:24Z INFO CompositeActionHandler] Processing embedded step: DisplayName='run'
[2025-11-20 09:54:24Z INFO CompositeActionHandler] Initialize Env context for embedded step
[2025-11-20 09:54:24Z INFO CompositeActionHandler] Evaluating: (success() && (env.SLACKIFY_MARKDOWN == 'true') && (env.SLACK_MESSAGE_ON_FAILURE != ''))
[2025-11-20 09:54:24Z INFO CompositeActionHandler] Expanded: (true && (null == 'true') && (env['SLACK_MESSAGE_ON_FAILURE'] != ''))
[2025-11-20 09:54:24Z INFO CompositeActionHandler] Result: false
[2025-11-20 09:54:24Z INFO CompositeActionHandler] Skipping step due to condition evaluation.
[2025-11-20 09:54:24Z INFO CompositeActionHandler] Processing embedded step: DisplayName='run'
[2025-11-20 09:54:24Z INFO CompositeActionHandler] Initialize Env context for embedded step
[2025-11-20 09:54:24Z INFO CompositeActionHandler] Evaluating: (success() && (env.SLACKIFY_MARKDOWN == 'true') && (env.SLACK_MESSAGE_ON_CANCEL != ''))
[2025-11-20 09:54:24Z INFO CompositeActionHandler] Expanded: (true && (null == 'true') && (env['SLACK_MESSAGE_ON_CANCEL'] != ''))
[2025-11-20 09:54:24Z INFO CompositeActionHandler] Result: false
[2025-11-20 09:54:24Z INFO CompositeActionHandler] Skipping step due to condition evaluation.
[2025-11-20 09:54:24Z INFO CompositeActionHandler] Processing embedded step: DisplayName='run'
[2025-11-20 09:54:24Z INFO CompositeActionHandler] Initialize Env context for embedded step
[2025-11-20 09:54:24Z INFO CompositeActionHandler] Evaluating: (success() && (env.SLACKIFY_MARKDOWN == 'true'))
[2025-11-20 09:54:24Z INFO CompositeActionHandler] Expanded: (true && (null == 'true'))
[2025-11-20 09:54:24Z INFO CompositeActionHandler] Result: false
[2025-11-20 09:54:24Z INFO CompositeActionHandler] Skipping step due to condition evaluation.
[2025-11-20 09:54:24Z INFO CompositeActionHandler] Processing embedded step: DisplayName='run'
[2025-11-20 09:54:24Z INFO CompositeActionHandler] Initialize Env context for embedded step
[2025-11-20 09:54:24Z INFO JobServerQueue] Try to upload 1 log files or attachments, success rate: 1/1.
[2025-11-20 09:54:24Z INFO CompositeActionHandler] Evaluating: (success() && (env.SLACKIFY_MARKDOWN != 'true'))
[2025-11-20 09:54:24Z INFO CompositeActionHandler] Expanded: (true && (null != 'true'))
[2025-11-20 09:54:24Z INFO CompositeActionHandler] Result: true
[2025-11-20 09:54:24Z INFO CompositeActionHandler] Starting: run
[2025-11-20 09:54:24Z INFO HostContext] Well known directory 'Bin': 'C:\Projects\unity-build-pipeline\actions-runner\bin'
[2025-11-20 09:54:24Z INFO HostContext] Well known directory 'Root': 'C:\Projects\unity-build-pipeline\actions-runner'
[2025-11-20 09:54:24Z INFO HostContext] Well known directory 'Work': 'C:\Projects\unity-build-pipeline\actions-runner\_work'
[2025-11-20 09:54:24Z INFO CompositeActionHandler] Which2: 'chcp'
[2025-11-20 09:54:24Z INFO CompositeActionHandler] Location: 'C:\WINDOWS\system32\chcp.COM'
[2025-11-20 09:54:24Z INFO ProcessInvokerWrapper] Starting process:
[2025-11-20 09:54:24Z INFO ProcessInvokerWrapper]   File name: 'C:\WINDOWS\system32\chcp.COM'
[2025-11-20 09:54:24Z INFO ProcessInvokerWrapper]   Arguments: '65001'
[2025-11-20 09:54:24Z INFO ProcessInvokerWrapper]   Working directory: 'C:\Projects\unity-build-pipeline\actions-runner\_work'
[2025-11-20 09:54:24Z INFO ProcessInvokerWrapper]   Require exit code zero: 'False'
[2025-11-20 09:54:24Z INFO ProcessInvokerWrapper]   Encoding web name:  ; code page: ''
[2025-11-20 09:54:24Z INFO ProcessInvokerWrapper]   Force kill process on cancellation: 'False'
[2025-11-20 09:54:24Z INFO ProcessInvokerWrapper]   Redirected STDIN: 'False'
[2025-11-20 09:54:24Z INFO ProcessInvokerWrapper]   Persist current code page: 'True'
[2025-11-20 09:54:24Z INFO ProcessInvokerWrapper]   Keep redirected STDIN open: 'False'
[2025-11-20 09:54:24Z INFO ProcessInvokerWrapper]   High priority process: 'False'
[2025-11-20 09:54:24Z INFO ProcessInvokerWrapper] Process started with process id 84792, waiting for process exit.
[2025-11-20 09:54:24Z INFO ProcessInvokerWrapper] STDOUT/STDERR stream read finished.
[2025-11-20 09:54:24Z INFO ProcessInvokerWrapper] STDOUT/STDERR stream read finished.
[2025-11-20 09:54:24Z INFO ProcessInvokerWrapper] Finished process 84792 with exit code 0, and elapsed time 00:00:00.0127855.
[2025-11-20 09:54:24Z INFO CompositeActionHandler] Successfully returned to code page 65001 (UTF8)
[2025-11-20 09:54:24Z INFO ActionManager] Load action that reference container from registry.
[2025-11-20 09:54:24Z ERR  CompositeActionHandler] Caught exception from step: System.ArgumentNullException: Value cannot be null. (Parameter 'container')
   at GitHub.Runner.Sdk.ArgUtil.NotNull(Object value, String name)
   at GitHub.Runner.Worker.ActionManager.LoadAction(IExecutionContext executionContext, ActionStep action)
   at GitHub.Runner.Worker.ActionRunner.RunAsync()
   at GitHub.Runner.Worker.Handlers.CompositeActionHandler.RunStepAsync(IStep step)
[2025-11-20 09:54:24Z INFO CompositeActionHandler] Step result: Failed
[2025-11-20 09:54:24Z INFO CompositeActionHandler] Update job result with current composite step result 'Failed'.
[2025-11-20 09:54:25Z INFO CreateStepSummaryCommand] Step Summary file (C:\Projects\unity-build-pipeline\actions-runner\_work\_temp\_runner_file_commands\step_summary_274cdfbf-ab8b-405e-b008-4cea41dbc6bb) is empty; skipping attachment upload
[2025-11-20 09:54:25Z INFO StepsRunner] Step result: Failed
[2025-11-20 09:54:25Z INFO ExecutionContext] Publish step telemetry for current step {
  "action": "rtCamp/action-slack-notify",
  "ref": "v2",
  "type": "composite",
  "stage": "Main",
  "stepId": "72b79338-c984-4666-ac31-975cc3cc1501",
  "stepContextName": "__rtCamp_action-slack-notify",
  "hasRunsStep": false,
  "hasUsesStep": true,
  "hasPreStep": false,
  "hasPostStep": false,
  "stepCount": 6,
  "result": "failed",
  "errorMessages": [
    "Value cannot be null. (Parameter 'container')"
  ],
  "executionTimeInSeconds": 1,
  "startTime": "2025-11-20T09:54:24.9511276Z",
  "finishTime": "2025-11-20T09:54:25.0006719Z"
***.
[2025-11-20 09:54:25Z INFO StepsRunner] Update job result with current step result 'Failed'.
[2025-11-20 09:54:25Z INFO StepsRunner] Current state: job state = 'Failed'
[2025-11-20 09:54:25Z INFO StepsRunner] Processing step: DisplayName='Post Checkout repo with private submodule authentication'
[2025-11-20 09:54:25Z INFO StepsRunner] Evaluating: always()
[2025-11-20 09:54:25Z INFO StepsRunner] Result: true
[2025-11-20 09:54:25Z INFO StepsRunner] Starting the step.
[2025-11-20 09:54:25Z INFO HostContext] Well known directory 'Bin': 'C:\Projects\unity-build-pipeline\actions-runner\bin'
[2025-11-20 09:54:25Z INFO HostContext] Well known directory 'Root': 'C:\Projects\unity-build-pipeline\actions-runner'
[2025-11-20 09:54:25Z INFO HostContext] Well known directory 'Work': 'C:\Projects\unity-build-pipeline\actions-runner\_work'
[2025-11-20 09:54:25Z INFO StepsRunner] Which2: 'chcp'
[2025-11-20 09:54:25Z INFO StepsRunner] Location: 'C:\WINDOWS\system32\chcp.COM'
[2025-11-20 09:54:25Z INFO ProcessInvokerWrapper] Starting process:
[2025-11-20 09:54:25Z INFO ProcessInvokerWrapper]   File name: 'C:\WINDOWS\system32\chcp.COM'
[2025-11-20 09:54:25Z INFO ProcessInvokerWrapper]   Arguments: '65001'
[2025-11-20 09:54:25Z INFO ProcessInvokerWrapper]   Working directory: 'C:\Projects\unity-build-pipeline\actions-runner\_work'
[2025-11-20 09:54:25Z INFO ProcessInvokerWrapper]   Require exit code zero: 'False'
[2025-11-20 09:54:25Z INFO ProcessInvokerWrapper]   Encoding web name:  ; code page: ''
[2025-11-20 09:54:25Z INFO ProcessInvokerWrapper]   Force kill process on cancellation: 'False'
[2025-11-20 09:54:25Z INFO ProcessInvokerWrapper]   Redirected STDIN: 'False'
[2025-11-20 09:54:25Z INFO ProcessInvokerWrapper]   Persist current code page: 'True'
[2025-11-20 09:54:25Z INFO ProcessInvokerWrapper]   Keep redirected STDIN open: 'False'
[2025-11-20 09:54:25Z INFO ProcessInvokerWrapper]   High priority process: 'False'
[2025-11-20 09:54:25Z INFO ProcessInvokerWrapper] Process started with process id 38720, waiting for process exit.
[2025-11-20 09:54:25Z INFO ProcessInvokerWrapper] STDOUT/STDERR stream read finished.
[2025-11-20 09:54:25Z INFO ProcessInvokerWrapper] STDOUT/STDERR stream read finished.
[2025-11-20 09:54:25Z INFO ProcessInvokerWrapper] Finished process 38720 with exit code 0, and elapsed time 00:00:00.0131126.
[2025-11-20 09:54:25Z INFO StepsRunner] Successfully returned to code page 65001 (UTF8)
[2025-11-20 09:54:25Z INFO HostContext] Well known directory 'Bin': 'C:\Projects\unity-build-pipeline\actions-runner\bin'
[2025-11-20 09:54:25Z INFO HostContext] Well known directory 'Root': 'C:\Projects\unity-build-pipeline\actions-runner'
[2025-11-20 09:54:25Z INFO HostContext] Well known directory 'Work': 'C:\Projects\unity-build-pipeline\actions-runner\_work'
[2025-11-20 09:54:25Z INFO HostContext] Well known directory 'Actions': 'C:\Projects\unity-build-pipeline\actions-runner\_work\_actions'
[2025-11-20 09:54:25Z INFO ActionManager] Load action that reference repository from 'C:\Projects\unity-build-pipeline\actions-runner\_work\_actions\actions\checkout\v4'
[2025-11-20 09:54:25Z INFO HostContext] Well known directory 'Bin': 'C:\Projects\unity-build-pipeline\actions-runner\bin'
[2025-11-20 09:54:25Z INFO HostContext] Well known directory 'Root': 'C:\Projects\unity-build-pipeline\actions-runner'
[2025-11-20 09:54:25Z INFO HostContext] Well known directory 'Work': 'C:\Projects\unity-build-pipeline\actions-runner\_work'
[2025-11-20 09:54:25Z INFO HostContext] Well known directory 'Actions': 'C:\Projects\unity-build-pipeline\actions-runner\_work\_actions'
[2025-11-20 09:54:25Z INFO ActionManifestManager] Loaded action.yml file: {
  "name": "Checkout",
  "description": "Checkout a Git repository at a particular version",
  "inputs": {
    "type": 2,
    "map": [
      {
        "key": {
          "type": 0,
          "file": 2,
          "line": 4,
          "col": 3,
          "lit": "repository"
        ***,
        "value": {
          "type": 3,
          "file": 2,
          "line": 6,
          "col": 14,
          "expr": "github.repository"
        ***
      ***,
      {
        "key": {
          "type": 0,
          "file": 2,
          "line": 7,
          "col": 3,
          "lit": "ref"
        ***,
        "value": ""
      ***,
      {
        "key": {
          "type": 0,
          "file": 2,
          "line": 12,
          "col": 3,
          "lit": "token"
        ***,
        "value": {
          "type": 3,
          "file": 2,
          "line": 24,
          "col": 14,
          "expr": "github.token"
        ***
      ***,
      {
        "key": {
          "type": 0,
          "file": 2,
          "line": 25,
          "col": 3,
          "lit": "ssh-key"
        ***,
        "value": ""
      ***,
      {
        "key": {
          "type": 0,
          "file": 2,
          "line": 37,
          "col": 3,
          "lit": "ssh-known-hosts"
        ***,
        "value": ""
      ***,
      {
        "key": {
          "type": 0,
          "file": 2,
          "line": 42,
          "col": 3,
          "lit": "ssh-strict"
        ***,
        "value": {
          "type": 0,
          "file": 2,
          "line": 47,
          "col": 14,
          "lit": "true"
        ***
      ***,
      {
        "key": {
          "type": 0,
          "file": 2,
          "line": 48,
          "col": 3,
          "lit": "ssh-user"
        ***,
        "value": {
          "type": 0,
          "file": 2,
          "line": 51,
          "col": 14,
          "lit": "git"
        ***
      ***,
      {
        "key": {
          "type": 0,
          "file": 2,
          "line": 52,
          "col": 3,
          "lit": "persist-credentials"
        ***,
        "value": {
          "type": 0,
          "file": 2,
          "line": 54,
          "col": 14,
          "lit": "true"
        ***
      ***,
      {
        "key": {
          "type": 0,
          "file": 2,
          "line": 55,
          "col": 3,
          "lit": "path"
        ***,
        "value": ""
      ***,
      {
        "key": {
          "type": 0,
          "file": 2,
          "line": 57,
          "col": 3,
          "lit": "clean"
        ***,
        "value": {
          "type": 0,
          "file": 2,
          "line": 59,
          "col": 14,
          "lit": "true"
        ***
      ***,
      {
        "key": {
          "type": 0,
          "file": 2,
          "line": 60,
          "col": 3,
          "lit": "filter"
        ***,
        "value": {
          "type": 0,
          "file": 2,
          "line": 64,
          "col": 14,
          "lit": ""
        ***
      ***,
      {
        "key": {
          "type": 0,
          "file": 2,
          "line": 65,
          "col": 3,
          "lit": "sparse-checkout"
        ***,
        "value": {
          "type": 0,
          "file": 2,
          "line": 69,
          "col": 14,
          "lit": ""
        ***
      ***,
      {
        "key": {
          "type": 0,
          "file": 2,
          "line": 70,
          "col": 3,
          "lit": "sparse-checkout-cone-mode"
        ***,
        "value": {
          "type": 0,
          "file": 2,
          "line": 73,
          "col": 14,
          "lit": "true"
        ***
      ***,
      {
        "key": {
          "type": 0,
          "file": 2,
          "line": 74,
          "col": 3,
          "lit": "fetch-depth"
        ***,
        "value": {
          "type": 0,
          "file": 2,
          "line": 76,
          "col": 14,
          "lit": "1"
        ***
      ***,
      {
        "key": {
          "type": 0,
          "file": 2,
          "line": 77,
          "col": 3,
          "lit": "fetch-tags"
        ***,
        "value": {
          "type": 0,
          "file": 2,
          "line": 79,
          "col": 14,
          "lit": "false"
        ***
      ***,
      {
        "key": {
          "type": 0,
          "file": 2,
          "line": 80,
          "col": 3,
          "lit": "show-progress"
        ***,
        "value": {
          "type": 0,
          "file": 2,
          "line": 82,
          "col": 14,
          "lit": "true"
        ***
      ***,
      {
        "key": {
          "type": 0,
          "file": 2,
          "line": 83,
          "col": 3,
          "lit": "lfs"
        ***,
        "value": {
          "type": 0,
          "file": 2,
          "line": 85,
          "col": 14,
          "lit": "false"
        ***
      ***,
      {
        "key": {
          "type": 0,
          "file": 2,
          "line": 86,
          "col": 3,
          "lit": "submodules"
        ***,
        "value": {
          "type": 0,
          "file": 2,
          "line": 94,
          "col": 14,
          "lit": "false"
        ***
      ***,
      {
        "key": {
          "type": 0,
          "file": 2,
          "line": 95,
          "col": 3,
          "lit": "set-safe-directory"
        ***,
        "value": {
          "type": 0,
          "file": 2,
          "line": 97,
          "col": 14,
          "lit": "true"
        ***
      ***,
      {
        "key": {
          "type": 0,
          "file": 2,
          "line": 98,
          "col": 3,
          "lit": "github-server-url"
        ***,
        "value": ""
      ***
    ]
  ***,
  "execution": {
    "executionType": "nodeJS",
    "hasPre": false,
    "hasPost": true,
    "script": "dist/index.js",
    "pre": null,
    "post": "dist/index.js",
    "nodeVersion": "node20",
    "cleanupCondition": "always()",
    "initCondition": "always()"
  ***,
  "deprecated": null
***
[2025-11-20 09:54:25Z INFO ActionManager] Action pre node.js file: N/A.
[2025-11-20 09:54:25Z INFO ActionManager] Action node.js file: dist/index.js.
[2025-11-20 09:54:25Z INFO ActionManager] Action post node.js file: dist/index.js.
[2025-11-20 09:54:25Z INFO HostContext] Well known directory 'Bin': 'C:\Projects\unity-build-pipeline\actions-runner\bin'
[2025-11-20 09:54:25Z INFO HostContext] Well known directory 'Root': 'C:\Projects\unity-build-pipeline\actions-runner'
[2025-11-20 09:54:25Z INFO HostContext] Well known directory 'Work': 'C:\Projects\unity-build-pipeline\actions-runner\_work'
[2025-11-20 09:54:25Z INFO HostContext] Well known directory 'Temp': 'C:\Projects\unity-build-pipeline\actions-runner\_work\_temp'
[2025-11-20 09:54:25Z INFO ExecutionContext] Write event payload to C:\Projects\unity-build-pipeline\actions-runner\_work\_temp\_github_workflow\event.json
[2025-11-20 09:54:25Z INFO HostContext] Well known directory 'Bin': 'C:\Projects\unity-build-pipeline\actions-runner\bin'
[2025-11-20 09:54:25Z INFO HostContext] Well known directory 'Root': 'C:\Projects\unity-build-pipeline\actions-runner'
[2025-11-20 09:54:25Z INFO HostContext] Well known directory 'Work': 'C:\Projects\unity-build-pipeline\actions-runner\_work'
[2025-11-20 09:54:25Z INFO HostContext] Well known directory 'Temp': 'C:\Projects\unity-build-pipeline\actions-runner\_work\_temp'
[2025-11-20 09:54:25Z INFO ExtensionManager] Getting extensions for interface: 'GitHub.Runner.Worker.IFileCommandExtension'
[2025-11-20 09:54:25Z INFO ActionManifestManager] Input 'repository': default value evaluate result: {
  "type": 0,
  "file": 2,
  "line": 6,
  "col": 14,
  "lit": "AliAhmad1600/unity-build-pipeline"
***
[2025-11-20 09:54:25Z INFO ActionManifestManager] Input 'ref': default value evaluate result: ""
[2025-11-20 09:54:25Z INFO ActionManifestManager] Input 'ssh-key': default value evaluate result: ""
[2025-11-20 09:54:25Z INFO ActionManifestManager] Input 'ssh-known-hosts': default value evaluate result: ""
[2025-11-20 09:54:25Z INFO ActionManifestManager] Input 'ssh-strict': default value evaluate result: {
  "type": 0,
  "file": 2,
  "line": 47,
  "col": 14,
  "lit": "true"
***
[2025-11-20 09:54:25Z INFO ActionManifestManager] Input 'ssh-user': default value evaluate result: {
  "type": 0,
  "file": 2,
  "line": 51,
  "col": 14,
  "lit": "git"
***
[2025-11-20 09:54:25Z INFO ActionManifestManager] Input 'path': default value evaluate result: ""
[2025-11-20 09:54:25Z INFO ActionManifestManager] Input 'clean': default value evaluate result: {
  "type": 0,
  "file": 2,
  "line": 59,
  "col": 14,
  "lit": "true"
***
[2025-11-20 09:54:25Z INFO ActionManifestManager] Input 'filter': default value evaluate result: {
  "type": 0,
  "file": 2,
  "line": 64,
  "col": 14,
  "lit": ""
***
[2025-11-20 09:54:25Z INFO ActionManifestManager] Input 'sparse-checkout': default value evaluate result: {
  "type": 0,
  "file": 2,
  "line": 69,
  "col": 14,
  "lit": ""
***
[2025-11-20 09:54:25Z INFO ActionManifestManager] Input 'sparse-checkout-cone-mode': default value evaluate result: {
  "type": 0,
  "file": 2,
  "line": 73,
  "col": 14,
  "lit": "true"
***
[2025-11-20 09:54:25Z INFO ActionManifestManager] Input 'fetch-depth': default value evaluate result: {
  "type": 0,
  "file": 2,
  "line": 76,
  "col": 14,
  "lit": "1"
***
[2025-11-20 09:54:25Z INFO ActionManifestManager] Input 'fetch-tags': default value evaluate result: {
  "type": 0,
  "file": 2,
  "line": 79,
  "col": 14,
  "lit": "false"
***
[2025-11-20 09:54:25Z INFO ActionManifestManager] Input 'show-progress': default value evaluate result: {
  "type": 0,
  "file": 2,
  "line": 82,
  "col": 14,
  "lit": "true"
***
[2025-11-20 09:54:25Z INFO ActionManifestManager] Input 'lfs': default value evaluate result: {
  "type": 0,
  "file": 2,
  "line": 85,
  "col": 14,
  "lit": "false"
***
[2025-11-20 09:54:25Z INFO ActionManifestManager] Input 'set-safe-directory': default value evaluate result: {
  "type": 0,
  "file": 2,
  "line": 97,
  "col": 14,
  "lit": "true"
***
[2025-11-20 09:54:25Z INFO ActionManifestManager] Input 'github-server-url': default value evaluate result: ""
[2025-11-20 09:54:25Z INFO ExtensionManager] Getting extensions for interface: 'GitHub.Runner.Worker.IActionCommandExtension'
[2025-11-20 09:54:25Z INFO ActionCommandManager] Register action command extension for command internal-set-repo-path
[2025-11-20 09:54:25Z INFO ActionCommandManager] Register action command extension for command set-env
[2025-11-20 09:54:25Z INFO ActionCommandManager] Register action command extension for command set-output
[2025-11-20 09:54:25Z INFO ActionCommandManager] Register action command extension for command save-state
[2025-11-20 09:54:25Z INFO ActionCommandManager] Register action command extension for command add-path
[2025-11-20 09:54:25Z INFO ActionCommandManager] Register action command extension for command add-mask
[2025-11-20 09:54:25Z INFO ActionCommandManager] Register action command extension for command add-matcher
[2025-11-20 09:54:25Z INFO ActionCommandManager] Register action command extension for command remove-matcher
[2025-11-20 09:54:25Z INFO ActionCommandManager] Register action command extension for command warning
[2025-11-20 09:54:25Z INFO ActionCommandManager] Register action command extension for command error
[2025-11-20 09:54:25Z INFO ActionCommandManager] Register action command extension for command notice
[2025-11-20 09:54:25Z INFO ActionCommandManager] Register action command extension for command debug
[2025-11-20 09:54:25Z INFO ActionCommandManager] Register action command extension for command group
[2025-11-20 09:54:25Z INFO ActionCommandManager] Register action command extension for command endgroup
[2025-11-20 09:54:25Z INFO ActionCommandManager] Register action command extension for command echo
[2025-11-20 09:54:25Z INFO HostContext] Well known directory 'Bin': 'C:\Projects\unity-build-pipeline\actions-runner\bin'
[2025-11-20 09:54:25Z INFO HostContext] Well known directory 'Root': 'C:\Projects\unity-build-pipeline\actions-runner'
[2025-11-20 09:54:25Z INFO HostContext] Well known directory 'Externals': 'C:\Projects\unity-build-pipeline\actions-runner\externals'
[2025-11-20 09:54:25Z INFO ProcessInvokerWrapper] Starting process:
[2025-11-20 09:54:25Z INFO ProcessInvokerWrapper]   File name: 'C:\Projects\unity-build-pipeline\actions-runner\externals\node20\bin\node.exe'
[2025-11-20 09:54:25Z INFO ProcessInvokerWrapper]   Arguments: '"C:\Projects\unity-build-pipeline\actions-runner\_work\_actions\actions\checkout\v4\dist/index.js"'
[2025-11-20 09:54:25Z INFO ProcessInvokerWrapper]   Working directory: 'C:\Projects\unity-build-pipeline\actions-runner\_work\unity-build-pipeline\unity-build-pipeline'
[2025-11-20 09:54:25Z INFO ProcessInvokerWrapper]   Require exit code zero: 'False'
[2025-11-20 09:54:25Z INFO ProcessInvokerWrapper]   Encoding web name: utf-8 ; code page: '65001'
[2025-11-20 09:54:25Z INFO ProcessInvokerWrapper]   Force kill process on cancellation: 'False'
[2025-11-20 09:54:25Z INFO ProcessInvokerWrapper]   Redirected STDIN: 'False'
[2025-11-20 09:54:25Z INFO ProcessInvokerWrapper]   Persist current code page: 'True'
[2025-11-20 09:54:25Z INFO ProcessInvokerWrapper]   Keep redirected STDIN open: 'False'
[2025-11-20 09:54:25Z INFO ProcessInvokerWrapper]   High priority process: 'False'
[2025-11-20 09:54:25Z INFO ProcessInvokerWrapper] Process started with process id 49068, waiting for process exit.
[2025-11-20 09:54:25Z INFO JobServerQueue] Tried to upload 1 file(s) to results, success rate: 1/1.
[2025-11-20 09:54:25Z INFO JobServerQueue] Try to append 1 batches web console lines for record 'b4f69f42-813c-4b18-9a9a-050ae6ea4b90', success rate: 1/1.
[2025-11-20 09:54:25Z INFO JobServerQueue] Try to append 1 batches web console lines for record '72b79338-c984-4666-ac31-975cc3cc1501', success rate: 1/1.
[2025-11-20 09:54:25Z INFO JobServerQueue] Try to append 1 batches web console lines for record '95871dc6-30b9-4055-8888-8bd7d6c2fde1', success rate: 1/1.
[2025-11-20 09:54:25Z INFO AddMaskCommandExtension] Add new secret mask with length of 32
[2025-11-20 09:54:25Z INFO JobServerQueue] Try to append 1 batches web console lines for record '95871dc6-30b9-4055-8888-8bd7d6c2fde1', success rate: 1/1.
[2025-11-20 09:54:25Z INFO JobServerQueue] Try to upload 1 log files or attachments, success rate: 1/1.
[2025-11-20 09:54:26Z INFO JobServerQueue] Got a step log file to send to results service.
[2025-11-20 09:54:26Z INFO JobServerQueue] Starting upload of step log file to results service ResultsLog, C:\Projects\unity-build-pipeline\actions-runner\_diag\blocks\a025a58e-34c9-45a3-97e4-1789d5323469_b4f69f42-813c-4b18-9a9a-050ae6ea4b90.1
[2025-11-20 09:54:26Z INFO JobServerQueue] Try to append 1 batches web console lines for record '95871dc6-30b9-4055-8888-8bd7d6c2fde1', success rate: 1/1.
[2025-11-20 09:54:27Z INFO JobServerQueue] Got a step log file to send to results service.
[2025-11-20 09:54:27Z INFO JobServerQueue] Starting upload of step log file to results service ResultsLog, C:\Projects\unity-build-pipeline\actions-runner\_diag\blocks\a025a58e-34c9-45a3-97e4-1789d5323469_72b79338-c984-4666-ac31-975cc3cc1501.1
[2025-11-20 09:54:27Z INFO JobServerQueue] Try to append 1 batches web console lines for record '95871dc6-30b9-4055-8888-8bd7d6c2fde1', success rate: 1/1.
[2025-11-20 09:54:28Z INFO JobServerQueue] Tried to upload 2 file(s) to results, success rate: 2/2.
[2025-11-20 09:54:28Z INFO HostContext] Well known directory 'Bin': 'C:\Projects\unity-build-pipeline\actions-runner\bin'
[2025-11-20 09:54:28Z INFO HostContext] Well known directory 'Root': 'C:\Projects\unity-build-pipeline\actions-runner'
[2025-11-20 09:54:28Z INFO HostContext] Well known directory 'Work': 'C:\Projects\unity-build-pipeline\actions-runner\_work'
[2025-11-20 09:54:28Z INFO JobServerQueue] Try to append 1 batches web console lines for record '95871dc6-30b9-4055-8888-8bd7d6c2fde1', success rate: 1/1.
[2025-11-20 09:54:29Z INFO JobServerQueue] Try to append 1 batches web console lines for record '95871dc6-30b9-4055-8888-8bd7d6c2fde1', success rate: 1/1.
[2025-11-20 09:54:29Z INFO ProcessInvokerWrapper] STDOUT/STDERR stream read finished.
[2025-11-20 09:54:29Z INFO ProcessInvokerWrapper] STDOUT/STDERR stream read finished.
[2025-11-20 09:54:29Z INFO ProcessInvokerWrapper] Finished process 49068 with exit code 0, and elapsed time 00:00:04.8752454.
[2025-11-20 09:54:29Z INFO CreateStepSummaryCommand] Step Summary file (C:\Projects\unity-build-pipeline\actions-runner\_work\_temp\_runner_file_commands\step_summary_5be688f0-6357-45c3-9cf6-d5f1a838aed3) is empty; skipping attachment upload
[2025-11-20 09:54:29Z INFO StepsRunner] Step result: 
[2025-11-20 09:54:29Z INFO ExecutionContext] Publish step telemetry for current step {
  "action": "actions/checkout",
  "ref": "v4",
  "type": "node20",
  "stage": "Post",
  "stepId": "95871dc6-30b9-4055-8888-8bd7d6c2fde1",
  "result": "succeeded",
  "errorMessages": [],
  "executionTimeInSeconds": 5,
  "startTime": "2025-11-20T09:54:25.0024607Z",
  "finishTime": "2025-11-20T09:54:29.9165085Z"
***.
[2025-11-20 09:54:29Z INFO StepsRunner] No need for updating job result with current step result 'Succeeded'.
[2025-11-20 09:54:29Z INFO StepsRunner] Current state: job state = 'Failed'
[2025-11-20 09:54:29Z INFO JobRunner] Finalize job.
[2025-11-20 09:54:29Z INFO HostContext] Well known directory 'Bin': 'C:\Projects\unity-build-pipeline\actions-runner\bin'
[2025-11-20 09:54:29Z INFO HostContext] Well known directory 'Root': 'C:\Projects\unity-build-pipeline\actions-runner'
[2025-11-20 09:54:29Z INFO HostContext] Well known directory 'Diag': 'C:\Projects\unity-build-pipeline\actions-runner\_diag'
[2025-11-20 09:54:29Z INFO HostContext] Well known directory 'Bin': 'C:\Projects\unity-build-pipeline\actions-runner\bin'
[2025-11-20 09:54:29Z INFO HostContext] Well known directory 'Root': 'C:\Projects\unity-build-pipeline\actions-runner'
[2025-11-20 09:54:29Z INFO HostContext] Well known directory 'Diag': 'C:\Projects\unity-build-pipeline\actions-runner\_diag'
[2025-11-20 09:54:29Z INFO JobExtension] Initialize Env context
[2025-11-20 09:54:29Z INFO JobExtension] Initialize steps context
[2025-11-20 09:54:29Z INFO JobExtension] Total accessible running process: 390.
[2025-11-20 09:54:29Z INFO JobExtension] Inspecting process environment variables. PID: 21828 (chrome)
[2025-11-20 09:54:29Z INFO JobExtension] Inspecting process environment variables. PID: 94856 (chrome)
[2025-11-20 09:54:29Z INFO JobExtension] Inspecting process environment variables. PID: 15772 (chrome)
[2025-11-20 09:54:29Z INFO JobExtension] Inspecting process environment variables. PID: 59316 (chrome)
[2025-11-20 09:54:29Z INFO JobExtension] Inspecting process environment variables. PID: 48180 (chrome)
[2025-11-20 09:54:29Z INFO JobExtension] Inspecting process environment variables. PID: 28260 (chrome)
[2025-11-20 09:54:29Z INFO JobExtension] Inspecting process environment variables. PID: 47780 (chrome)
[2025-11-20 09:54:29Z INFO JobExtension] Inspecting process environment variables. PID: 34508 (SearchProtocolHost)
[2025-11-20 09:54:29Z INFO JobExtension] Inspecting process environment variables. PID: 7612 (chrome)
[2025-11-20 09:54:29Z INFO ExecutionContext] Publish step telemetry for current step {
  "action": "complete_job",
  "type": "runner",
  "stage": "Post",
  "stepId": "7c18d5d8-73c5-464c-8e9a-de260f368872",
  "result": "succeeded",
  "errorMessages": [],
  "executionTimeInSeconds": 1,
  "startTime": "2025-11-20T09:54:29.919422Z",
  "finishTime": "2025-11-20T09:54:29.9929152Z"
***.
[2025-11-20 09:54:29Z INFO JobRunner] Job result after all job steps finish: Failed
[2025-11-20 09:54:29Z INFO JobRunner] Completing the job execution context.
[2025-11-20 09:54:30Z INFO JobRunner] Shutting down the job server queue.
[2025-11-20 09:54:30Z INFO JobServerQueue] Fire signal to shutdown all queues.
[2025-11-20 09:54:30Z INFO JobServerQueue] All queue process task stopped.
[2025-11-20 09:54:30Z INFO JobServerQueue] Try to append 1 batches web console lines for record '95871dc6-30b9-4055-8888-8bd7d6c2fde1', success rate: 1/1.
[2025-11-20 09:54:30Z INFO JobServerQueue] Try to append 1 batches web console lines for record '7c18d5d8-73c5-464c-8e9a-de260f368872', success rate: 1/1.
[2025-11-20 09:54:30Z INFO JobServerQueue] Web console line queue drained.
[2025-11-20 09:54:30Z INFO JobServerQueue] Uploading 3 files in one shot.
[2025-11-20 09:54:30Z INFO JobServerQueue] Try to upload 3 log files or attachments, success rate: 3/3.
[2025-11-20 09:54:30Z INFO JobServerQueue] File upload queue drained.
[2025-11-20 09:54:30Z INFO JobServerQueue] Starting results-based upload queue...
[2025-11-20 09:54:30Z INFO JobServerQueue] Uploading 3 file(s) in one shot through results service.
[2025-11-20 09:54:30Z INFO JobServerQueue] Got a step log file to send to results service.
[2025-11-20 09:54:30Z INFO JobServerQueue] Starting upload of step log file to results service ResultsLog, C:\Projects\unity-build-pipeline\actions-runner\_diag\blocks\a025a58e-34c9-45a3-97e4-1789d5323469_95871dc6-30b9-4055-8888-8bd7d6c2fde1.1
[2025-11-20 09:54:31Z INFO JobServerQueue] Got a step log file to send to results service.
[2025-11-20 09:54:31Z INFO JobServerQueue] Starting upload of step log file to results service ResultsLog, C:\Projects\unity-build-pipeline\actions-runner\_diag\blocks\a025a58e-34c9-45a3-97e4-1789d5323469_7c18d5d8-73c5-464c-8e9a-de260f368872.1
[2025-11-20 09:54:32Z INFO JobServerQueue] Got a job log file to send to results service.
[2025-11-20 09:54:32Z INFO JobServerQueue] Starting upload of job log file to results service ResultsLog, C:\Projects\unity-build-pipeline\actions-runner\_diag\blocks\a025a58e-34c9-45a3-97e4-1789d5323469_83b2ceca-3548-5542-90e6-05c20fe8cd6a.1
[2025-11-20 09:54:34Z INFO JobServerQueue] Tried to upload 3 file(s) to results, success rate: 3/3.
[2025-11-20 09:54:34Z INFO JobServerQueue] Results upload queue drained.
[2025-11-20 09:54:34Z INFO JobServerQueue] Timeline update queue drained.
[2025-11-20 09:54:34Z INFO JobServerQueue] Disposing job server ...
[2025-11-20 09:54:34Z INFO JobServerQueue] Disposing results server ...
[2025-11-20 09:54:34Z INFO JobServerQueue] All queue process tasks have been stopped, and all queues are drained.
[2025-11-20 09:54:34Z INFO TempDirectoryManager] Cleaning runner temp folder: C:\Projects\unity-build-pipeline\actions-runner\_work\_temp
[2025-11-20 09:54:34Z INFO HostContext] Well known directory 'Bin': 'C:\Projects\unity-build-pipeline\actions-runner\bin'
[2025-11-20 09:54:34Z INFO HostContext] Well known directory 'Root': 'C:\Projects\unity-build-pipeline\actions-runner'
[2025-11-20 09:54:34Z INFO HostContext] Well known directory 'Diag': 'C:\Projects\unity-build-pipeline\actions-runner\_diag'
[2025-11-20 09:54:34Z INFO HostContext] Well known config file 'Telemetry': 'C:\Projects\unity-build-pipeline\actions-runner\_diag\.telemetry'
[2025-11-20 09:54:34Z INFO JobRunner] Raising job completed against run service
[2025-11-20 09:54:36Z INFO Worker] Job completed.
